id,lesson_id,term,meaning,pronunciation,word_class,example_sentence,vietnamese_term,vietnamese_meaning,english_headword_id,vietnamese_headword_id,is_common,created_at,updated_at
000d7903-68d4-4fbe-9198-b077e490439f,113a8d3e-ddda-4419-9a38-fde75df58c3e,Excited,Feeling enthusiasm,ɪkˈsaɪ.tɪd,adjective,I excited trip.,Phấn khích,Cảm giác hạnh,,,true,2026-03-26 14:30:40.658877,2026-03-26 14:30:40.658877
000f9e6b-19be-4d5f-84da-2b6249aaedd4,a6f9ef68-d647-4df6-9121-19ec9c0fee72,Good morning,Morning greeting,ˌɡʊd ˈmɔr.nɪŋ,phrase,Good morning today.,Chào sáng,Lời chào sáng,,,true,2026-03-26 14:30:40.658877,2026-03-26 14:30:40.658877
001e3042-a4cf-4cb2-ba90-d71280bfdb68,12c09afc-e4cd-4cc3-b911-1e5d9e07c387,Scared,Feeling fear,skɛrd,adjective,Child scared dark.,Sợ,Cảm giác sợ,,,true,2026-03-26 14:30:40.658877,2026-03-26 14:30:40.658877
00326b2a-553b-48af-9f2c-ea63b02973e2,967cb953-d9f0-413d-9444-c2de97d17102,Style,Distinctive manner,staɪl,noun,Author has unique style.,Phong cách,Cách biểu đạt,,,true,2026-03-26 14:30:40.658877,2026-03-26 14:30:40.658877
0039e3d4-46b0-43b6-984c-0dd683122ee2,71802fc1-9c2b-49d9-93ca-0140d294e318,surgery,medical operation,/surgery/,danh từ,surgery example,surgery,Một khái niệm liên quan đến health,,,true,2026-03-18 23:27:06.141,2026-03-18 23:27:06.141
006a51b6-59a9-40cf-9e77-8eed29b9ce51,aa794f3a-f98a-43df-8271-67b923f0f383,Proud,Feeling pride,praʊd,adjective,I proud you.,Tự hào,Cảm giác hạnh,,,true,2026-03-26 14:30:40.658877,2026-03-26 14:30:40.658877
00f1ee2d-28c0-4225-8cea-10ae0ab69906,6099eea9-f4d6-4738-9662-d01b6f6f2a12,desk,furniture for sitting and writing,/desk/,danh từ,desk example,desk,Một khái niệm liên quan đến school,,,true,2026-03-18 23:27:06.141,2026-03-18 23:27:06.141
0113e23a-adce-4d32-93b2-374bf5bcc664,764cc2ce-f217-4c78-9799-04685ba95ab7,pants,a garment covering legs,pænts,danh từ,Blue pants look good,quần,quần áo che phủ chân,,,true,2026-03-18 23:26:07.668,2026-03-18 23:26:07.668
0115d48b-10cd-4fd7-b7b4-89509f20fdfb,f2546e9a-13dd-460f-97a6-4a9d4903e6be,Jealous,Feeling envy,ˈdʒɛl.əs,adjective,Jealous sister.,Ghen tị,Cảm giác ghen,,,true,2026-03-26 14:30:40.658877,2026-03-26 14:30:40.658877
01302179-50d9-43a5-99ef-79cf34115ceb,59baddf7-e856-4276-9fab-c2cbd73c8911,Proud,Feeling pride,praʊd,adjective,I proud you.,Tự hào,Cảm giác hạnh,,,true,2026-03-26 14:30:40.658877,2026-03-26 14:30:40.658877
01508c6f-6a7d-4ecd-833f-6c05d70c8b19,d0d60af4-a86f-4442-a1a0-892d2a5cdbd3,Nihilism,Nothing meaning belief,ˈnaɪ.ə.lɪz.əm,noun,Nihilism values denies.,Vô chủ nghĩa,Niềm tin,,,true,2026-03-26 14:30:40.658877,2026-03-26 14:30:40.658877
0159b9e6-5974-405e-88c8-99eda9ac20cc,fed0d635-a1bb-4732-bb7a-b8caf4c21b12,suitcase,large bag with wheels,/suitcase/,danh từ,suitcase example,suitcase,Một khái niệm liên quan đến travel,,,true,2026-03-18 23:27:06.141,2026-03-18 23:27:06.141
01f5e11b-92d9-46d6-afc1-518615bfa168,3ee29751-c03a-4df1-b428-51e2797aba31,Existentialism,Existence philosophy,ˌɛɡ.zɪˈstɛn.ʃə.lɪz.əm,noun,Existentialism freedom.,Hiện sinh chủ,Triết học,,,true,2026-03-26 14:30:40.658877,2026-03-26 14:30:40.658877
0221b985-f7cd-4e10-8736-c508cfae2b59,29889dcf-a772-4499-bf3b-826af93ea3b0,Tired,Feeling exhaustion,ˈtaɪɚd,adjective,I tired after work.,Mệt,Cảm giác mỏi,,,true,2026-03-26 14:30:40.658877,2026-03-26 14:30:40.658877
0246e9a8-5a4b-4d09-88d5-ed81ec4a86e7,d57a850d-30c0-4988-a53f-fc9638884178,Stoicism,Virtue philosophy,ˈstoʊ.ɪ.sɪz.əm,noun,Stoicism teaches acceptance.,Khắc kỷ,Triết học,,,true,2026-03-26 14:30:40.658877,2026-03-26 14:30:40.658877
026754f8-e905-4203-8b1b-7e525581bcd3,0ceda941-9b55-403f-abf7-fb080315789d,thursday,the fifth day of the week; the day after Wednesday,ˈθɜːrzdeɪ,danh từ,Thursday I play ball,thứ năm,Ngày thứ năm của tuần; ngày sau Thứ tư,,,true,2026-03-18 23:22:53.645,2026-03-18 23:22:53.645
02ca1090-200c-4faa-bd26-1b66835dcb6d,1e70a4e8-5e55-4666-9f9b-2ba140d9031b,doctor,person who treats sick people,/doctor/,danh từ,doctor example,bác sĩ,Một khái niệm liên quan đến jobs,,,true,2026-03-18 23:27:06.141,2026-03-18 23:27:06.141
02e80b5d-0aa4-4a65-bb78-b76b44117883,d0d60af4-a86f-4442-a1a0-892d2a5cdbd3,Vice,Moral fault,vaɪs,noun,Vice unhappiness.,Tội lỗi,Lỗi đạo,,,true,2026-03-26 14:30:40.658877,2026-03-26 14:30:40.658877
030ba0d7-b886-4b59-a09f-24f08ce6a718,3bbde304-12b8-40b2-a620-510efc4a776f,Nine,Number 9,naɪn,number,I have nine flowers.,Chín,Số 9,,,true,2026-03-26 14:30:40.658877,2026-03-26 14:30:40.658877
0310df17-66a0-4046-89b8-edd31d841089,3ee29751-c03a-4df1-b428-51e2797aba31,Dialectic,Argument method,daɪˈælɛk.tɪk,noun,Hegel dialectic used.,Biện luận,Phương pháp,,,true,2026-03-26 14:30:40.658877,2026-03-26 14:30:40.658877
03270dfe-9deb-496e-b929-9328ddd4801c,644fe377-999e-4856-ae36-3bbea5352c69,Grandmother,Mother of parent,ˈɡræn.ˌmʌð.ɚ,noun,Grandmother tells stories.,Bà,"Ngoại, nội",,,true,2026-03-26 14:30:40.658877,2026-03-26 14:30:40.658877
033910a0-6447-4340-854e-17cca55b77cb,cdf5e6d8-efec-4421-8c70-814cd0fff4e7,cash,physical currency,/cash/,danh từ,cash example,cash,Một khái niệm liên quan đến finance,,,true,2026-03-18 23:27:06.141,2026-03-18 23:27:06.141
0372a3a8-3ff5-492b-a219-5ff8f201314b,967cb953-d9f0-413d-9444-c2de97d17102,Genre,Category of art,ˈʒɑn.rə,noun,Mystery is my genre.,Thể loại,Danh mục nghệ thuật,,,true,2026-03-26 14:30:40.658877,2026-03-26 14:30:40.658877
0385c29e-2371-4b0a-951c-5bf334e1bf75,f5e165ea-d9f9-45d5-90d3-2acf41ea2d21,ten,the number 10; ten fingers and toes,ten,danh từ,Ten is round number,số mười,Số 10; mười ngón tay và ngón chân,,,true,2026-03-18 23:22:53.645,2026-03-18 23:22:53.645
0397193e-73b0-4ddf-9f31-1b1f617ada72,923f19cb-bd8c-4b71-b762-0f409c965762,Ethics,Moral principles,ˈɛθ.ɪks,noun,Ethics guide decisions.,Đạo đức,Nguyên tắc,,,true,2026-03-26 14:30:40.658877,2026-03-26 14:30:40.658877
03a8dca3-b63d-444d-b79e-5c25ffab3230,1e983eef-be0a-4a27-abd9-c548efdf1633,Aunt,Parent sister,ænt,noun,Aunt bakes cakes.,Cô dì,Chị em bố mẹ,,,true,2026-03-26 14:30:40.658877,2026-03-26 14:30:40.658877
03bf0531-624d-4b5d-926d-7433ea391193,169b29f8-cd25-4fd5-9e0c-bcf9fdd56b6a,I am fine,Good response,ˌaɪm ˈfaɪn,phrase,I am fine thanks.,Tôi khỏe,Phản hồi tốt,,,true,2026-03-26 14:30:40.658877,2026-03-26 14:30:40.658877
03c6a332-5495-46db-80a6-0f8b1fd57df6,563bcdd8-3e04-4744-947b-08885bc9308b,Son,Male child,sʌn,noun,He has son.,Con trai,Đứa con nam,,,true,2026-03-26 14:30:40.658877,2026-03-26 14:30:40.658877
03c6dfdd-4ae5-43b5-aa10-46f85668af04,411c419a-c126-40a3-bbe9-068a951b9026,One,Number 1,wʌn,number,I have one cat.,Một,Số 1,,,true,2026-03-26 14:30:40.658877,2026-03-26 14:30:40.658877
03d00135-30c8-4ff3-8136-fa7e136a1127,d57a850d-30c0-4988-a53f-fc9638884178,Ethics,Moral principles,ˈɛθ.ɪks,noun,Ethics guide decisions.,Đạo đức,Nguyên tắc,,,true,2026-03-26 14:30:40.658877,2026-03-26 14:30:40.658877
03d23598-9502-459d-b4b1-ae0b457712d4,805d2653-cac0-438b-953b-cb1f832c4321,Logic,Reasoning system,ˈlɑdʒ.ɪk,noun,Logic basis philosophy.,Lôgic,Hệ thống,,,true,2026-03-26 14:30:40.658877,2026-03-26 14:30:40.658877
03d9be4a-77d7-47a6-979d-2b559f53e0e1,c4f69ac2-b089-44ca-a48e-67f1636f0314,mother,a female parent; mom; woman who has children,ˈmʌðər,danh từ,My mother loves me,mẹ,Người mẹ; phụ nữ lớn tuổi nhất; người mẹ,,,true,2026-03-18 23:22:53.645,2026-03-18 23:22:53.645
043c95f0-695b-4d1d-82f9-5643bd403e8a,6b254450-7004-433c-bf69-1fb053a62f52,Sad,Feeling sorrow,sæd,adjective,He feels sad loss.,Buồn,Cảm giác buồn,,,true,2026-03-26 14:30:40.658877,2026-03-26 14:30:40.658877
04c89306-6090-4789-be91-3e8ef71bcbf7,370abe73-2ce6-40b0-b3ef-82d8f9857e1f,Pragmatism,Results based,ˈpræɡ.mə.tɪz.əm,noun,Pragmatism results.,Thực dụng,Dựa trên,,,true,2026-03-26 14:30:40.658877,2026-03-26 14:30:40.658877
04cb31dd-03a1-4d0c-bc04-aa93c5d60faf,dab29c7e-633e-4611-83f9-6a1781fed230,Ontology,Existence study,ɑnˈtɑl.ə.dʒi,noun,Ontology explores reality.,Bản thể luận,Sự tồn tại,,,true,2026-03-26 14:30:40.658877,2026-03-26 14:30:40.658877
04dc0c84-a42a-4357-ad0d-dfe8de649bb4,ac13c7e8-492c-46d1-b46e-755272c6d9d6,Ethics,Moral principles,ˈɛθ.ɪks,noun,Ethics guide decisions.,Đạo đức,Nguyên tắc,,,true,2026-03-26 14:30:40.658877,2026-03-26 14:30:40.658877
04e35180-31ca-458b-9542-3429765f19e1,c4423548-9463-45ef-bc70-285c0c8c3ea1,Virtue,Moral quality,ˈvɝ.tʃu,noun,Virtue happiness path.,Đức hạnh,Phẩm chất,,,true,2026-03-26 14:30:40.658877,2026-03-26 14:30:40.658877
0512a585-8f02-4101-b4af-eb28595f0bfb,b16db79c-1b16-46bf-9bd8-3596a44d8609,Uncle,Parent brother,ˈʌŋ.kəl,noun,Uncle visits every week.,Chú bác,Anh em bố mẹ,,,true,2026-03-26 14:30:40.658877,2026-03-26 14:30:40.658877
0559b7c4-c59a-4a0e-b14e-ae86dd26417a,afa3e499-8717-431c-93a3-3d851d68fc7e,Son,Male child,sʌn,noun,He has son.,Con trai,Đứa con nam,,,true,2026-03-26 14:30:40.658877,2026-03-26 14:30:40.658877
05767400-36ee-4608-b31a-6fc602556a80,7cf8f06f-0441-4076-a651-76da132eb2bf,Twelve,Number 12,twɛlv,number,Twelve months here.,Mười hai,Số 12,,,true,2026-03-26 14:30:40.658877,2026-03-26 14:30:40.658877
057fc74d-0e86-408c-8d1d-34de54eab4ce,88443e68-aebe-44f0-800c-c17266b21ff9,Angry,Feeling rage,ˈæŋ.ɡri,adjective,She is angry us.,Tức giận,Cảm giác giận,,,true,2026-03-26 14:30:40.658877,2026-03-26 14:30:40.658877
05834635-9e4a-422d-9c57-b4c28dc0834b,0ceda941-9b55-403f-abf7-fb080315789d,august,the eighth month of the year; summer month,ˈɔːɡəst,danh từ,August is still hot,tháng tám,Tháng thứ tám của năm; tháng mùa hè,,,true,2026-03-18 23:22:53.645,2026-03-18 23:22:53.645
05ab7e74-e43a-4918-8132-7b4ee378f957,0a01cbc9-8eaf-40d0-85f9-f4ad9a7fd19c,Conflict,Main problem,ˈkɑn.flɪkt,noun,Conflict drives the plot.,Xung đột,Vấn đề chính,,,true,2026-03-26 14:30:40.658877,2026-03-26 14:30:40.658877
05d69c42-3d85-462f-8c63-de54f37c8267,819c177f-eeaa-482b-9a10-e90cca890e76,Worried,Feeling anxiety,ˈwɝ.id,adjective,Worried exam.,Lo lắng,Cảm giác lo,,,true,2026-03-26 14:30:40.658877,2026-03-26 14:30:40.658877
065cf12d-1ac4-4826-801a-3480e412d11b,764cc2ce-f217-4c78-9799-04685ba95ab7,dress,a one-piece garment for women,dres,danh từ,Pretty dress for party,váy đầm,quần áo một mảnh cho nữ,,,true,2026-03-18 23:26:07.668,2026-03-18 23:26:07.668
067b18b2-d860-4fb4-8e03-25290cc16fd8,923f19cb-bd8c-4b71-b762-0f409c965762,Ontology,Existence study,ɑnˈtɑl.ə.dʒi,noun,Ontology explores reality.,Bản thể luận,Sự tồn tại,,,true,2026-03-26 14:30:40.658877,2026-03-26 14:30:40.658877
06823cc6-bae7-4c10-a12b-82ce4f393e0b,34931917-34dc-4ea8-af60-d0d01b00cc86,deadline,time limit for completion,/deadline/,danh từ,deadline example,deadline,Một khái niệm liên quan đến business,,,true,2026-03-18 23:27:06.141,2026-03-18 23:27:06.141
06e3b3de-0fee-4155-8a02-d0eec7ed029e,c93ab659-8f04-4947-b4fc-e9b66409b54f,Dialectic,Argument method,daɪˈælɛk.tɪk,noun,Hegel dialectic used.,Biện luận,Phương pháp,,,true,2026-03-26 14:30:40.658877,2026-03-26 14:30:40.658877
07045dc6-41d0-4338-b7a3-64ffdfa9cf07,c1c8f750-8c0e-4b88-89d9-149307fdb3e2,crafting,making items with hands,/crafting/,danh từ,crafting example,crafting,Một khái niệm liên quan đến hobbies,,,true,2026-03-18 23:27:06.141,2026-03-18 23:27:06.141
0712fd65-afe2-4bde-ad62-33b2aa20306a,484c0e0d-e1af-4005-87ba-675dd65a4bae,Son,Male child,sʌn,noun,He has son.,Con trai,Đứa con nam,,,true,2026-03-26 14:30:40.658877,2026-03-26 14:30:40.658877
0728285e-9ee7-4c18-b362-7193ed93042a,444c779c-e14e-4d61-8461-f6ecf6ddf27b,Jealous,Feeling envy,ˈdʒɛl.əs,adjective,Jealous sister.,Ghen tị,Cảm giác ghen,,,true,2026-03-26 14:30:40.658877,2026-03-26 14:30:40.658877
0767547b-9009-46f0-afeb-008abd0c7c58,e62729fd-2c68-41d8-8dea-aec377434133,Pragmatism,Results based,ˈpræɡ.mə.tɪz.əm,noun,Pragmatism results.,Thực dụng,Dựa trên,,,true,2026-03-26 14:30:40.658877,2026-03-26 14:30:40.658877
0774abdd-2d27-4fd7-91ba-081c670a2094,b48f8788-ab02-4e87-a86b-e4cda07b2a8d,Baby,Young child,ˈbeɪ.bi,noun,Baby is sleeping.,Em bé,Trẻ sơ sinh,,,true,2026-03-26 14:30:40.658877,2026-03-26 14:30:40.658877
07c2ff88-483e-4cfa-a794-4b994784b7ea,84b45efa-148b-4307-94b0-ebaae6c7b32a,Ethics,Moral principles,ˈɛθ.ɪks,noun,Ethics guide decisions.,Đạo đức,Nguyên tắc,,,true,2026-03-26 14:30:40.658877,2026-03-26 14:30:40.658877
07c811fe-4458-47be-970d-f68c071b7644,c326f285-fc07-4764-a284-b7222d917173,Husband,Married man,ˈhʌz.bənd,noun,Her husband is doctor.,Chồng,Người đàn ông kết,,,true,2026-03-26 14:30:40.658877,2026-03-26 14:30:40.658877
07c9f1eb-6899-47da-8403-5cf8360d49c5,0c65a440-ca84-4f96-a502-a5c9aebdef77,sprite,a lemon-lime flavored soda,/sprite/,danh từ,Sprite is cold,sprite,soda vị chanh-bạc hà,,,true,2026-03-18 23:26:07.668,2026-03-18 23:26:07.668
07cf7430-f40c-46bc-ac20-9d1f6a4c7023,e62729fd-2c68-41d8-8dea-aec377434133,Ethics,Moral principles,ˈɛθ.ɪks,noun,Ethics guide decisions.,Đạo đức,Nguyên tắc,,,true,2026-03-26 14:30:40.658877,2026-03-26 14:30:40.658877
07d5333f-e162-4c3e-b3a5-e15b9989c384,1a91724d-2d99-4c3f-a140-ea1e6c617aeb,Five,Number 5,faɪv,number,I have five fingers.,Năm,Số 5,,,true,2026-03-26 14:30:40.658877,2026-03-26 14:30:40.658877
07db0146-7720-44a1-afbd-8a1c81090d73,f35e320a-ec1d-497e-90b9-830150a5f34d,Aesthetics,Beauty study,ɛsˈθɛt.ɪks,noun,Aesthetics beauty.,Thẩm mỹ,Nghiên cứu,,,true,2026-03-26 14:30:40.658877,2026-03-26 14:30:40.658877
07e35e58-a50b-4c32-a200-be638e21aa62,f5e165ea-d9f9-45d5-90d3-2acf41ea2d21,first,1st position; not second,/first/,danh từ,He finished first,thứ nhất,Vị trí đầu tiên; không phải thứ hai,,,true,2026-03-18 23:22:53.645,2026-03-18 23:22:53.645
07f55d9d-a145-41d7-8181-ea68446921ae,370abe73-2ce6-40b0-b3ef-82d8f9857e1f,Nihilism,Nothing meaning belief,ˈnaɪ.ə.lɪz.əm,noun,Nihilism values denies.,Vô chủ nghĩa,Niềm tin,,,true,2026-03-26 14:30:40.658877,2026-03-26 14:30:40.658877
081ab0fb-3fd8-4897-ab24-a33a0a99a6ea,c19483d2-a4f7-462e-a5b8-6fb57f61ef95,Mother,Female parent,ˈmʌð.ɚ,noun,My mother is kind.,Mẹ,Cha mẹ nữ,,,true,2026-03-26 14:30:40.658877,2026-03-26 14:30:40.658877
0862407d-c8e6-4773-9316-26811c6f262f,0f7467d0-de49-4732-a5eb-3d62ebbb0bf2,cat,a domestic animal that meows; popular pet,kæt,danh từ,Cat likes chair,mèo,Một con vật nuôi phổ biến; vật nuôi kêu meo,,,true,2026-03-18 23:22:53.645,2026-03-18 23:22:53.645
08764660-0b0d-4655-be4c-1dfc35950a7a,5dd944a2-6707-4592-a3c4-99c480de8197,Happy,Feeling joy,ˈhæp.i,adjective,I am happy today.,Vui,Cảm giác vui,,,true,2026-03-26 14:30:40.658877,2026-03-26 14:30:40.658877
087ca068-2f5d-4825-b20d-3d28c85d4c84,0a01cbc9-8eaf-40d0-85f9-f4ad9a7fd19c,Climax,Peak of tension,ˈklaɪ.mæks,noun,The climax happened suddenly.,Đỉnh điểm,Điểm cao nhất,,,true,2026-03-26 14:30:40.658877,2026-03-26 14:30:40.658877
08aadd19-43a3-4303-8ac5-d945b82b84cf,ef83ea3c-996c-4048-8968-7237e72a6e5d,Uncle,Parent brother,ˈʌŋ.kəl,noun,Uncle visits every week.,Chú bác,Anh em bố mẹ,,,true,2026-03-26 14:30:40.658877,2026-03-26 14:30:40.658877
08f52c44-22b8-4ba4-8a88-099c9ceb4d6f,79c47bf8-ccad-4d92-807d-c7cdafd034c0,Lonely,Feeling isolation,ˈloʊn.li,adjective,She lonely sometimes.,Cô đơn,Cảm giác cô,,,true,2026-03-26 14:30:40.658877,2026-03-26 14:30:40.658877
09411bb1-3c51-4bd9-9546-109e58354943,819c177f-eeaa-482b-9a10-e90cca890e76,Lonely,Feeling isolation,ˈloʊn.li,adjective,She lonely sometimes.,Cô đơn,Cảm giác cô,,,true,2026-03-26 14:30:40.658877,2026-03-26 14:30:40.658877
0958ef15-9f73-4f9d-9acc-3dfd5200e882,563bcdd8-3e04-4744-947b-08885bc9308b,Wife,Married woman,waɪf,noun,His wife is teacher.,Vợ,Người phụ nữ kết,,,true,2026-03-26 14:30:40.658877,2026-03-26 14:30:40.658877
0989f0b8-f185-413e-bc87-87856832d1d1,cdbc767d-9b38-4792-a420-be0b00b83339,Grandfather,Father of parent,ˈɡræn.ˌfɑ.ðɚ,noun,Grandfather is wise.,Ông,"Ngoại, nội",,,true,2026-03-26 14:30:40.658877,2026-03-26 14:30:40.658877
09a6fc89-f0a9-4094-acdb-26aae91250dc,9c08d2d5-ab12-4b90-9273-35e16928fd20,Aunt,Parent sister,ænt,noun,Aunt bakes cakes.,Cô dì,Chị em bố mẹ,,,true,2026-03-26 14:30:40.658877,2026-03-26 14:30:40.658877
09b803d2-0d53-4345-a559-7ffaa47e6cf9,d4986ac8-fc5b-4d7c-9960-c7a32512ee69,Good morning,Morning greeting,ˌɡʊd ˈmɔr.nɪŋ,phrase,Good morning today.,Chào sáng,Lời chào sáng,,,true,2026-03-26 14:30:40.658877,2026-03-26 14:30:40.658877
0a1867ea-9064-43cf-a1b5-c2b10ef19f42,23517e96-f9dd-4318-8b61-083c140556f8,Stoicism,Virtue philosophy,ˈstoʊ.ɪ.sɪz.əm,noun,Stoicism teaches acceptance.,Khắc kỷ,Triết học,,,true,2026-03-26 14:30:40.658877,2026-03-26 14:30:40.658877
0a3217b3-217c-405a-aed1-59d9b9b44a99,2d825671-b231-4d6a-9c0c-5ec2fa5d7d70,Family,Relatives group,ˈfæm.ə.li,noun,My family is happy.,Gia đình,Nhóm thân,,,true,2026-03-26 14:30:40.658877,2026-03-26 14:30:40.658877
0a3867b9-a46b-460f-921a-2cc36c49b9db,0ceda941-9b55-403f-abf7-fb080315789d,october,the tenth month of the year; autumn month,ɑːkˈtoʊbər,danh từ,October is cool,tháng mười,Tháng thứ mười của năm; tháng mùa thu,,,true,2026-03-18 23:22:53.645,2026-03-18 23:22:53.645
0a50429e-03da-49bb-a883-821b557cc74a,3bbde304-12b8-40b2-a620-510efc4a776f,Six,Number 6,sɪks,number,I have six apples.,Sáu,Số 6,,,true,2026-03-26 14:30:40.658877,2026-03-26 14:30:40.658877
0aa19f99-2712-4005-9f90-6013a1ada0d8,501a150d-fbe9-48ce-be53-52a6f1aeb3ff,Worried,Feeling anxiety,ˈwɝ.id,adjective,Worried exam.,Lo lắng,Cảm giác lo,,,true,2026-03-26 14:30:40.658877,2026-03-26 14:30:40.658877
0acfc3ad-aa60-4814-8963-68c1e33002e3,3bbde304-12b8-40b2-a620-510efc4a776f,Eight,Number 8,eɪt,number,I have eight pens.,Tám,Số 8,,,true,2026-03-26 14:30:40.658877,2026-03-26 14:30:40.658877
0ae8a5c2-ba6f-46e5-9e34-216c7727fa8f,ddea0c96-bacc-484f-9d4d-66d741cc51d8,Have nice day,Wishful farewell,ˌhæv ə ˌnaɪs ˈdeɪ,phrase,Have nice day!,Chúc ngày tốt,Lời chúc,,,true,2026-03-26 14:30:40.658877,2026-03-26 14:30:40.658877
0af9df9e-348f-4257-8914-492de11701f1,12c09afc-e4cd-4cc3-b911-1e5d9e07c387,Proud,Feeling pride,praʊd,adjective,I proud you.,Tự hào,Cảm giác hạnh,,,true,2026-03-26 14:30:40.658877,2026-03-26 14:30:40.658877
0b043ebc-a5fb-44c2-b8fc-034c479de3eb,859a1e12-e633-40e5-b4e2-b7e9dfd2a7d7,scarlet,a bright red color; vivid red,ˈskɑːrlət,danh từ,Bright red flag,màu đỏ rực,Một màu đỏ sáng; đỏ sống động,,,true,2026-03-18 23:22:53.645,2026-03-18 23:22:53.645
0b2a09b6-1fa3-4231-85da-9b22aabdd724,b07f3d0e-a184-4cd0-937d-4f3cbd063d36,Goodbye,Farewell,ˌɡʊdˈbaɪ,interjection,"Goodbye, see you.",Tạm biệt,Lời tạm biệt,,,true,2026-03-26 14:30:40.658877,2026-03-26 14:30:40.658877
0baa1e63-d51f-4328-ab35-1ee90425d9b2,c93ab659-8f04-4947-b4fc-e9b66409b54f,Vice,Moral fault,vaɪs,noun,Vice unhappiness.,Tội lỗi,Lỗi đạo,,,true,2026-03-26 14:30:40.658877,2026-03-26 14:30:40.658877
0bc8e823-50e0-4c6b-bf2c-8ab8d5c47eac,3bbde304-12b8-40b2-a620-510efc4a776f,Three,Number 3,θri,number,I have three birds.,Ba,Số 3,,,true,2026-03-26 14:30:40.658877,2026-03-26 14:30:40.658877
0be42ab1-dc1c-4407-9da7-092ac82efa49,a6f9ef68-d647-4df6-9121-19ec9c0fee72,Welcome,Greet visitor,ˈwɛl.kəm,interjection,Welcome home!,Chào mừng,Lời chào mừng,,,true,2026-03-26 14:30:40.658877,2026-03-26 14:30:40.658877
0bf59b4c-20bd-4bcc-8abc-d6d8dcd97770,0c65a440-ca84-4f96-a502-a5c9aebdef77,energy drink,a drink with caffeine and sugar,/energy_drink/,danh từ,Athletes drink energy drinks,đồ uống tăng lực,đồ uống có caffeine và đường,,,true,2026-03-18 23:26:07.668,2026-03-18 23:26:07.668
0c0c1f7a-3bd8-4b8a-8a5d-ec732d70d086,68cc7887-5460-44f9-a583-9dbf0e95b24d,Epistemology,Knowledge study,ˌɛp.ɪ.stəˈmɑl.ə.dʒi,noun,Epistemology knowledge.,Nhận thức luận,Nghiên cứu,,,true,2026-03-26 14:30:40.658877,2026-03-26 14:30:40.658877
0c2d3fd2-d0b6-42ea-a743-60fdbf14b898,805d2653-cac0-438b-953b-cb1f832c4321,Pragmatism,Results based,ˈpræɡ.mə.tɪz.əm,noun,Pragmatism results.,Thực dụng,Dựa trên,,,true,2026-03-26 14:30:40.658877,2026-03-26 14:30:40.658877
0c2ddfca-50b1-466b-8f76-fd231d7a3620,fed0d635-a1bb-4732-bb7a-b8caf4c21b12,vacation,time away from work,/vacation/,danh từ,vacation example,vacation,Một khái niệm liên quan đến travel,,,true,2026-03-18 23:27:06.141,2026-03-18 23:27:06.141
0c32b5b1-05db-4ce1-94be-ee517ac6fced,59baddf7-e856-4276-9fab-c2cbd73c8911,Worried,Feeling anxiety,ˈwɝ.id,adjective,Worried exam.,Lo lắng,Cảm giác lo,,,true,2026-03-26 14:30:40.658877,2026-03-26 14:30:40.658877
0c8d6ac8-136f-41ff-ab83-15ae9ea733f8,84b45efa-148b-4307-94b0-ebaae6c7b32a,Virtue,Moral quality,ˈvɝ.tʃu,noun,Virtue happiness path.,Đức hạnh,Phẩm chất,,,true,2026-03-26 14:30:40.658877,2026-03-26 14:30:40.658877
0cac4cc5-2eba-49c4-b47c-400a8b420ec7,48adeeb4-ea05-4c89-95d1-7c278e83dedb,Epistemology,Knowledge study,ˌɛp.ɪ.stəˈmɑl.ə.dʒi,noun,Epistemology knowledge.,Nhận thức luận,Nghiên cứu,,,true,2026-03-26 14:30:40.658877,2026-03-26 14:30:40.658877
0caff94d-8099-4cdc-a8ae-0377934c6714,0c65a440-ca84-4f96-a502-a5c9aebdef77,shake,a creamy drink with milk and flavoring,/shake/,danh từ,Vanilla shake is tasty,sinh tố sữa,đồ uống kem với sữa và hương liệu,,,true,2026-03-18 23:26:07.668,2026-03-18 23:26:07.668
0cc7b949-a46e-4a6c-ab62-e1d5350dc877,9c08d2d5-ab12-4b90-9273-35e16928fd20,Grandmother,Mother of parent,ˈɡræn.ˌmʌð.ɚ,noun,Grandmother tells stories.,Bà,"Ngoại, nội",,,true,2026-03-26 14:30:40.658877,2026-03-26 14:30:40.658877
0cf6b6fb-59c7-44a9-b7f1-f87bf02bed69,95ad0b6d-ecef-4e64-9d00-1f9a355214bb,Excited,Feeling enthusiasm,ɪkˈsaɪ.tɪd,adjective,I excited trip.,Phấn khích,Cảm giác hạnh,,,true,2026-03-26 14:30:40.658877,2026-03-26 14:30:40.658877
0cfea7de-1376-4744-a2e3-9c4f814ca3dc,ff02df4a-ece1-4847-923b-0f9273cb89be,Happy,Feeling joy,ˈhæp.i,adjective,I am happy today.,Vui,Cảm giác vui,,,true,2026-03-26 14:30:40.658877,2026-03-26 14:30:40.658877
0d12f89a-2dbc-473d-b606-ace0af200b2c,69d16e3e-74ca-45eb-8c06-8cef65b85134,Logic,Reasoning system,ˈlɑdʒ.ɪk,noun,Logic basis philosophy.,Lôgic,Hệ thống,,,true,2026-03-26 14:30:40.658877,2026-03-26 14:30:40.658877
0dbc65c1-ec39-484e-b82f-1dded4566d6b,a58554ec-5e72-4981-b30c-ce5f10aee993,Existentialism,Existence philosophy,ˌɛɡ.zɪˈstɛn.ʃə.lɪz.əm,noun,Existentialism freedom.,Hiện sinh chủ,Triết học,,,true,2026-03-26 14:30:40.658877,2026-03-26 14:30:40.658877
0dce0026-a297-4f11-992d-d30ca323a5a9,faf4d62d-4fb0-4373-8fd4-3a5360963de1,Sad,Feeling sorrow,sæd,adjective,He feels sad loss.,Buồn,Cảm giác buồn,,,true,2026-03-26 14:30:40.658877,2026-03-26 14:30:40.658877
0dd7679f-c861-42c4-9de3-68f1215f6619,2cf6f90d-7ccb-417b-929e-361097a98afa,Pigment,Colored substance,ˈpɪɡ.mənt,noun,Artists mixed pigments.,Chất tô,Chất có màu,,,true,2026-03-26 14:30:40.658877,2026-03-26 14:30:40.658877
0de1db8e-23fc-4b8b-a7f7-d4d7cccfa9a0,37f72f2b-f802-4bb4-91cd-72dbad87ecde,Nine,Number 9,naɪn,number,I have nine flowers.,Chín,Số 9,,,true,2026-03-26 14:30:40.658877,2026-03-26 14:30:40.658877
0e166cc2-746e-40a8-a306-4b0655d6c6b8,cdf5e6d8-efec-4421-8c70-814cd0fff4e7,receipt,proof of purchase,/receipt/,danh từ,receipt example,receipt,Một khái niệm liên quan đến finance,,,true,2026-03-18 23:27:06.141,2026-03-18 23:27:06.141
0e1cc9a0-9b82-463a-9e56-fcf902a62499,89da3255-c13a-4384-9292-e7a67b866ee0,Ontology,Existence study,ɑnˈtɑl.ə.dʒi,noun,Ontology explores reality.,Bản thể luận,Sự tồn tại,,,true,2026-03-26 14:30:40.658877,2026-03-26 14:30:40.658877
0e5049a4-10c6-460a-8057-d2d83e44eecc,33b3b961-a831-48ce-bcba-4ec9b1406006,I am fine,Good response,ˌaɪm ˈfaɪn,phrase,I am fine thanks.,Tôi khỏe,Phản hồi tốt,,,true,2026-03-26 14:30:40.658877,2026-03-26 14:30:40.658877
0e61c249-80d9-423c-bdd9-e2fbcc752972,1e983eef-be0a-4a27-abd9-c548efdf1633,Son,Male child,sʌn,noun,He has son.,Con trai,Đứa con nam,,,true,2026-03-26 14:30:40.658877,2026-03-26 14:30:40.658877
0e77e4a3-7a91-48b9-acd4-72860b1ffa8c,b48f8788-ab02-4e87-a86b-e4cda07b2a8d,Brother,Male sibling,ˈbrʌð.ɚ,noun,My brother plays sports.,Anh em trai,Anh chị em,,,true,2026-03-26 14:30:40.658877,2026-03-26 14:30:40.658877
0e8f4201-e1cd-4fa5-b530-d7d6e0e90970,4622c636-7957-4f30-9bc4-5fae81775631,garden,outdoor space with plants,/garden/,danh từ,Flower garden,vườn,không gian ngoài trời với cây,,,true,2026-03-18 23:26:07.668,2026-03-18 23:26:07.668
0eafe7b5-34d2-4e6b-8388-a1fddcc62e18,444c779c-e14e-4d61-8461-f6ecf6ddf27b,Happy,Feeling joy,ˈhæp.i,adjective,I am happy today.,Vui,Cảm giác vui,,,true,2026-03-26 14:30:40.658877,2026-03-26 14:30:40.658877
0eb45224-8d3b-47eb-96dd-730a40e040ab,f25b9620-2fc5-4079-8647-8f5dbf5ca619,cable,connecting device,/cable/,danh từ,cable example,cable,Một khái niệm liên quan đến technology,,,true,2026-03-18 23:27:06.141,2026-03-18 23:27:06.141
0eb83927-afce-4a48-9262-b66b057491b6,474d17e5-c32b-4585-9bfd-feefa44aa3a8,Logic,Reasoning system,ˈlɑdʒ.ɪk,noun,Logic basis philosophy.,Lôgic,Hệ thống,,,true,2026-03-26 14:30:40.658877,2026-03-26 14:30:40.658877
0ecfaa9b-c107-4cca-998e-1e5dfbbe1627,9c08d2d5-ab12-4b90-9273-35e16928fd20,Baby,Young child,ˈbeɪ.bi,noun,Baby is sleeping.,Em bé,Trẻ sơ sinh,,,true,2026-03-26 14:30:40.658877,2026-03-26 14:30:40.658877
0eef264a-5ffb-4175-a13e-a53cbba92078,5ff5c9d7-f265-4925-88c7-c44b7ae1e531,leg,limb for walking,leɡ,danh từ,Strong legs,chân,chi để đi bộ,,,true,2026-03-18 23:26:07.668,2026-03-18 23:26:07.668
0f0f8b2f-a437-40aa-a59f-c5132bf3fc7c,306cd435-7556-4ca6-b508-0a5dfdec7100,Six,Number 6,sɪks,number,I have six apples.,Sáu,Số 6,,,true,2026-03-26 14:30:40.658877,2026-03-26 14:30:40.658877
0f1f54ec-fd6f-4056-9955-1acb4fce6522,62e76fe1-bd25-4280-b7de-7e2e3dd35126,Metaphysics,Reality study,ˌmɛt.əˈfɪz.ɪks,noun,Metaphysics questions.,Siêu hình,Thực tại,,,true,2026-03-26 14:30:40.658877,2026-03-26 14:30:40.658877
0f3abdb0-2bc8-4e50-8973-bfe24cbb74f2,3190f865-ff2e-4de4-8878-b0a874c044ac,afraid,feeling of dread,/afraid/,danh từ,afraid example,afraid,Một khái niệm liên quan đến emotions,,,true,2026-03-18 23:27:06.141,2026-03-18 23:27:06.141
0f6e41fa-ac10-4ac4-8254-9339c2abcc66,12c09afc-e4cd-4cc3-b911-1e5d9e07c387,Excited,Feeling enthusiasm,ɪkˈsaɪ.tɪd,adjective,I excited trip.,Phấn khích,Cảm giác hạnh,,,true,2026-03-26 14:30:40.658877,2026-03-26 14:30:40.658877
0f843609-d664-4b60-a28c-08ce9db29a44,e0dc609f-c176-4fdb-93bf-e39d087671f5,Virtue,Moral quality,ˈvɝ.tʃu,noun,Virtue happiness path.,Đức hạnh,Phẩm chất,,,true,2026-03-26 14:30:40.658877,2026-03-26 14:30:40.658877
0f86c1fa-a742-4f85-940a-ec7fb8addfed,4a545b1d-d759-4331-b1c8-6619db4b1e87,Relaxed,Feeling calmness,rɪˈlækst,adjective,Relaxed home.,Thư thái,Cảm giác calm,,,true,2026-03-26 14:30:40.658877,2026-03-26 14:30:40.658877
0fafb733-a39e-4c13-a477-e5f9e1857755,5c7eeb64-bb5a-42f9-8b15-33d0428dd34d,Seven,Number 7,ˈsɛv.ən,number,I have seven  coins.,Bảy,Số 7,,,true,2026-03-26 14:30:40.658877,2026-03-26 14:30:40.658877
0fc71436-820e-427e-95b2-59b8dc335f78,b317a1e7-1993-43b0-bb4d-84738612837c,Metaphysics,Reality study,ˌmɛt.əˈfɪz.ɪks,noun,Metaphysics questions.,Siêu hình,Thực tại,,,true,2026-03-26 14:30:40.658877,2026-03-26 14:30:40.658877
10557ba1-1d83-4a66-b6fb-d7a3d3639d46,dd56df6c-e0c0-44a9-b706-28b5106b1978,Consciousness,Awareness self,ˈkɑn.ʃəs.nəs,noun,Consciousness mysterious.,Ý thức,Nhận thức,,,true,2026-03-26 14:30:40.658877,2026-03-26 14:30:40.658877
10b769d2-f57e-40b7-b35d-e8d93b24f6a1,dd37cd9c-fd13-43c8-8f32-cc50a38476a0,Ethics,Moral principles,ˈɛθ.ɪks,noun,Ethics guide decisions.,Đạo đức,Nguyên tắc,,,true,2026-03-26 14:30:40.658877,2026-03-26 14:30:40.658877
10e1bdff-287c-4056-a8a1-55a53d78ba74,967cb953-d9f0-413d-9444-c2de97d17102,Critique,Detailed evaluation,krɪˈtik,noun,The critique praised style.,Phê bình,Đánh giá chi tiết,,,true,2026-03-26 14:30:40.658877,2026-03-26 14:30:40.658877
10e413c3-8678-4f53-8f63-8c5f91fb5e9a,65b2fc5a-c86b-4f36-8107-f8ee0ebe5d78,Excuse me,Get attention,ɪkˈskjuz mi,phrase,"Excuse me, bathroom?",Xin lỗi,Kêu gọi sự chú ý,,,true,2026-03-26 14:30:40.658877,2026-03-26 14:30:40.658877
10f3e697-d4b4-493c-ad66-68ed7b9f5e2f,ac13c7e8-492c-46d1-b46e-755272c6d9d6,Existence,State being,ɪɡˈzɪs.təns,noun,Existence God debated.,Tồn tại,Trạng thái hiện,,,true,2026-03-26 14:30:40.658877,2026-03-26 14:30:40.658877
10f8dd64-ca62-4491-ab36-175eea40a263,2bddc0bd-c221-4bc1-8b6f-72096e4a7674,Amazed,Feeling wonder,əˈmeɪzd,adjective,I amazed view.,Kinh ngạc,Cảm giác bất,,,true,2026-03-26 14:30:40.658877,2026-03-26 14:30:40.658877
110ace3d-5291-4f6f-a142-cd9975341099,f19c0271-02f0-46de-b01d-d124844bd385,Son,Male child,sʌn,noun,He has son.,Con trai,Đứa con nam,,,true,2026-03-26 14:30:40.658877,2026-03-26 14:30:40.658877
111c3886-4b4b-4ba0-9f92-e29dded198cb,f2546e9a-13dd-460f-97a6-4a9d4903e6be,Confident,Feeling self belief,ˈkɑn.fɪ.dənt,adjective,Confident skills.,Tự tin,Cảm giác tin,,,true,2026-03-26 14:30:40.658877,2026-03-26 14:30:40.658877
112d340e-a766-40bf-a3aa-88cf8ddfdf6d,e1c6a531-951b-49e8-a205-ed0b9486f723,Pragmatism,Results based,ˈpræɡ.mə.tɪz.əm,noun,Pragmatism results.,Thực dụng,Dựa trên,,,true,2026-03-26 14:30:40.658877,2026-03-26 14:30:40.658877
11306426-2bbc-4f5d-b8d2-8ab3d533cf6e,dd29c719-2106-4c8b-b503-aa3173b0b0df,Cousin,Relative child,ˈkʌz.ən,noun,My cousin lives nearby.,Em họ,Con chú dì,,,true,2026-03-26 14:30:40.658877,2026-03-26 14:30:40.658877
11642cb5-ca58-4fe9-840f-d1af6aed4ac9,ad3e6677-2586-40ff-bd67-b5e6acd96ad7,Confused,Feeling bewilderment,kənˈfjuzd,adjective,Confused instructions.,Bối rối,Cảm giác bối,,,true,2026-03-26 14:30:40.658877,2026-03-26 14:30:40.658877
1168dc82-f2cd-4150-b951-8ec7a460e55a,b4326ceb-0fb7-49f5-aac6-a54bdd1d9163,Consciousness,Awareness self,ˈkɑn.ʃəs.nəs,noun,Consciousness mysterious.,Ý thức,Nhận thức,,,true,2026-03-26 14:30:40.658877,2026-03-26 14:30:40.658877
1173d520-1e0d-426f-b6fa-b98e87d08c5c,4622c636-7957-4f30-9bc4-5fae81775631,ceiling,surface above head,/ceiling/,danh từ,High ceiling,trần nhà,bề mặt trên đầu,,,true,2026-03-18 23:26:07.668,2026-03-18 23:26:07.668
1174bfdf-f793-4f75-8c93-377aa15070a4,bced27c8-2c20-4107-bf2d-2dfe46687373,Grandmother,Mother of parent,ˈɡræn.ˌmʌð.ɚ,noun,Grandmother tells stories.,Bà,"Ngoại, nội",,,true,2026-03-26 14:30:40.658877,2026-03-26 14:30:40.658877
119ac0d3-05d0-476b-99cd-91a866578255,b317a1e7-1993-43b0-bb4d-84738612837c,Dialectic,Argument method,daɪˈælɛk.tɪk,noun,Hegel dialectic used.,Biện luận,Phương pháp,,,true,2026-03-26 14:30:40.658877,2026-03-26 14:30:40.658877
11a277a4-977b-4c9a-aba3-80899b90e6a3,6b254450-7004-433c-bf69-1fb053a62f52,Ashamed,Feeling shame,əˈʃeɪmd,adjective,He ashamed behavior.,Xấu hổ,Cảm giác xấu,,,true,2026-03-26 14:30:40.658877,2026-03-26 14:30:40.658877
11cb241a-7cc9-4c10-b668-82c04f97df17,5ff5c9d7-f265-4925-88c7-c44b7ae1e531,knee,joint on leg,/knee/,danh từ,Knee hurt,gối,khớp trên chân,,,true,2026-03-18 23:26:07.668,2026-03-18 23:26:07.668
11fb467e-6bcf-435b-bf94-fbfb3dd52799,59baddf7-e856-4276-9fab-c2cbd73c8911,Confused,Feeling bewilderment,kənˈfjuzd,adjective,Confused instructions.,Bối rối,Cảm giác bối,,,true,2026-03-26 14:30:40.658877,2026-03-26 14:30:40.658877
120fe4ae-1208-44bf-af5a-26e63bf095d8,1e983eef-be0a-4a27-abd9-c548efdf1633,Cousin,Relative child,ˈkʌz.ən,noun,My cousin lives nearby.,Em họ,Con chú dì,,,true,2026-03-26 14:30:40.658877,2026-03-26 14:30:40.658877
125a856f-c448-4557-a645-3d4d202b23ae,859a1e12-e633-40e5-b4e2-b7e9dfd2a7d7,pink,a pale red color; the color between red and white,pɪŋk,danh từ,Lotus flowers are pink,màu hồng,Một màu đỏ nhạt; màu nằm giữa đỏ và trắng,,,true,2026-03-18 23:22:53.645,2026-03-18 23:22:53.645
127c55b2-64b4-454a-9a3d-eedbdcaaada4,bdace7d5-30a7-49fe-a09e-ea0657efb79d,coconut,a large round nut with white flesh and brown shell,ˈkoʊkənət,danh từ,Coconut has sweet water,dừa,Một quả hạt lớn tròn với thịt trắng và vỏ nâu,,,true,2026-03-18 23:22:53.645,2026-03-18 23:22:53.645
1286cdc4-97bf-46b0-be46-c3151768bf8f,a6f9ef68-d647-4df6-9121-19ec9c0fee72,And you,Return greeting,ən juː,phrase,And you yourself?,Còn bạn,Trả lời chào,,,true,2026-03-26 14:30:40.658877,2026-03-26 14:30:40.658877
12893bfc-cd59-4cb4-9838-71674c67716f,ef83ea3c-996c-4048-8968-7237e72a6e5d,Daughter,Female child,ˈdɔ.tɚ,noun,She has daughters.,Con gái,Đứa con nữ,,,true,2026-03-26 14:30:40.658877,2026-03-26 14:30:40.658877
12a35951-ef68-4e22-a86f-a5e6222cf2e4,1768a53f-3b47-4afe-a231-feea190002ef,Pragmatism,Results based,ˈpræɡ.mə.tɪz.əm,noun,Pragmatism results.,Thực dụng,Dựa trên,,,true,2026-03-26 14:30:40.658877,2026-03-26 14:30:40.658877
12c68071-ee64-4547-86f7-dfd90f1f316c,644fe377-999e-4856-ae36-3bbea5352c69,Husband,Married man,ˈhʌz.bənd,noun,Her husband is doctor.,Chồng,Người đàn ông kết,,,true,2026-03-26 14:30:40.658877,2026-03-26 14:30:40.658877
12e8b947-40ee-451a-9cfc-f100f199dca8,6099eea9-f4d6-4738-9662-d01b6f6f2a12,exam,test to check knowledge,/exam/,danh từ,exam example,exam,Một khái niệm liên quan đến school,,,true,2026-03-18 23:27:06.141,2026-03-18 23:27:06.141
131120de-cd1f-4fd1-90fc-3c35c5a752f6,1e70a4e8-5e55-4666-9f9b-2ba140d9031b,architect,person who designs buildings,/architect/,danh từ,architect example,architect,Một khái niệm liên quan đến jobs,,,true,2026-03-18 23:27:06.141,2026-03-18 23:27:06.141
131caaef-feee-4c60-b2eb-c17957999151,48adeeb4-ea05-4c89-95d1-7c278e83dedb,Metaphysics,Reality study,ˌmɛt.əˈfɪz.ɪks,noun,Metaphysics questions.,Siêu hình,Thực tại,,,true,2026-03-26 14:30:40.658877,2026-03-26 14:30:40.658877
132d02e4-6eec-4119-b82f-1c49a8e15937,f25b9620-2fc5-4079-8647-8f5dbf5ca619,speaker,device for sound output,/speaker/,danh từ,speaker example,speaker,Một khái niệm liên quan đến technology,,,true,2026-03-18 23:27:06.141,2026-03-18 23:27:06.141
1354e107-bdd1-4e1e-bbd4-22a6b368ae6c,0ceda941-9b55-403f-abf7-fb080315789d,july,the seventh month of the year; summer month,dʒuˈlaɪ,danh từ,July is very hot,tháng bảy,Tháng thứ bảy của năm; tháng mùa hè,,,true,2026-03-18 23:22:53.645,2026-03-18 23:22:53.645
13a8e7c8-ea1b-4b98-b2e9-3754c5a20c6c,f25b9620-2fc5-4079-8647-8f5dbf5ca619,internet,global network of information,/internet/,danh từ,internet example,internet,Một khái niệm liên quan đến technology,,,true,2026-03-18 23:27:06.141,2026-03-18 23:27:06.141
13ead960-a790-467f-b027-a4d1e2684092,cdf5e6d8-efec-4421-8c70-814cd0fff4e7,account,personal financial record,/account/,danh từ,account example,tài khoản,Một khái niệm liên quan đến finance,,,true,2026-03-18 23:27:06.141,2026-03-18 23:27:06.141
13f2eede-a69e-4fa6-b39b-d29ccb8372ce,2d825671-b231-4d6a-9c0c-5ec2fa5d7d70,Wife,Married woman,waɪf,noun,His wife is teacher.,Vợ,Người phụ nữ kết,,,true,2026-03-26 14:30:40.658877,2026-03-26 14:30:40.658877
143a94ad-78d3-4595-9b40-8da6b47b934b,1768a53f-3b47-4afe-a231-feea190002ef,Stoicism,Virtue philosophy,ˈstoʊ.ɪ.sɪz.əm,noun,Stoicism teaches acceptance.,Khắc kỷ,Triết học,,,true,2026-03-26 14:30:40.658877,2026-03-26 14:30:40.658877
143f99b6-90fe-4659-99de-033e29353406,b07f3d0e-a184-4cd0-937d-4f3cbd063d36,Hello,Polite greeting,həˈloʊ,interjection,"Hello, how are you?",Xin chào,Cách chào hỏi,,,true,2026-03-26 14:30:40.658877,2026-03-26 14:30:40.658877
14a24c6a-1c4e-4616-9858-bc83493946a8,12c09afc-e4cd-4cc3-b911-1e5d9e07c387,Worried,Feeling anxiety,ˈwɝ.id,adjective,Worried exam.,Lo lắng,Cảm giác lo,,,true,2026-03-26 14:30:40.658877,2026-03-26 14:30:40.658877
14a7cd69-96e3-47d9-84e7-29817b2ec908,923f19cb-bd8c-4b71-b762-0f409c965762,Vice,Moral fault,vaɪs,noun,Vice unhappiness.,Tội lỗi,Lỗi đạo,,,true,2026-03-26 14:30:40.658877,2026-03-26 14:30:40.658877
14ef5b2d-23c2-4f1b-a9f4-523211fc67ad,62e76fe1-bd25-4280-b7de-7e2e3dd35126,Consciousness,Awareness self,ˈkɑn.ʃəs.nəs,noun,Consciousness mysterious.,Ý thức,Nhận thức,,,true,2026-03-26 14:30:40.658877,2026-03-26 14:30:40.658877
14f60094-2635-4d27-8f86-34b6dc1ce082,eb6906e7-a8e8-4b94-9da9-59a659e92fda,freezing,extremely cold below zero,/freezing/,danh từ,Freezing weather today,cực lạnh,lạnh cực độ dưới không,,,true,2026-03-18 23:26:07.668,2026-03-18 23:26:07.668
1501ad30-4bdd-471e-846f-421b7e15a0d3,f5e165ea-d9f9-45d5-90d3-2acf41ea2d21,twelve,the number 12; ten plus two; twelve months in year,twelv,danh từ,Twelve months in year,số mười hai,Số 12; mười cộng hai; mười hai tháng trong năm,,,true,2026-03-18 23:22:53.645,2026-03-18 23:22:53.645
151d5074-1bfb-47aa-8c90-7c03d23e70d5,ed55870d-2fd2-4ba1-b0aa-7a280a6cd587,Logic,Reasoning system,ˈlɑdʒ.ɪk,noun,Logic basis philosophy.,Lôgic,Hệ thống,,,true,2026-03-26 14:30:40.658877,2026-03-26 14:30:40.658877
15224686-c1bb-48f8-b0b3-36fe316043c6,f19c0271-02f0-46de-b01d-d124844bd385,Uncle,Parent brother,ˈʌŋ.kəl,noun,Uncle visits every week.,Chú bác,Anh em bố mẹ,,,true,2026-03-26 14:30:40.658877,2026-03-26 14:30:40.658877
1576db4e-af13-4675-92ff-d9b669a8336c,79c47bf8-ccad-4d92-807d-c7cdafd034c0,Ashamed,Feeling shame,əˈʃeɪmd,adjective,He ashamed behavior.,Xấu hổ,Cảm giác xấu,,,true,2026-03-26 14:30:40.658877,2026-03-26 14:30:40.658877
1650fc6a-215e-4f07-a53a-a7c5cadb9a3c,805d2653-cac0-438b-953b-cb1f832c4321,Ontology,Existence study,ɑnˈtɑl.ə.dʒi,noun,Ontology explores reality.,Bản thể luận,Sự tồn tại,,,true,2026-03-26 14:30:40.658877,2026-03-26 14:30:40.658877
16cdb164-7d4f-494a-b175-7e580a0dfb96,6099eea9-f4d6-4738-9662-d01b6f6f2a12,classroom,a room for lessons,/classroom/,danh từ,classroom example,classroom,Một khái niệm liên quan đến school,,,true,2026-03-18 23:27:06.141,2026-03-18 23:27:06.141
16d4d8e0-706f-4e7b-a763-6df43f9cc85e,67c2c95b-aa85-4e49-a0b3-dfb7ee8a5b29,Sad,Feeling sorrow,sæd,adjective,He feels sad loss.,Buồn,Cảm giác buồn,,,true,2026-03-26 14:30:40.658877,2026-03-26 14:30:40.658877
16e2b8ca-0c42-493b-b623-ea2bd323c513,33b3b961-a831-48ce-bcba-4ec9b1406006,Please,Polite request,pliz,adverb,Please pass salt.,Vui lòng,Yêu cầu lịch sự,,,true,2026-03-26 14:30:40.658877,2026-03-26 14:30:40.658877
16ea6cff-ffde-487b-b6a0-e020683dd87f,67c2c95b-aa85-4e49-a0b3-dfb7ee8a5b29,Ashamed,Feeling shame,əˈʃeɪmd,adjective,He ashamed behavior.,Xấu hổ,Cảm giác xấu,,,true,2026-03-26 14:30:40.658877,2026-03-26 14:30:40.658877
17181f6e-99a9-4247-9e05-f0e1a20a0442,73ca6f19-8411-46ab-ae0d-39b4da6198c8,Ethics,Moral principles,ˈɛθ.ɪks,noun,Ethics guide decisions.,Đạo đức,Nguyên tắc,,,true,2026-03-26 14:30:40.658877,2026-03-26 14:30:40.658877
171ae7e6-4ed5-422d-bc59-2e9cfc2a1bb5,62e76fe1-bd25-4280-b7de-7e2e3dd35126,Pragmatism,Results based,ˈpræɡ.mə.tɪz.əm,noun,Pragmatism results.,Thực dụng,Dựa trên,,,true,2026-03-26 14:30:40.658877,2026-03-26 14:30:40.658877
1723a64b-4f85-4da2-91cb-231b5eaa34f2,62e76fe1-bd25-4280-b7de-7e2e3dd35126,Stoicism,Virtue philosophy,ˈstoʊ.ɪ.sɪz.əm,noun,Stoicism teaches acceptance.,Khắc kỷ,Triết học,,,true,2026-03-26 14:30:40.658877,2026-03-26 14:30:40.658877
173c9a1d-ea11-47a9-a42c-42a7e0dbfa59,ed55870d-2fd2-4ba1-b0aa-7a280a6cd587,Metaphysics,Reality study,ˌmɛt.əˈfɪz.ɪks,noun,Metaphysics questions.,Siêu hình,Thực tại,,,true,2026-03-26 14:30:40.658877,2026-03-26 14:30:40.658877
1740685f-c325-4f9a-86f0-ecf1d48d58d9,a844c983-7824-498a-811d-ed90b6d6f9e1,bag,container for items,/bag/,danh từ,bag example,bag,Một khái niệm liên quan đến shopping,,,true,2026-03-18 23:27:06.141,2026-03-18 23:27:06.141
1758ceca-a915-432f-a913-0b317f6aba9f,d57a850d-30c0-4988-a53f-fc9638884178,Consciousness,Awareness self,ˈkɑn.ʃəs.nəs,noun,Consciousness mysterious.,Ý thức,Nhận thức,,,true,2026-03-26 14:30:40.658877,2026-03-26 14:30:40.658877
1779d198-e3f3-4c8b-b2d6-ed3e29a93afd,dd37cd9c-fd13-43c8-8f32-cc50a38476a0,Logic,Reasoning system,ˈlɑdʒ.ɪk,noun,Logic basis philosophy.,Lôgic,Hệ thống,,,true,2026-03-26 14:30:40.658877,2026-03-26 14:30:40.658877
17982513-d856-4e27-95b9-3c25fbf1fabd,f25b9620-2fc5-4079-8647-8f5dbf5ca619,social media,online platforms for sharing,/social media/,danh từ,social media example,social media,Một khái niệm liên quan đến technology,,,true,2026-03-18 23:27:06.141,2026-03-18 23:27:06.141
17c34ba6-59bc-490c-bee4-7abc959458f9,1e70a4e8-5e55-4666-9f9b-2ba140d9031b,farmer,person who grows crops,/farmer/,danh từ,farmer example,farmer,Một khái niệm liên quan đến jobs,,,true,2026-03-18 23:27:06.141,2026-03-18 23:27:06.141
17c744d5-d41e-479c-8772-f080919988fa,923f19cb-bd8c-4b71-b762-0f409c965762,Stoicism,Virtue philosophy,ˈstoʊ.ɪ.sɪz.əm,noun,Stoicism teaches acceptance.,Khắc kỷ,Triết học,,,true,2026-03-26 14:30:40.658877,2026-03-26 14:30:40.658877
18049884-0ec4-4832-8435-9a46926e83fb,0a01cbc9-8eaf-40d0-85f9-f4ad9a7fd19c,Drama,Literature for live performance,ˈdrɑ.mə,noun,Shakespeare wrote dramas.,Kịch,Văn học biểu diễn,,,true,2026-03-26 14:30:40.658877,2026-03-26 14:30:40.658877
18233984-6bb0-40d8-885f-25557efb37a1,484c0e0d-e1af-4005-87ba-675dd65a4bae,Father,Male parent,ˈfɑ.ðɚ,noun,My father works hard.,Bố,Cha mẹ nam,,,true,2026-03-26 14:30:40.658877,2026-03-26 14:30:40.658877
18797395-d06b-4fe2-a210-1194ad82bc2b,29889dcf-a772-4499-bf3b-826af93ea3b0,Confused,Feeling bewilderment,kənˈfjuzd,adjective,Confused instructions.,Bối rối,Cảm giác bối,,,true,2026-03-26 14:30:40.658877,2026-03-26 14:30:40.658877
188230c8-200b-4632-aa0d-aaa7c1f9d5f8,70c77765-6416-4d36-950a-7c93580b2fa0,Sad,Feeling sorrow,sæd,adjective,He feels sad loss.,Buồn,Cảm giác buồn,,,true,2026-03-26 14:30:40.658877,2026-03-26 14:30:40.658877
18ababf0-3635-495b-b997-e620d8841a55,c326f285-fc07-4764-a284-b7222d917173,Sister,Female sibling,ˈsɪs.tɚ,noun,My sister likes reading.,Chị em gái,Chị em gái,,,true,2026-03-26 14:30:40.658877,2026-03-26 14:30:40.658877
18e38972-32cb-4d02-b82f-8d5b5cee5f3f,faf4d62d-4fb0-4373-8fd4-3a5360963de1,Tired,Feeling exhaustion,ˈtaɪɚd,adjective,I tired after work.,Mệt,Cảm giác mỏi,,,true,2026-03-26 14:30:40.658877,2026-03-26 14:30:40.658877
18f99146-d2c9-487d-922e-eaecdf76632b,805d2653-cac0-438b-953b-cb1f832c4321,Aesthetics,Beauty study,ɛsˈθɛt.ɪks,noun,Aesthetics beauty.,Thẩm mỹ,Nghiên cứu,,,true,2026-03-26 14:30:40.658877,2026-03-26 14:30:40.658877
18f9c4a7-e00d-4543-8c02-eb60e11db595,a844c983-7824-498a-811d-ed90b6d6f9e1,sale,offering at reduced prices,/sale/,danh từ,sale example,sale,Một khái niệm liên quan đến shopping,,,true,2026-03-18 23:27:06.141,2026-03-18 23:27:06.141
190ff97b-382b-4ffd-b3cb-fc9bf7c7e3c4,bced27c8-2c20-4107-bf2d-2dfe46687373,Cousin,Relative child,ˈkʌz.ən,noun,My cousin lives nearby.,Em họ,Con chú dì,,,true,2026-03-26 14:30:40.658877,2026-03-26 14:30:40.658877
19808101-972b-483f-b0a1-cc57976972eb,be4596fe-4524-4164-9f6e-3ca16a48abc4,See you later,Casual goodbye,ˌsi juː ˈleɪ.tɚ,phrase,See you later!,Gặp lại,Tạm biệt,,,true,2026-03-26 14:30:40.658877,2026-03-26 14:30:40.658877
198436e1-7b98-46e2-bd24-409b2b6a7fc1,0c65a440-ca84-4f96-a502-a5c9aebdef77,lemonade,a cold drink from lemon and water,ˌleməˈneɪd,danh từ,Lemonade refreshes,nước chanh,đồ uống lạnh từ chanh và nước,,,true,2026-03-18 23:26:07.668,2026-03-18 23:26:07.668
19a1c62b-bfbb-4b9e-ade7-ef839ec12cf8,f19c0271-02f0-46de-b01d-d124844bd385,Aunt,Parent sister,ænt,noun,Aunt bakes cakes.,Cô dì,Chị em bố mẹ,,,true,2026-03-26 14:30:40.658877,2026-03-26 14:30:40.658877
19b27f47-de57-4c16-8967-1a5dac679b38,923f19cb-bd8c-4b71-b762-0f409c965762,Logic,Reasoning system,ˈlɑdʒ.ɪk,noun,Logic basis philosophy.,Lôgic,Hệ thống,,,true,2026-03-26 14:30:40.658877,2026-03-26 14:30:40.658877
19de00b3-d973-4d6d-a2fb-a6b2a46f62cd,81c08f3f-0705-472c-8a7e-682c4197dc80,How are,Ask health,ˌhaʊ ɑr,phrase,How are today?,Khỏe không,Hỏi sức khỏe,,,true,2026-03-26 14:30:40.658877,2026-03-26 14:30:40.658877
19ef23a4-54fa-4e30-8a6f-d1c0177d4fd5,f3aaed13-86c6-49be-8f73-c117a646f1ff,Lonely,Feeling isolation,ˈloʊn.li,adjective,She lonely sometimes.,Cô đơn,Cảm giác cô,,,true,2026-03-26 14:30:40.658877,2026-03-26 14:30:40.658877
1a34a35d-2bf5-400d-b10c-ecd47b7e2eff,41b7f321-295c-488c-af33-14211bb75fa7,Brother,Male sibling,ˈbrʌð.ɚ,noun,My brother plays sports.,Anh em trai,Anh chị em,,,true,2026-03-26 14:30:40.658877,2026-03-26 14:30:40.658877
1a61e88e-3150-495a-8807-9a0cf2d11a9d,501a150d-fbe9-48ce-be53-52a6f1aeb3ff,Sad,Feeling sorrow,sæd,adjective,He feels sad loss.,Buồn,Cảm giác buồn,,,true,2026-03-26 14:30:40.658877,2026-03-26 14:30:40.658877
1a77a6ea-05a3-4a00-b401-1d1dd0856077,923f19cb-bd8c-4b71-b762-0f409c965762,Existentialism,Existence philosophy,ˌɛɡ.zɪˈstɛn.ʃə.lɪz.əm,noun,Existentialism freedom.,Hiện sinh chủ,Triết học,,,true,2026-03-26 14:30:40.658877,2026-03-26 14:30:40.658877
1a85679e-b0c6-4718-a833-35147cba50fb,84b45efa-148b-4307-94b0-ebaae6c7b32a,Existence,State being,ɪɡˈzɪs.təns,noun,Existence God debated.,Tồn tại,Trạng thái hiện,,,true,2026-03-26 14:30:40.658877,2026-03-26 14:30:40.658877
1aa80bae-345d-4bca-bf0c-d8dacc35e5e5,c1c8f750-8c0e-4b88-89d9-149307fdb3e2,collecting,gathering items as hobby,/collecting/,danh từ,collecting example,collecting,Một khái niệm liên quan đến hobbies,,,true,2026-03-18 23:27:06.141,2026-03-18 23:27:06.141
1af723d4-3635-483c-a567-3f032ad7f8f7,f25b9620-2fc5-4079-8647-8f5dbf5ca619,screen,display for viewing,/screen/,danh từ,screen example,screen,Một khái niệm liên quan đến technology,,,true,2026-03-18 23:27:06.141,2026-03-18 23:27:06.141
1b13fec7-de50-4536-a3c6-0911cf2c5336,563bcdd8-3e04-4744-947b-08885bc9308b,Daughter,Female child,ˈdɔ.tɚ,noun,She has daughters.,Con gái,Đứa con nữ,,,true,2026-03-26 14:30:40.658877,2026-03-26 14:30:40.658877
1b5912b3-3124-4dca-8c73-2f5b9f1c2775,12c09afc-e4cd-4cc3-b911-1e5d9e07c387,Happy,Feeling joy,ˈhæp.i,adjective,I am happy today.,Vui,Cảm giác vui,,,true,2026-03-26 14:30:40.658877,2026-03-26 14:30:40.658877
1c02733e-77e2-48a5-aecf-bd5ff4657764,65b2fc5a-c86b-4f36-8107-f8ee0ebe5d78,I am fine,Good response,ˌaɪm ˈfaɪn,phrase,I am fine thanks.,Tôi khỏe,Phản hồi tốt,,,true,2026-03-26 14:30:40.658877,2026-03-26 14:30:40.658877
1c14a06b-31c9-47b2-8cb0-8604c5746f1a,501a150d-fbe9-48ce-be53-52a6f1aeb3ff,Ashamed,Feeling shame,əˈʃeɪmd,adjective,He ashamed behavior.,Xấu hổ,Cảm giác xấu,,,true,2026-03-26 14:30:40.658877,2026-03-26 14:30:40.658877
1c1d7f64-e7bd-46bb-ba55-352935797c29,764cc2ce-f217-4c78-9799-04685ba95ab7,hat,worn on head for protection,hæt,danh từ,Baseball hat for sun,mũ,mặc trên đầu để bảo vệ,,,true,2026-03-18 23:26:07.668,2026-03-18 23:26:07.668
1c62f034-f646-41fa-9874-aae34d347cb1,563bcdd8-3e04-4744-947b-08885bc9308b,Aunt,Parent sister,ænt,noun,Aunt bakes cakes.,Cô dì,Chị em bố mẹ,,,true,2026-03-26 14:30:40.658877,2026-03-26 14:30:40.658877
1c70b577-5354-4c24-b881-da04c4d01681,79c47bf8-ccad-4d92-807d-c7cdafd034c0,Excited,Feeling enthusiasm,ɪkˈsaɪ.tɪd,adjective,I excited trip.,Phấn khích,Cảm giác hạnh,,,true,2026-03-26 14:30:40.658877,2026-03-26 14:30:40.658877
1ca3eaa0-1694-4cab-a6b3-66b2656b0416,484c0e0d-e1af-4005-87ba-675dd65a4bae,Daughter,Female child,ˈdɔ.tɚ,noun,She has daughters.,Con gái,Đứa con nữ,,,true,2026-03-26 14:30:40.658877,2026-03-26 14:30:40.658877
1cb3b793-781c-405d-b8b9-6be298256191,efe6a928-8995-47cc-8e83-458a37872a80,Husband,Married man,ˈhʌz.bənd,noun,Her husband is doctor.,Chồng,Người đàn ông kết,,,true,2026-03-26 14:30:40.658877,2026-03-26 14:30:40.658877
1cc2ebe6-1e20-43ff-b37d-e9c4247a3dca,33b3b961-a831-48ce-bcba-4ec9b1406006,Goodbye,Farewell,ˌɡʊdˈbaɪ,interjection,"Goodbye, see you.",Tạm biệt,Lời tạm biệt,,,true,2026-03-26 14:30:40.658877,2026-03-26 14:30:40.658877
1cdd7c10-ba39-42fa-9308-b992e1f2d17c,b07f3d0e-a184-4cd0-937d-4f3cbd063d36,And you,Return greeting,ən juː,phrase,And you yourself?,Còn bạn,Trả lời chào,,,true,2026-03-26 14:30:40.658877,2026-03-26 14:30:40.658877
1ce4904a-3553-40bc-9119-913779dfe066,29889dcf-a772-4499-bf3b-826af93ea3b0,Worried,Feeling anxiety,ˈwɝ.id,adjective,Worried exam.,Lo lắng,Cảm giác lo,,,true,2026-03-26 14:30:40.658877,2026-03-26 14:30:40.658877
1ce67a3c-5a44-4190-9107-088ca0fb1257,efe6a928-8995-47cc-8e83-458a37872a80,Family,Relatives group,ˈfæm.ə.li,noun,My family is happy.,Gia đình,Nhóm thân,,,true,2026-03-26 14:30:40.658877,2026-03-26 14:30:40.658877
1d09f405-6ea1-4083-b7d0-914f1eab4064,faf4d62d-4fb0-4373-8fd4-3a5360963de1,Relaxed,Feeling calmness,rɪˈlækst,adjective,Relaxed home.,Thư thái,Cảm giác calm,,,true,2026-03-26 14:30:40.658877,2026-03-26 14:30:40.658877
1d4b6b8e-bc2a-43cb-b9d3-b95f6a760022,cc221d3d-60b1-4412-953e-65d4d427c9fc,Nice meet,Greeting stranger,ˌnaɪs tə ˈmit,phrase,Nice meet you.,Vui gặp,Chào người mới,,,true,2026-03-26 14:30:40.658877,2026-03-26 14:30:40.658877
1d509d21-6dee-4cfd-b680-5b619fad4d04,34931917-34dc-4ea8-af60-d0d01b00cc86,client,customer for business,/client/,danh từ,client example,client,Một khái niệm liên quan đến business,,,true,2026-03-18 23:27:06.141,2026-03-18 23:27:06.141
1d5f0deb-5244-483f-a423-b134dfb362ca,113a8d3e-ddda-4419-9a38-fde75df58c3e,Confident,Feeling self belief,ˈkɑn.fɪ.dənt,adjective,Confident skills.,Tự tin,Cảm giác tin,,,true,2026-03-26 14:30:40.658877,2026-03-26 14:30:40.658877
1d8e8cea-1802-43c3-a2c6-e30bd2b2cddd,81c08f3f-0705-472c-8a7e-682c4197dc80,Welcome,Greet visitor,ˈwɛl.kəm,interjection,Welcome home!,Chào mừng,Lời chào mừng,,,true,2026-03-26 14:30:40.658877,2026-03-26 14:30:40.658877
1db0a5a8-b3b8-4993-a8b5-e9215fbc100d,ed55870d-2fd2-4ba1-b0aa-7a280a6cd587,Pragmatism,Results based,ˈpræɡ.mə.tɪz.əm,noun,Pragmatism results.,Thực dụng,Dựa trên,,,true,2026-03-26 14:30:40.658877,2026-03-26 14:30:40.658877
1df243a7-9501-4382-95b2-90c2963b9a76,f3aaed13-86c6-49be-8f73-c117a646f1ff,Scared,Feeling fear,skɛrd,adjective,Child scared dark.,Sợ,Cảm giác sợ,,,true,2026-03-26 14:30:40.658877,2026-03-26 14:30:40.658877
1e0bc042-471f-455b-976c-2488e5a0997a,f35e320a-ec1d-497e-90b9-830150a5f34d,Metaphysics,Reality study,ˌmɛt.əˈfɪz.ɪks,noun,Metaphysics questions.,Siêu hình,Thực tại,,,true,2026-03-26 14:30:40.658877,2026-03-26 14:30:40.658877
1e2b7fa7-30df-4aaa-8c3f-e48d9aa3fbc3,cdf5e6d8-efec-4421-8c70-814cd0fff4e7,coin,small metal currency,/coin/,danh từ,coin example,coin,Một khái niệm liên quan đến finance,,,true,2026-03-18 23:27:06.141,2026-03-18 23:27:06.141
1e6a62e0-8545-4e86-bbdd-a557947cffef,95ad0b6d-ecef-4e64-9d00-1f9a355214bb,Jealous,Feeling envy,ˈdʒɛl.əs,adjective,Jealous sister.,Ghen tị,Cảm giác ghen,,,true,2026-03-26 14:30:40.658877,2026-03-26 14:30:40.658877
1e6c755a-6937-429a-a33c-1ae3bf3107e8,3ee29751-c03a-4df1-b428-51e2797aba31,Ethics,Moral principles,ˈɛθ.ɪks,noun,Ethics guide decisions.,Đạo đức,Nguyên tắc,,,true,2026-03-26 14:30:40.658877,2026-03-26 14:30:40.658877
1e6de73a-7cf9-40b3-85d5-1288c6daac9d,501a150d-fbe9-48ce-be53-52a6f1aeb3ff,Scared,Feeling fear,skɛrd,adjective,Child scared dark.,Sợ,Cảm giác sợ,,,true,2026-03-26 14:30:40.658877,2026-03-26 14:30:40.658877
1e7e9025-2846-4d40-a480-a95d104641b7,2bddc0bd-c221-4bc1-8b6f-72096e4a7674,Happy,Feeling joy,ˈhæp.i,adjective,I am happy today.,Vui,Cảm giác vui,,,true,2026-03-26 14:30:40.658877,2026-03-26 14:30:40.658877
1e8dac4e-e3af-4332-b762-19394beef8a1,29889dcf-a772-4499-bf3b-826af93ea3b0,Excited,Feeling enthusiasm,ɪkˈsaɪ.tɪd,adjective,I excited trip.,Phấn khích,Cảm giác hạnh,,,true,2026-03-26 14:30:40.658877,2026-03-26 14:30:40.658877
1ea2b9cc-de45-460b-a4b0-0faaaf15d542,3762124f-a01f-42b4-a821-e14298c128dc,Eleven,Number 11,ɪˈlɛv.ən,number,Eleven players.,Mười một,Số 11,,,true,2026-03-26 14:30:40.658877,2026-03-26 14:30:40.658877
1eafde45-7a8d-4299-9449-cb6a789a3528,5ff5c9d7-f265-4925-88c7-c44b7ae1e531,face,front of head,feɪs,danh từ,Smiling face,mặt,phía trước của đầu,,,true,2026-03-18 23:26:07.668,2026-03-18 23:26:07.668
1f065ab4-63d1-4ab8-bb81-8c6396817dde,4a545b1d-d759-4331-b1c8-6619db4b1e87,Confident,Feeling self belief,ˈkɑn.fɪ.dənt,adjective,Confident skills.,Tự tin,Cảm giác tin,,,true,2026-03-26 14:30:40.658877,2026-03-26 14:30:40.658877
1f145392-d1fc-46d5-b701-59c51d30aa8d,d4986ac8-fc5b-4d7c-9960-c7a32512ee69,Thank you,Express gratitude,ˈθæŋk juː,phrase,Thank you for help.,Cảm ơn,Tỏ lòng biết ơn,,,true,2026-03-26 14:30:40.658877,2026-03-26 14:30:40.658877
1f3fbfdc-da37-477f-ad12-3a9d0c7f0449,bdace7d5-30a7-49fe-a09e-ea0657efb79d,dessert,sweet food after main meal,/dessert/,danh từ,Ice cream for dessert,tráng miệng,thực phẩm ngọt sau bữa chính,,,true,2026-03-18 23:26:07.668,2026-03-18 23:26:07.668
1f50e75b-6287-4aca-b6f2-d60bdfc53a2f,79c47bf8-ccad-4d92-807d-c7cdafd034c0,Angry,Feeling rage,ˈæŋ.ɡri,adjective,She is angry us.,Tức giận,Cảm giác giận,,,true,2026-03-26 14:30:40.658877,2026-03-26 14:30:40.658877
1f56cb91-efcd-45ee-ae56-31641e888054,67c2c95b-aa85-4e49-a0b3-dfb7ee8a5b29,Angry,Feeling rage,ˈæŋ.ɡri,adjective,She is angry us.,Tức giận,Cảm giác giận,,,true,2026-03-26 14:30:40.658877,2026-03-26 14:30:40.658877
1f80a765-d139-44fb-90cc-5abd204fa74b,ed55870d-2fd2-4ba1-b0aa-7a280a6cd587,Consciousness,Awareness self,ˈkɑn.ʃəs.nəs,noun,Consciousness mysterious.,Ý thức,Nhận thức,,,true,2026-03-26 14:30:40.658877,2026-03-26 14:30:40.658877
1f86a144-23be-4f94-9116-b9e89c323435,113a8d3e-ddda-4419-9a38-fde75df58c3e,Relaxed,Feeling calmness,rɪˈlækst,adjective,Relaxed home.,Thư thái,Cảm giác calm,,,true,2026-03-26 14:30:40.658877,2026-03-26 14:30:40.658877
1f927198-a6a1-41d8-b245-88ec9516719f,7cf8f06f-0441-4076-a651-76da132eb2bf,One,Number 1,wʌn,number,I have one cat.,Một,Số 1,,,true,2026-03-26 14:30:40.658877,2026-03-26 14:30:40.658877
1fbd9200-547d-440b-a865-41b0e045e388,ff02df4a-ece1-4847-923b-0f9273cb89be,Worried,Feeling anxiety,ˈwɝ.id,adjective,Worried exam.,Lo lắng,Cảm giác lo,,,true,2026-03-26 14:30:40.658877,2026-03-26 14:30:40.658877
1fc93e5f-4ab5-4f08-bac0-bea2d10bdc60,0c65a440-ca84-4f96-a502-a5c9aebdef77,coffee,a dark hot beverage made from coffee beans,ˈkɑːfi,danh từ,I drink coffee for breakfast,cafe,đồ uống nóng tối đen làm từ hạt cà phê,,,true,2026-03-18 23:26:07.668,2026-03-18 23:26:07.668
1fd3af1a-3e92-4a65-b957-6cba9b618b08,a27485a8-7d88-47ed-8ce5-93266a425c11,Logic,Reasoning system,ˈlɑdʒ.ɪk,noun,Logic basis philosophy.,Lôgic,Hệ thống,,,true,2026-03-26 14:30:40.658877,2026-03-26 14:30:40.658877
200c8295-343b-4cea-ba2c-ef88f0b20f74,afa3e499-8717-431c-93a3-3d851d68fc7e,Uncle,Parent brother,ˈʌŋ.kəl,noun,Uncle visits every week.,Chú bác,Anh em bố mẹ,,,true,2026-03-26 14:30:40.658877,2026-03-26 14:30:40.658877
2011512c-4b60-4243-86fa-b24d0d9edca8,f35e320a-ec1d-497e-90b9-830150a5f34d,Existentialism,Existence philosophy,ˌɛɡ.zɪˈstɛn.ʃə.lɪz.əm,noun,Existentialism freedom.,Hiện sinh chủ,Triết học,,,true,2026-03-26 14:30:40.658877,2026-03-26 14:30:40.658877
205a3ab1-fb23-4302-a567-6df90f7fd143,eb6906e7-a8e8-4b94-9da9-59a659e92fda,snowy,with falling snow,/snowy/,danh từ,Snowy day is cold,tuyết,tuyết rơi,,,true,2026-03-18 23:26:07.668,2026-03-18 23:26:07.668
206db1dc-b5b1-4280-b8e0-b1ae8a093dda,4e41fc79-f556-476c-b28f-f579df42a2ba,How are,Ask health,ˌhaʊ ɑr,phrase,How are today?,Khỏe không,Hỏi sức khỏe,,,true,2026-03-26 14:30:40.658877,2026-03-26 14:30:40.658877
206e8b18-a95b-4d15-b58a-0b3510bc0498,f2546e9a-13dd-460f-97a6-4a9d4903e6be,Excited,Feeling enthusiasm,ɪkˈsaɪ.tɪd,adjective,I excited trip.,Phấn khích,Cảm giác hạnh,,,true,2026-03-26 14:30:40.658877,2026-03-26 14:30:40.658877
2088154c-ab87-4e7a-9036-070a380cebc1,37f72f2b-f802-4bb4-91cd-72dbad87ecde,Thousand,Number 1000,ˈθaʊ.zənd,number,One thousand people.,Nghìn,Số 1000,,,true,2026-03-26 14:30:40.658877,2026-03-26 14:30:40.658877
20a0c0f2-aab1-455f-8a06-210d4d53e040,cdbc767d-9b38-4792-a420-be0b00b83339,Daughter,Female child,ˈdɔ.tɚ,noun,She has daughters.,Con gái,Đứa con nữ,,,true,2026-03-26 14:30:40.658877,2026-03-26 14:30:40.658877
20a391e4-c168-49b0-b722-78b0dae36e56,be4596fe-4524-4164-9f6e-3ca16a48abc4,Good afternoon,Afternoon greeting,ˌɡʊd ˌæf.tɚˈnun,phrase,Good afternoon!,Chào chiều,Lời chào chiều,,,true,2026-03-26 14:30:40.658877,2026-03-26 14:30:40.658877
20a538a3-b4e7-4dad-843a-c64dd1cc8a48,c4423548-9463-45ef-bc70-285c0c8c3ea1,Dialectic,Argument method,daɪˈælɛk.tɪk,noun,Hegel dialectic used.,Biện luận,Phương pháp,,,true,2026-03-26 14:30:40.658877,2026-03-26 14:30:40.658877
20b064b4-dd9c-4217-b0bd-bf0074384efa,2bddc0bd-c221-4bc1-8b6f-72096e4a7674,Lonely,Feeling isolation,ˈloʊn.li,adjective,She lonely sometimes.,Cô đơn,Cảm giác cô,,,true,2026-03-26 14:30:40.658877,2026-03-26 14:30:40.658877
20fd5f50-a20e-4c7b-8e63-890bc4d6cd98,68cc7887-5460-44f9-a583-9dbf0e95b24d,Ontology,Existence study,ɑnˈtɑl.ə.dʒi,noun,Ontology explores reality.,Bản thể luận,Sự tồn tại,,,true,2026-03-26 14:30:40.658877,2026-03-26 14:30:40.658877
21330106-385b-4593-bb6d-210406b77ea6,81c08f3f-0705-472c-8a7e-682c4197dc80,Sorry,Apologize,ˈsɑr.i,adjective,"Sorry, I hurried.",Xin lỗi,Lời xin lỗi,,,true,2026-03-26 14:30:40.658877,2026-03-26 14:30:40.658877
2185c56f-1449-4ff3-bcce-189d37bb56c1,f5e165ea-d9f9-45d5-90d3-2acf41ea2d21,last,final position; no more after this,/last/,danh từ,Last person arrives,cái cuối cùng,Vị trí sau cùng; không còn,,,true,2026-03-18 23:22:53.645,2026-03-18 23:22:53.645
21a140c9-fec2-4ead-8b48-b207e14018c4,f5e165ea-d9f9-45d5-90d3-2acf41ea2d21,twenty,the number 20; two times ten,ˈtwenti,danh từ,Twenty is two times ten,số hai mươi,Số 20; hai mươi,,,true,2026-03-18 23:22:53.645,2026-03-18 23:22:53.645
21bcca65-a99e-4e7e-a16c-f1379c09513c,2bddc0bd-c221-4bc1-8b6f-72096e4a7674,Angry,Feeling rage,ˈæŋ.ɡri,adjective,She is angry us.,Tức giận,Cảm giác giận,,,true,2026-03-26 14:30:40.658877,2026-03-26 14:30:40.658877
21e9bef2-b118-46d8-a21d-caa471f892b1,c326f285-fc07-4764-a284-b7222d917173,Family,Relatives group,ˈfæm.ə.li,noun,My family is happy.,Gia đình,Nhóm thân,,,true,2026-03-26 14:30:40.658877,2026-03-26 14:30:40.658877
21f80d19-062a-4b83-8cae-f9b1549e1514,ce34e158-9a8f-400a-a082-d921b3afdb61,Three,Number 3,θri,number,I have three birds.,Ba,Số 3,,,true,2026-03-26 14:30:40.658877,2026-03-26 14:30:40.658877
22193b27-de80-4555-8d81-8057d3642dc7,dab29c7e-633e-4611-83f9-6a1781fed230,Consciousness,Awareness self,ˈkɑn.ʃəs.nəs,noun,Consciousness mysterious.,Ý thức,Nhận thức,,,true,2026-03-26 14:30:40.658877,2026-03-26 14:30:40.658877
22332514-5c61-4efe-b0dd-7cc8b0e1af4c,a58554ec-5e72-4981-b30c-ce5f10aee993,Ethics,Moral principles,ˈɛθ.ɪks,noun,Ethics guide decisions.,Đạo đức,Nguyên tắc,,,true,2026-03-26 14:30:40.658877,2026-03-26 14:30:40.658877
223518b2-6f7a-47b7-9026-ed9d8004fda1,861b28e6-a21c-4b16-8250-0228c87f55b4,Two,Number 2,tu,number,I have two dogs.,Hai,Số 2,,,true,2026-03-26 14:30:40.658877,2026-03-26 14:30:40.658877
225d050e-127c-4664-bd64-ab6b062e6898,1768a53f-3b47-4afe-a231-feea190002ef,Metaphysics,Reality study,ˌmɛt.əˈfɪz.ɪks,noun,Metaphysics questions.,Siêu hình,Thực tại,,,true,2026-03-26 14:30:40.658877,2026-03-26 14:30:40.658877
226c5862-460b-4bb2-8b78-98b4271e6ad9,34931917-34dc-4ea8-af60-d0d01b00cc86,meeting,gathering for discussion,/meeting/,danh từ,meeting example,meeting,Một khái niệm liên quan đến business,,,true,2026-03-18 23:27:06.141,2026-03-18 23:27:06.141
2274ba8a-5e76-43fc-a4ee-24adb01bea87,f3aaed13-86c6-49be-8f73-c117a646f1ff,Amazed,Feeling wonder,əˈmeɪzd,adjective,I amazed view.,Kinh ngạc,Cảm giác bất,,,true,2026-03-26 14:30:40.658877,2026-03-26 14:30:40.658877
2279635b-461a-40e2-a80f-3aa7fb5fad6a,a58554ec-5e72-4981-b30c-ce5f10aee993,Ontology,Existence study,ɑnˈtɑl.ə.dʒi,noun,Ontology explores reality.,Bản thể luận,Sự tồn tại,,,true,2026-03-26 14:30:40.658877,2026-03-26 14:30:40.658877
22848539-216c-4906-a495-1576fe468e59,764cc2ce-f217-4c78-9799-04685ba95ab7,coat,a warm outer garment,koʊt,danh từ,Winter coat is thick,áo măng tô,quần áo ngoài ấm,,,true,2026-03-18 23:26:07.668,2026-03-18 23:26:07.668
22b7abe6-53a8-4ade-a48b-1c02a036086d,ed55870d-2fd2-4ba1-b0aa-7a280a6cd587,Ontology,Existence study,ɑnˈtɑl.ə.dʒi,noun,Ontology explores reality.,Bản thể luận,Sự tồn tại,,,true,2026-03-26 14:30:40.658877,2026-03-26 14:30:40.658877
22cc71b1-e873-4c0e-9d10-97c0e1f04a19,ff02df4a-ece1-4847-923b-0f9273cb89be,Lonely,Feeling isolation,ˈloʊn.li,adjective,She lonely sometimes.,Cô đơn,Cảm giác cô,,,true,2026-03-26 14:30:40.658877,2026-03-26 14:30:40.658877
22d3cc02-252e-4ec8-8c3c-6459e52410b1,6b254450-7004-433c-bf69-1fb053a62f52,Lonely,Feeling isolation,ˈloʊn.li,adjective,She lonely sometimes.,Cô đơn,Cảm giác cô,,,true,2026-03-26 14:30:40.658877,2026-03-26 14:30:40.658877
22d4134a-2528-408e-bb6a-61a6c2b0e232,dd37cd9c-fd13-43c8-8f32-cc50a38476a0,Virtue,Moral quality,ˈvɝ.tʃu,noun,Virtue happiness path.,Đức hạnh,Phẩm chất,,,true,2026-03-26 14:30:40.658877,2026-03-26 14:30:40.658877
22f5a062-8382-429b-b2a5-8e079cc51f46,81aeef50-eae8-4ff2-941c-b321e482e121,Ontology,Existence study,ɑnˈtɑl.ə.dʒi,noun,Ontology explores reality.,Bản thể luận,Sự tồn tại,,,true,2026-03-26 14:30:40.658877,2026-03-26 14:30:40.658877
23249052-c1a5-4540-bb5b-8d8a120762eb,0f7467d0-de49-4732-a5eb-3d62ebbb0bf2,tiger,a large wild cat with orange and black stripes,ˈtaɪɡər,danh từ,Tiger is powerful,hổ,Một con mèo hoang lớn với sọc cam và đen,,,true,2026-03-18 23:22:53.645,2026-03-18 23:22:53.645
232d910c-7af9-47df-91cf-6c38aa297dd6,f2867ff8-da21-42e1-ad58-ff38fa6324b8,Cousin,Relative child,ˈkʌz.ən,noun,My cousin lives nearby.,Em họ,Con chú dì,,,true,2026-03-26 14:30:40.658877,2026-03-26 14:30:40.658877
23399fa4-272f-4959-8a46-5531d9315dfd,cdbc767d-9b38-4792-a420-be0b00b83339,Father,Male parent,ˈfɑ.ðɚ,noun,My father works hard.,Bố,Cha mẹ nam,,,true,2026-03-26 14:30:40.658877,2026-03-26 14:30:40.658877
2360e473-3ddc-4b0e-addb-84a5c3c5cc35,501a150d-fbe9-48ce-be53-52a6f1aeb3ff,Happy,Feeling joy,ˈhæp.i,adjective,I am happy today.,Vui,Cảm giác vui,,,true,2026-03-26 14:30:40.658877,2026-03-26 14:30:40.658877
237bf84c-3ca1-4676-ba7e-0fb456cceda4,1e70a4e8-5e55-4666-9f9b-2ba140d9031b,teacher,person who teaches students,/teacher/,danh từ,teacher example,giáo viên,Một khái niệm liên quan đến jobs,,,true,2026-03-18 23:27:06.141,2026-03-18 23:27:06.141
238a4751-b7f6-43f4-92a1-c10db9339835,f5e165ea-d9f9-45d5-90d3-2acf41ea2d21,thirteen,the number 13; ten plus three,ˌθɜːrˈtiːn,danh từ,Thirteen is lucky in some,số mười ba,Số 13; mười cộng ba,,,true,2026-03-18 23:22:53.645,2026-03-18 23:22:53.645
23969d97-b421-4163-83d9-47b01824332e,3ee29751-c03a-4df1-b428-51e2797aba31,Ontology,Existence study,ɑnˈtɑl.ə.dʒi,noun,Ontology explores reality.,Bản thể luận,Sự tồn tại,,,true,2026-03-26 14:30:40.658877,2026-03-26 14:30:40.658877
23f68061-c864-4f90-a196-89f911b15300,f46a14f4-283c-4d9b-b52b-76e8648d68c4,Ontology,Existence study,ɑnˈtɑl.ə.dʒi,noun,Ontology explores reality.,Bản thể luận,Sự tồn tại,,,true,2026-03-26 14:30:40.658877,2026-03-26 14:30:40.658877
23f88707-cf7b-4519-ac6e-368c90bf2e4b,349e1df9-b9b6-4a64-ab4b-babd170cadc4,Ten,Number 10,tɛn,number,I have ten dollars.,Mười,Số 10,,,true,2026-03-26 14:30:40.658877,2026-03-26 14:30:40.658877
2449cc00-a21f-4a6f-b316-58ba780b5877,23517e96-f9dd-4318-8b61-083c140556f8,Nihilism,Nothing meaning belief,ˈnaɪ.ə.lɪz.əm,noun,Nihilism values denies.,Vô chủ nghĩa,Niềm tin,,,true,2026-03-26 14:30:40.658877,2026-03-26 14:30:40.658877
244e0eaa-d209-4727-bb6f-8bca53a5b8ca,fed0d635-a1bb-4732-bb7a-b8caf4c21b12,hostel,cheap accommodation place,/hostel/,danh từ,hostel example,hostel,Một khái niệm liên quan đến travel,,,true,2026-03-18 23:27:06.141,2026-03-18 23:27:06.141
2473f87f-b001-442c-bfe3-bf051b76f5f2,3190f865-ff2e-4de4-8878-b0a874c044ac,relaxed,feeling free from tension,/relaxed/,danh từ,relaxed example,relaxed,Một khái niệm liên quan đến emotions,,,true,2026-03-18 23:27:06.141,2026-03-18 23:27:06.141
24d9dfc7-939c-4ad2-869d-0f78948d66ef,b317a1e7-1993-43b0-bb4d-84738612837c,Vice,Moral fault,vaɪs,noun,Vice unhappiness.,Tội lỗi,Lỗi đạo,,,true,2026-03-26 14:30:40.658877,2026-03-26 14:30:40.658877
24ecb44b-a388-40c2-9ee1-ba5a4d832427,967cb953-d9f0-413d-9444-c2de97d17102,Dialogue,Conversation between characters,ˈdaɪ.ə.lɔg,noun,Dialogue revealed emotions.,Đối thoại,Cuộc trò chuyện,,,true,2026-03-26 14:30:40.658877,2026-03-26 14:30:40.658877
24fac049-0a77-49b2-8a02-d1be9682de15,cc221d3d-60b1-4412-953e-65d4d427c9fc,See you later,Casual goodbye,ˌsi juː ˈleɪ.tɚ,phrase,See you later!,Gặp lại,Tạm biệt,,,true,2026-03-26 14:30:40.658877,2026-03-26 14:30:40.658877
251fb0d9-7dc6-4407-9724-3dda12c28188,eb6906e7-a8e8-4b94-9da9-59a659e92fda,warm,comfortably warm temperature,wɔːrm,danh từ,Spring is warm,ấm,nhiệt độ ấm thoải mái,,,true,2026-03-18 23:26:07.668,2026-03-18 23:26:07.668
252a29bc-a24f-4b75-9e38-99050b72946b,3762124f-a01f-42b4-a821-e14298c128dc,Ten,Number 10,tɛn,number,I have ten dollars.,Mười,Số 10,,,true,2026-03-26 14:30:40.658877,2026-03-26 14:30:40.658877
252da04c-2a9b-4289-8c19-434a4dd46314,0ceda941-9b55-403f-abf7-fb080315789d,friday,the sixth day of the week; the day before Saturday,ˈfraɪdeɪ,danh từ,Friday is work end,thứ sáu,Ngày thứ sáu của tuần; ngày trước Thứ bảy,,,true,2026-03-18 23:22:53.645,2026-03-18 23:22:53.645
25328b03-c0eb-4032-b4cb-e131f3be1976,aa794f3a-f98a-43df-8271-67b923f0f383,Worried,Feeling anxiety,ˈwɝ.id,adjective,Worried exam.,Lo lắng,Cảm giác lo,,,true,2026-03-26 14:30:40.658877,2026-03-26 14:30:40.658877
2538b163-9659-4e0e-aae2-aa29c99711b9,d0d60af4-a86f-4442-a1a0-892d2a5cdbd3,Consciousness,Awareness self,ˈkɑn.ʃəs.nəs,noun,Consciousness mysterious.,Ý thức,Nhận thức,,,true,2026-03-26 14:30:40.658877,2026-03-26 14:30:40.658877
2595d85f-f6d1-4ae7-ab2d-f47d1f881b11,62e76fe1-bd25-4280-b7de-7e2e3dd35126,Aesthetics,Beauty study,ɛsˈθɛt.ɪks,noun,Aesthetics beauty.,Thẩm mỹ,Nghiên cứu,,,true,2026-03-26 14:30:40.658877,2026-03-26 14:30:40.658877
259b153e-4e11-409c-a572-b8da6faf8cf3,ef83ea3c-996c-4048-8968-7237e72a6e5d,Mother,Female parent,ˈmʌð.ɚ,noun,My mother is kind.,Mẹ,Cha mẹ nữ,,,true,2026-03-26 14:30:40.658877,2026-03-26 14:30:40.658877
25a465c4-eb78-455b-9a4e-38b0d6c921a5,805d2653-cac0-438b-953b-cb1f832c4321,Existence,State being,ɪɡˈzɪs.təns,noun,Existence God debated.,Tồn tại,Trạng thái hiện,,,true,2026-03-26 14:30:40.658877,2026-03-26 14:30:40.658877
25a906e2-8422-469e-95a3-af6f67fec40c,411c419a-c126-40a3-bbe9-068a951b9026,Four,Number 4,fɔr,number,I have four books.,Bốn,Số 4,,,true,2026-03-26 14:30:40.658877,2026-03-26 14:30:40.658877
25ce9147-4a24-4e66-b461-18dae0207bf5,859a1e12-e633-40e5-b4e2-b7e9dfd2a7d7,green,the color of grass and leaves; the color between blue and yellow,ɡriːn,danh từ,Grass is green,màu xanh lá cây,Màu của cỏ và lá cây; màu nằm giữa xanh dương và vàng,,,true,2026-03-18 23:22:53.645,2026-03-18 23:22:53.645
25da5d12-f599-4364-b613-aab9c56cd8af,7e5d0907-64fa-482f-b968-a5efd9168a61,Virtue,Moral quality,ˈvɝ.tʃu,noun,Virtue happiness path.,Đức hạnh,Phẩm chất,,,true,2026-03-26 14:30:40.658877,2026-03-26 14:30:40.658877
2612a79e-3ae4-4272-bd79-b038cb5c8f5e,2d825671-b231-4d6a-9c0c-5ec2fa5d7d70,Brother,Male sibling,ˈbrʌð.ɚ,noun,My brother plays sports.,Anh em trai,Anh chị em,,,true,2026-03-26 14:30:40.658877,2026-03-26 14:30:40.658877
26232dd5-0a8a-466b-bca9-4498e6d14e84,f35e320a-ec1d-497e-90b9-830150a5f34d,Consciousness,Awareness self,ˈkɑn.ʃəs.nəs,noun,Consciousness mysterious.,Ý thức,Nhận thức,,,true,2026-03-26 14:30:40.658877,2026-03-26 14:30:40.658877
26381f94-c2d4-4a94-b28f-20f244c0764f,0a01cbc9-8eaf-40d0-85f9-f4ad9a7fd19c,Theme,The main idea,θim,noun,Love is the theme.,Chủ đề,Ý tưởng chính,,,true,2026-03-26 14:30:40.658877,2026-03-26 14:30:40.658877
264539f3-ecf3-49c2-aaed-7a3c16dc1996,8f558c2d-9555-4f2e-a822-5c74891ffe67,Have nice day,Wishful farewell,ˌhæv ə ˌnaɪs ˈdeɪ,phrase,Have nice day!,Chúc ngày tốt,Lời chúc,,,true,2026-03-26 14:30:40.658877,2026-03-26 14:30:40.658877
26490226-da4a-4bf9-a308-303571b0e1de,95ad0b6d-ecef-4e64-9d00-1f9a355214bb,Proud,Feeling pride,praʊd,adjective,I proud you.,Tự hào,Cảm giác hạnh,,,true,2026-03-26 14:30:40.658877,2026-03-26 14:30:40.658877
26895d99-7e8c-42cb-a095-093785d234ff,f5e165ea-d9f9-45d5-90d3-2acf41ea2d21,one,the number 1; a single thing,wʌn,danh từ,I have one pen,số một,Số 1; một vật duy nhất,,,true,2026-03-18 23:22:53.645,2026-03-18 23:22:53.645
26ecf584-fe6f-4e4a-8946-68be8e658259,923f19cb-bd8c-4b71-b762-0f409c965762,Nihilism,Nothing meaning belief,ˈnaɪ.ə.lɪz.əm,noun,Nihilism values denies.,Vô chủ nghĩa,Niềm tin,,,true,2026-03-26 14:30:40.658877,2026-03-26 14:30:40.658877
26f37b86-b531-4ddb-8cc0-e34936b013b7,0ceda941-9b55-403f-abf7-fb080315789d,monday,the second day of the week; the day after Sunday,ˈmʌndeɪ,danh từ,I go to school on Monday,thứ hai,Ngày thứ hai của tuần; ngày sau Chủ nhật,,,true,2026-03-18 23:22:53.645,2026-03-18 23:22:53.645
27238d6b-74ab-4c8a-8c63-072cb1c66da9,b4326ceb-0fb7-49f5-aac6-a54bdd1d9163,Epistemology,Knowledge study,ˌɛp.ɪ.stəˈmɑl.ə.dʒi,noun,Epistemology knowledge.,Nhận thức luận,Nghiên cứu,,,true,2026-03-26 14:30:40.658877,2026-03-26 14:30:40.658877
2728e6a1-755d-418a-9faf-ae6540e4c3c6,81aeef50-eae8-4ff2-941c-b321e482e121,Stoicism,Virtue philosophy,ˈstoʊ.ɪ.sɪz.əm,noun,Stoicism teaches acceptance.,Khắc kỷ,Triết học,,,true,2026-03-26 14:30:40.658877,2026-03-26 14:30:40.658877
273dc5ee-c4ce-4cc2-bc3e-62c9979fd68f,95ad0b6d-ecef-4e64-9d00-1f9a355214bb,Scared,Feeling fear,skɛrd,adjective,Child scared dark.,Sợ,Cảm giác sợ,,,true,2026-03-26 14:30:40.658877,2026-03-26 14:30:40.658877
2762000d-17b4-4ed7-a537-57716ffa6f02,69d16e3e-74ca-45eb-8c06-8cef65b85134,Consciousness,Awareness self,ˈkɑn.ʃəs.nəs,noun,Consciousness mysterious.,Ý thức,Nhận thức,,,true,2026-03-26 14:30:40.658877,2026-03-26 14:30:40.658877
27636af5-3206-4093-817a-28cba5e34956,6b254450-7004-433c-bf69-1fb053a62f52,Worried,Feeling anxiety,ˈwɝ.id,adjective,Worried exam.,Lo lắng,Cảm giác lo,,,true,2026-03-26 14:30:40.658877,2026-03-26 14:30:40.658877
2790f108-9eb2-4b78-b670-87303311917c,6b254450-7004-433c-bf69-1fb053a62f52,Scared,Feeling fear,skɛrd,adjective,Child scared dark.,Sợ,Cảm giác sợ,,,true,2026-03-26 14:30:40.658877,2026-03-26 14:30:40.658877
2794c3d7-78a7-42c4-afd6-1076c61718ad,cdf5e6d8-efec-4421-8c70-814cd0fff4e7,price,amount charged for item,/price/,danh từ,price example,giá tiền,Một khái niệm liên quan đến finance,,,true,2026-03-18 23:27:06.141,2026-03-18 23:27:06.141
27b53892-09e4-4c11-bdbc-dd7191880dbc,3ee29751-c03a-4df1-b428-51e2797aba31,Logic,Reasoning system,ˈlɑdʒ.ɪk,noun,Logic basis philosophy.,Lôgic,Hệ thống,,,true,2026-03-26 14:30:40.658877,2026-03-26 14:30:40.658877
28329c4f-f660-497c-9478-72889b194a95,306cd435-7556-4ca6-b508-0a5dfdec7100,Eleven,Number 11,ɪˈlɛv.ən,number,Eleven players.,Mười một,Số 11,,,true,2026-03-26 14:30:40.658877,2026-03-26 14:30:40.658877
283355fc-c8b1-4d73-8353-02e83e2c6bc5,efe6a928-8995-47cc-8e83-458a37872a80,Sister,Female sibling,ˈsɪs.tɚ,noun,My sister likes reading.,Chị em gái,Chị em gái,,,true,2026-03-26 14:30:40.658877,2026-03-26 14:30:40.658877
2841d698-9d64-427e-bbb5-edf43ac7dc51,23517e96-f9dd-4318-8b61-083c140556f8,Ethics,Moral principles,ˈɛθ.ɪks,noun,Ethics guide decisions.,Đạo đức,Nguyên tắc,,,true,2026-03-26 14:30:40.658877,2026-03-26 14:30:40.658877
284a6347-2cb1-4195-a1e6-ac4ca70a3808,34931917-34dc-4ea8-af60-d0d01b00cc86,company,organization for commerce,/company/,danh từ,company example,công ty,Một khái niệm liên quan đến business,,,true,2026-03-18 23:27:06.141,2026-03-18 23:27:06.141
28650175-b324-4cb0-8aa9-d90dfb73ace6,349e1df9-b9b6-4a64-ab4b-babd170cadc4,Three,Number 3,θri,number,I have three birds.,Ba,Số 3,,,true,2026-03-26 14:30:40.658877,2026-03-26 14:30:40.658877
288b2b70-0bc6-4066-a0ac-06aa583a5f44,c4f69ac2-b089-44ca-a48e-67f1636f0314,sister,a female sibling; girl with same parents,ˈsɪstər,danh từ,My sister is smart,chị/em gái,Người chị gái hoặc em gái; nữ với cùng cha mẹ,,,true,2026-03-18 23:22:53.645,2026-03-18 23:22:53.645
28f11d52-9d07-42c5-9794-2c5f53dbd32d,e0dc609f-c176-4fdb-93bf-e39d087671f5,Vice,Moral fault,vaɪs,noun,Vice unhappiness.,Tội lỗi,Lỗi đạo,,,true,2026-03-26 14:30:40.658877,2026-03-26 14:30:40.658877
28fb7bc9-5346-439d-a21f-7eed753edbb9,a6f9ef68-d647-4df6-9121-19ec9c0fee72,How are,Ask health,ˌhaʊ ɑr,phrase,How are today?,Khỏe không,Hỏi sức khỏe,,,true,2026-03-26 14:30:40.658877,2026-03-26 14:30:40.658877
28fcf223-50fc-4041-8861-6c547fcfcc0f,1e983eef-be0a-4a27-abd9-c548efdf1633,Uncle,Parent brother,ˈʌŋ.kəl,noun,Uncle visits every week.,Chú bác,Anh em bố mẹ,,,true,2026-03-26 14:30:40.658877,2026-03-26 14:30:40.658877
292374f7-8b2d-4e9f-8367-af187fe90afe,3bbde304-12b8-40b2-a620-510efc4a776f,Four,Number 4,fɔr,number,I have four books.,Bốn,Số 4,,,true,2026-03-26 14:30:40.658877,2026-03-26 14:30:40.658877
29240f6a-d933-4af8-8ec1-ddc5c51ef268,dd29c719-2106-4c8b-b503-aa3173b0b0df,Daughter,Female child,ˈdɔ.tɚ,noun,She has daughters.,Con gái,Đứa con nữ,,,true,2026-03-26 14:30:40.658877,2026-03-26 14:30:40.658877
297777bc-3cec-463e-b51c-c899d28a0cd4,306cd435-7556-4ca6-b508-0a5dfdec7100,Thousand,Number 1000,ˈθaʊ.zənd,number,One thousand people.,Nghìn,Số 1000,,,true,2026-03-26 14:30:40.658877,2026-03-26 14:30:40.658877
29a5c771-425d-4a5b-a0c3-c9c681b83616,501a150d-fbe9-48ce-be53-52a6f1aeb3ff,Tired,Feeling exhaustion,ˈtaɪɚd,adjective,I tired after work.,Mệt,Cảm giác mỏi,,,true,2026-03-26 14:30:40.658877,2026-03-26 14:30:40.658877
29c4ad8f-488c-49ce-b648-9409502b00a2,d0d60af4-a86f-4442-a1a0-892d2a5cdbd3,Logic,Reasoning system,ˈlɑdʒ.ɪk,noun,Logic basis philosophy.,Lôgic,Hệ thống,,,true,2026-03-26 14:30:40.658877,2026-03-26 14:30:40.658877
29c59175-d271-44ad-8124-a1ce010b45e2,6099eea9-f4d6-4738-9662-d01b6f6f2a12,subject,topic of study,/subject/,danh từ,subject example,subject,Một khái niệm liên quan đến school,,,true,2026-03-18 23:27:06.141,2026-03-18 23:27:06.141
29d03d4a-e68e-4083-823f-e027d007fdcc,967cb953-d9f0-413d-9444-c2de97d17102,Oxymoron,Contradictory words,ɑkˈsɪ.mɔr.ɑn,noun,Silence is oxymoron.,Mâu thuẫn,Từ mâu thuẫn,,,true,2026-03-26 14:30:40.658877,2026-03-26 14:30:40.658877
29d0d8f5-1bf7-42da-8ab6-60a594901332,501a150d-fbe9-48ce-be53-52a6f1aeb3ff,Confused,Feeling bewilderment,kənˈfjuzd,adjective,Confused instructions.,Bối rối,Cảm giác bối,,,true,2026-03-26 14:30:40.658877,2026-03-26 14:30:40.658877
2a09df3c-d43c-4845-b832-cbfbebbfcf0e,48adeeb4-ea05-4c89-95d1-7c278e83dedb,Existence,State being,ɪɡˈzɪs.təns,noun,Existence God debated.,Tồn tại,Trạng thái hiện,,,true,2026-03-26 14:30:40.658877,2026-03-26 14:30:40.658877
2a152b6d-c9fd-4dfc-8f8d-0649c6688a3a,d5b49957-9ff7-450f-ae5b-da190b021f76,Goodbye,Farewell,ˌɡʊdˈbaɪ,interjection,"Goodbye, see you.",Tạm biệt,Lời tạm biệt,,,true,2026-03-26 14:30:40.658877,2026-03-26 14:30:40.658877
2a3a7d6a-2626-40a3-a7c8-49683fc58094,3ee29751-c03a-4df1-b428-51e2797aba31,Nihilism,Nothing meaning belief,ˈnaɪ.ə.lɪz.əm,noun,Nihilism values denies.,Vô chủ nghĩa,Niềm tin,,,true,2026-03-26 14:30:40.658877,2026-03-26 14:30:40.658877
2a3da2d2-7d0d-40f4-af57-0198e746a00a,dd29c719-2106-4c8b-b503-aa3173b0b0df,Son,Male child,sʌn,noun,He has son.,Con trai,Đứa con nam,,,true,2026-03-26 14:30:40.658877,2026-03-26 14:30:40.658877
2a3f8605-31a4-455e-81bc-4fd172684603,e62729fd-2c68-41d8-8dea-aec377434133,Dialectic,Argument method,daɪˈælɛk.tɪk,noun,Hegel dialectic used.,Biện luận,Phương pháp,,,true,2026-03-26 14:30:40.658877,2026-03-26 14:30:40.658877
2a431a6e-3d3a-4b8f-be3d-cd3a9a9114ff,0ceda941-9b55-403f-abf7-fb080315789d,december,the twelfth month of the year; last month of year,dɪˈsembər,danh từ,December ends year,tháng mười hai,Tháng thứ mười hai của năm; tháng cuối năm,,,true,2026-03-18 23:22:53.645,2026-03-18 23:22:53.645
2a4a74ab-2172-4eaa-9f1c-977d065fd8df,1e983eef-be0a-4a27-abd9-c548efdf1633,Daughter,Female child,ˈdɔ.tɚ,noun,She has daughters.,Con gái,Đứa con nữ,,,true,2026-03-26 14:30:40.658877,2026-03-26 14:30:40.658877
2a64f476-7a20-4331-8695-29a6d283957b,3ea443f8-3295-449b-9410-9f7a9062bdb4,Aunt,Parent sister,ænt,noun,Aunt bakes cakes.,Cô dì,Chị em bố mẹ,,,true,2026-03-26 14:30:40.658877,2026-03-26 14:30:40.658877
2a7f36ca-c024-4acb-9adf-78106b43ace6,644fe377-999e-4856-ae36-3bbea5352c69,Sister,Female sibling,ˈsɪs.tɚ,noun,My sister likes reading.,Chị em gái,Chị em gái,,,true,2026-03-26 14:30:40.658877,2026-03-26 14:30:40.658877
2a9a9ccf-f3e1-4c9e-8243-885ebc330916,d0d60af4-a86f-4442-a1a0-892d2a5cdbd3,Ontology,Existence study,ɑnˈtɑl.ə.dʒi,noun,Ontology explores reality.,Bản thể luận,Sự tồn tại,,,true,2026-03-26 14:30:40.658877,2026-03-26 14:30:40.658877
2aa7f940-8d8a-4254-a503-1bd324732180,205b1709-dae5-421b-b2ec-7bfd6528a0ea,Good afternoon,Afternoon greeting,ˌɡʊd ˌæf.tɚˈnun,phrase,Good afternoon!,Chào chiều,Lời chào chiều,,,true,2026-03-26 14:30:40.658877,2026-03-26 14:30:40.658877
2b080faf-4a9e-4165-b25e-6d3de4cf5d5f,95ad0b6d-ecef-4e64-9d00-1f9a355214bb,Happy,Feeling joy,ˈhæp.i,adjective,I am happy today.,Vui,Cảm giác vui,,,true,2026-03-26 14:30:40.658877,2026-03-26 14:30:40.658877
2b1c70ca-da89-4ecc-b4dc-bcf490057c54,819c177f-eeaa-482b-9a10-e90cca890e76,Proud,Feeling pride,praʊd,adjective,I proud you.,Tự hào,Cảm giác hạnh,,,true,2026-03-26 14:30:40.658877,2026-03-26 14:30:40.658877
2b29b66d-5ddd-475c-bbcd-44da8b435e59,d57a850d-30c0-4988-a53f-fc9638884178,Existentialism,Existence philosophy,ˌɛɡ.zɪˈstɛn.ʃə.lɪz.əm,noun,Existentialism freedom.,Hiện sinh chủ,Triết học,,,true,2026-03-26 14:30:40.658877,2026-03-26 14:30:40.658877
2b325026-5554-4ec7-91d5-859550a97da9,861b28e6-a21c-4b16-8250-0228c87f55b4,Nine,Number 9,naɪn,number,I have nine flowers.,Chín,Số 9,,,true,2026-03-26 14:30:40.658877,2026-03-26 14:30:40.658877
2b408a83-f27f-4d62-91e6-0045f19ccb8a,805d2653-cac0-438b-953b-cb1f832c4321,Metaphysics,Reality study,ˌmɛt.əˈfɪz.ɪks,noun,Metaphysics questions.,Siêu hình,Thực tại,,,true,2026-03-26 14:30:40.658877,2026-03-26 14:30:40.658877
2b828530-9f0d-460c-aa1f-fcabc760c1f4,2f78ac95-e536-4cc1-bd0e-e350497283ee,Son,Male child,sʌn,noun,He has son.,Con trai,Đứa con nam,,,true,2026-03-26 14:30:40.658877,2026-03-26 14:30:40.658877
2b990e7c-443c-4671-8058-e14588aed855,aa794f3a-f98a-43df-8271-67b923f0f383,Happy,Feeling joy,ˈhæp.i,adjective,I am happy today.,Vui,Cảm giác vui,,,true,2026-03-26 14:30:40.658877,2026-03-26 14:30:40.658877
2bab501c-f31e-4cb6-8517-bf6a5bda61a9,23517e96-f9dd-4318-8b61-083c140556f8,Virtue,Moral quality,ˈvɝ.tʃu,noun,Virtue happiness path.,Đức hạnh,Phẩm chất,,,true,2026-03-26 14:30:40.658877,2026-03-26 14:30:40.658877
2bc69529-405a-496a-9d2e-04d300d7b009,b317a1e7-1993-43b0-bb4d-84738612837c,Existentialism,Existence philosophy,ˌɛɡ.zɪˈstɛn.ʃə.lɪz.əm,noun,Existentialism freedom.,Hiện sinh chủ,Triết học,,,true,2026-03-26 14:30:40.658877,2026-03-26 14:30:40.658877
2bd62ff3-0dd7-46ea-9028-d6907cfdfd2a,c326f285-fc07-4764-a284-b7222d917173,Wife,Married woman,waɪf,noun,His wife is teacher.,Vợ,Người phụ nữ kết,,,true,2026-03-26 14:30:40.658877,2026-03-26 14:30:40.658877
2bece6bb-fa3a-4b8e-ac4f-62ea5fb1b568,644fe377-999e-4856-ae36-3bbea5352c69,Daughter,Female child,ˈdɔ.tɚ,noun,She has daughters.,Con gái,Đứa con nữ,,,true,2026-03-26 14:30:40.658877,2026-03-26 14:30:40.658877
2c324e51-a022-41f5-b6f8-8df01dc63749,923f19cb-bd8c-4b71-b762-0f409c965762,Virtue,Moral quality,ˈvɝ.tʃu,noun,Virtue happiness path.,Đức hạnh,Phẩm chất,,,true,2026-03-26 14:30:40.658877,2026-03-26 14:30:40.658877
2c3c60ed-1e50-410c-be3b-fe1445c656a6,b07f3d0e-a184-4cd0-937d-4f3cbd063d36,Welcome,Greet visitor,ˈwɛl.kəm,interjection,Welcome home!,Chào mừng,Lời chào mừng,,,true,2026-03-26 14:30:40.658877,2026-03-26 14:30:40.658877
2c525989-efcf-42d8-95ee-aa1c2e9526fd,e1c6a531-951b-49e8-a205-ed0b9486f723,Ethics,Moral principles,ˈɛθ.ɪks,noun,Ethics guide decisions.,Đạo đức,Nguyên tắc,,,true,2026-03-26 14:30:40.658877,2026-03-26 14:30:40.658877
2c573a1e-d5fd-4727-b44b-a64f1621aaa2,9746df2b-8bde-432c-ab17-aac73f51c1f6,surfing,riding waves on board,/surfing/,danh từ,surfing example,surfing,Một khái niệm liên quan đến sports,,,true,2026-03-18 23:27:06.141,2026-03-18 23:27:06.141
2c632f02-241e-4025-ab23-f0fe98665807,0ceda941-9b55-403f-abf7-fb080315789d,weekend,Saturday and Sunday; days of rest,ˈwiːkend,danh từ,I stay home on weekend,cuối tuần,Thứ bảy và Chủ nhật; những ngày nghỉ,,,true,2026-03-18 23:22:53.645,2026-03-18 23:22:53.645
2c8bb0c7-7984-4565-88df-54cf0765751e,370abe73-2ce6-40b0-b3ef-82d8f9857e1f,Existence,State being,ɪɡˈzɪs.təns,noun,Existence God debated.,Tồn tại,Trạng thái hiện,,,true,2026-03-26 14:30:40.658877,2026-03-26 14:30:40.658877
2cffc31f-a5dd-47f9-ba0d-d8c658026b70,967cb953-d9f0-413d-9444-c2de97d17102,Fiction,Imaginary literature,ˈfɪk.ʃən,noun,Science fiction explores.,Tiểu thuyết,Văn học tưởng tượng,,,true,2026-03-26 14:30:40.658877,2026-03-26 14:30:40.658877
2d11faa0-5b48-4e32-9176-9a70ab26f1ad,169b29f8-cd25-4fd5-9e0c-bcf9fdd56b6a,Welcome,Greet visitor,ˈwɛl.kəm,interjection,Welcome home!,Chào mừng,Lời chào mừng,,,true,2026-03-26 14:30:40.658877,2026-03-26 14:30:40.658877
2d14d1e0-2d65-49e6-80d5-450a409c1102,f2546e9a-13dd-460f-97a6-4a9d4903e6be,Worried,Feeling anxiety,ˈwɝ.id,adjective,Worried exam.,Lo lắng,Cảm giác lo,,,true,2026-03-26 14:30:40.658877,2026-03-26 14:30:40.658877
2d291fb7-589c-424e-824d-3e79ddb63e9f,3762124f-a01f-42b4-a821-e14298c128dc,Eight,Number 8,eɪt,number,I have eight pens.,Tám,Số 8,,,true,2026-03-26 14:30:40.658877,2026-03-26 14:30:40.658877
2d314c38-a76c-407e-8baa-2a8384be58eb,cdf5e6d8-efec-4421-8c70-814cd0fff4e7,card,payment or credit device,/card/,danh từ,card example,card,Một khái niệm liên quan đến finance,,,true,2026-03-18 23:27:06.141,2026-03-18 23:27:06.141
2da2e7db-d3aa-4df5-89b8-418bfd19cce8,68cc7887-5460-44f9-a583-9dbf0e95b24d,Logic,Reasoning system,ˈlɑdʒ.ɪk,noun,Logic basis philosophy.,Lôgic,Hệ thống,,,true,2026-03-26 14:30:40.658877,2026-03-26 14:30:40.658877
2dc77fda-6ed8-4b86-8c5c-057494c2592e,ef83ea3c-996c-4048-8968-7237e72a6e5d,Husband,Married man,ˈhʌz.bənd,noun,Her husband is doctor.,Chồng,Người đàn ông kết,,,true,2026-03-26 14:30:40.658877,2026-03-26 14:30:40.658877
2dcd0a43-5cc8-407a-8e63-ea08691993b6,efe6a928-8995-47cc-8e83-458a37872a80,Grandmother,Mother of parent,ˈɡræn.ˌmʌð.ɚ,noun,Grandmother tells stories.,Bà,"Ngoại, nội",,,true,2026-03-26 14:30:40.658877,2026-03-26 14:30:40.658877
2df1239c-b151-4661-976c-c9287c37740a,dd56df6c-e0c0-44a9-b706-28b5106b1978,Nihilism,Nothing meaning belief,ˈnaɪ.ə.lɪz.əm,noun,Nihilism values denies.,Vô chủ nghĩa,Niềm tin,,,true,2026-03-26 14:30:40.658877,2026-03-26 14:30:40.658877
2e60dabd-9fce-4310-8816-59faf3c92b96,bced27c8-2c20-4107-bf2d-2dfe46687373,Baby,Young child,ˈbeɪ.bi,noun,Baby is sleeping.,Em bé,Trẻ sơ sinh,,,true,2026-03-26 14:30:40.658877,2026-03-26 14:30:40.658877
2ecafd18-d0f2-4048-b416-e287e3866f69,d5b49957-9ff7-450f-ae5b-da190b021f76,Please,Polite request,pliz,adverb,Please pass salt.,Vui lòng,Yêu cầu lịch sự,,,true,2026-03-26 14:30:40.658877,2026-03-26 14:30:40.658877
2ecf638d-9441-4bb2-b3f0-0881c9a4c473,b317a1e7-1993-43b0-bb4d-84738612837c,Ethics,Moral principles,ˈɛθ.ɪks,noun,Ethics guide decisions.,Đạo đức,Nguyên tắc,,,true,2026-03-26 14:30:40.658877,2026-03-26 14:30:40.658877
2ef0bbf6-2baa-4fdb-9789-b8b749a1d37e,f5e165ea-d9f9-45d5-90d3-2acf41ea2d21,five,the number 5; five fingers on hand,faɪv,danh từ,I have five fingers,số năm,Số 5; năm ngón tay trên tay,,,true,2026-03-18 23:22:53.645,2026-03-18 23:22:53.645
2f0a74d5-cf09-4dbe-b649-fa2d4e9acde1,a844c983-7824-498a-811d-ed90b6d6f9e1,card,payment device,/card/,danh từ,card example,card,Một khái niệm liên quan đến shopping,,,true,2026-03-18 23:27:06.141,2026-03-18 23:27:06.141
2f27d74b-827f-4969-a9ed-e98c51ed2be1,9c08d2d5-ab12-4b90-9273-35e16928fd20,Wife,Married woman,waɪf,noun,His wife is teacher.,Vợ,Người phụ nữ kết,,,true,2026-03-26 14:30:40.658877,2026-03-26 14:30:40.658877
2f3a1312-98b1-4f68-b828-b5462d72c546,306cd435-7556-4ca6-b508-0a5dfdec7100,Eight,Number 8,eɪt,number,I have eight pens.,Tám,Số 8,,,true,2026-03-26 14:30:40.658877,2026-03-26 14:30:40.658877
2f3d5715-a50d-4bd6-8fe3-4ddc8241999b,faf4d62d-4fb0-4373-8fd4-3a5360963de1,Worried,Feeling anxiety,ˈwɝ.id,adjective,Worried exam.,Lo lắng,Cảm giác lo,,,true,2026-03-26 14:30:40.658877,2026-03-26 14:30:40.658877
2f95fa8e-4bb6-4b22-9f42-b21628d503d1,861b28e6-a21c-4b16-8250-0228c87f55b4,Hundred,Number 100,ˈhʌn.drəd,number,One hundred students.,Trăm,Số 100,,,true,2026-03-26 14:30:40.658877,2026-03-26 14:30:40.658877
2fa39c15-43f2-4147-82b0-0a6dbf30035e,67df2b1f-aa96-48db-b64d-0d889f000e9a,Relaxed,Feeling calmness,rɪˈlækst,adjective,Relaxed home.,Thư thái,Cảm giác calm,,,true,2026-03-26 14:30:40.658877,2026-03-26 14:30:40.658877
2fa6a904-4f33-489c-b0c0-ba63c2af3142,5ff5c9d7-f265-4925-88c7-c44b7ae1e531,arm,limb with hand,ɑːrm,danh từ,Strong arms,cánh tay,chi với tay,,,true,2026-03-18 23:26:07.668,2026-03-18 23:26:07.668
307aa7e9-3785-47b1-b72e-337141159d29,eb6906e7-a8e8-4b94-9da9-59a659e92fda,rainy,with rain falling from clouds,ˈreɪni,danh từ,Rainy days are wet,mưa,mưa rơi từ mây,,,true,2026-03-18 23:26:07.668,2026-03-18 23:26:07.668
30999bb9-4d0c-44ea-ab68-725f45578c5f,88443e68-aebe-44f0-800c-c17266b21ff9,Relaxed,Feeling calmness,rɪˈlækst,adjective,Relaxed home.,Thư thái,Cảm giác calm,,,true,2026-03-26 14:30:40.658877,2026-03-26 14:30:40.658877
30bac4f3-f31e-4cc2-9609-5f52d95f00ca,b317a1e7-1993-43b0-bb4d-84738612837c,Aesthetics,Beauty study,ɛsˈθɛt.ɪks,noun,Aesthetics beauty.,Thẩm mỹ,Nghiên cứu,,,true,2026-03-26 14:30:40.658877,2026-03-26 14:30:40.658877
314dca40-d640-41ad-8d6c-827fc9d000cc,aa794f3a-f98a-43df-8271-67b923f0f383,Tired,Feeling exhaustion,ˈtaɪɚd,adjective,I tired after work.,Mệt,Cảm giác mỏi,,,true,2026-03-26 14:30:40.658877,2026-03-26 14:30:40.658877
31521021-b31e-4e57-bcec-9364e80deee5,79c47bf8-ccad-4d92-807d-c7cdafd034c0,Jealous,Feeling envy,ˈdʒɛl.əs,adjective,Jealous sister.,Ghen tị,Cảm giác ghen,,,true,2026-03-26 14:30:40.658877,2026-03-26 14:30:40.658877
3152b7c1-983e-48ce-b73a-94b18ee345ac,59baddf7-e856-4276-9fab-c2cbd73c8911,Lonely,Feeling isolation,ˈloʊn.li,adjective,She lonely sometimes.,Cô đơn,Cảm giác cô,,,true,2026-03-26 14:30:40.658877,2026-03-26 14:30:40.658877
3171d682-fcaf-41b6-94f0-350441b030ff,8f558c2d-9555-4f2e-a822-5c74891ffe67,And you,Return greeting,ən juː,phrase,And you yourself?,Còn bạn,Trả lời chào,,,true,2026-03-26 14:30:40.658877,2026-03-26 14:30:40.658877
319e01cb-5f94-4485-afbb-1793d3700a7c,3ee29751-c03a-4df1-b428-51e2797aba31,Stoicism,Virtue philosophy,ˈstoʊ.ɪ.sɪz.əm,noun,Stoicism teaches acceptance.,Khắc kỷ,Triết học,,,true,2026-03-26 14:30:40.658877,2026-03-26 14:30:40.658877
31c0f84b-93ff-4f34-80a2-d97874dd35ba,4e41fc79-f556-476c-b28f-f579df42a2ba,Hello,Polite greeting,həˈloʊ,interjection,"Hello, how are you?",Xin chào,Cách chào hỏi,,,true,2026-03-26 14:30:40.658877,2026-03-26 14:30:40.658877
31cfa57f-f7cc-4ce1-a1ce-8b6b3803ed31,89da3255-c13a-4384-9292-e7a67b866ee0,Ethics,Moral principles,ˈɛθ.ɪks,noun,Ethics guide decisions.,Đạo đức,Nguyên tắc,,,true,2026-03-26 14:30:40.658877,2026-03-26 14:30:40.658877
31ec0212-3d3d-4f5a-be57-c89e34a95199,f2546e9a-13dd-460f-97a6-4a9d4903e6be,Tired,Feeling exhaustion,ˈtaɪɚd,adjective,I tired after work.,Mệt,Cảm giác mỏi,,,true,2026-03-26 14:30:40.658877,2026-03-26 14:30:40.658877
31f66f80-3452-47ad-b831-a7632790fc6a,ce34e158-9a8f-400a-a082-d921b3afdb61,Nine,Number 9,naɪn,number,I have nine flowers.,Chín,Số 9,,,true,2026-03-26 14:30:40.658877,2026-03-26 14:30:40.658877
3212ad57-8d88-4457-ad8f-26017eadb6ea,e1c6a531-951b-49e8-a205-ed0b9486f723,Nihilism,Nothing meaning belief,ˈnaɪ.ə.lɪz.əm,noun,Nihilism values denies.,Vô chủ nghĩa,Niềm tin,,,true,2026-03-26 14:30:40.658877,2026-03-26 14:30:40.658877
322cac97-7bbd-418e-83ba-bb2837e21ffb,f19c0271-02f0-46de-b01d-d124844bd385,Husband,Married man,ˈhʌz.bənd,noun,Her husband is doctor.,Chồng,Người đàn ông kết,,,true,2026-03-26 14:30:40.658877,2026-03-26 14:30:40.658877
323eee17-8ebe-458b-9c3c-ad3dfaa33af1,ac13c7e8-492c-46d1-b46e-755272c6d9d6,Dialectic,Argument method,daɪˈælɛk.tɪk,noun,Hegel dialectic used.,Biện luận,Phương pháp,,,true,2026-03-26 14:30:40.658877,2026-03-26 14:30:40.658877
324bc186-a6e1-493e-8976-932fc240251b,f5963936-9e64-4d38-bd67-8490e7b3a302,Baby,Young child,ˈbeɪ.bi,noun,Baby is sleeping.,Em bé,Trẻ sơ sinh,,,true,2026-03-26 14:30:40.658877,2026-03-26 14:30:40.658877
324bcf5c-3a6b-4879-a9fa-5f3f9703ee5b,faf4d62d-4fb0-4373-8fd4-3a5360963de1,Jealous,Feeling envy,ˈdʒɛl.əs,adjective,Jealous sister.,Ghen tị,Cảm giác ghen,,,true,2026-03-26 14:30:40.658877,2026-03-26 14:30:40.658877
325eed8f-79f9-4912-8413-363092a3c8a1,859a1e12-e633-40e5-b4e2-b7e9dfd2a7d7,black,the darkest color; the absence of light or color,blæk,danh từ,Black cats are cute,màu đen,Màu tối nhất; sự vắng mặt của ánh sáng hoặc màu sắc,,,true,2026-03-18 23:22:53.645,2026-03-18 23:22:53.645
327b6505-cff0-41cf-8da9-a178077f74e3,cf8c05bc-3687-4329-be42-38da0c0125ca,Ontology,Existence study,ɑnˈtɑl.ə.dʒi,noun,Ontology explores reality.,Bản thể luận,Sự tồn tại,,,true,2026-03-26 14:30:40.658877,2026-03-26 14:30:40.658877
328e12c3-9aea-4748-8291-3d2b5a2f2f13,bdace7d5-30a7-49fe-a09e-ea0657efb79d,banana,a long yellow fruit; soft tropical fruit,bəˈnænə,danh từ,Banana is yellow,chuối,Một quả dài màu vàng; quả nhiệt đới mềm,,,true,2026-03-18 23:22:53.645,2026-03-18 23:22:53.645
32947e27-1c58-4bf4-a343-4a181af0be04,4e41fc79-f556-476c-b28f-f579df42a2ba,Welcome,Greet visitor,ˈwɛl.kəm,interjection,Welcome home!,Chào mừng,Lời chào mừng,,,true,2026-03-26 14:30:40.658877,2026-03-26 14:30:40.658877
32d966c3-0512-44b7-bfe7-8ae441975657,1a91724d-2d99-4c3f-a140-ea1e6c617aeb,Twelve,Number 12,twɛlv,number,Twelve months here.,Mười hai,Số 12,,,true,2026-03-26 14:30:40.658877,2026-03-26 14:30:40.658877
32f8c657-a28e-42b5-aac0-325713c79f88,0f7467d0-de49-4732-a5eb-3d62ebbb0bf2,bird,an animal with feathers and wings that can fly,bɜːrd,danh từ,Birds sing beautifully,chim,Một con vật có lông và cánh có thể bay,,,true,2026-03-18 23:22:53.645,2026-03-18 23:22:53.645
32ffa287-45c4-4d21-8c05-07d7fdc97f12,ad3e6677-2586-40ff-bd67-b5e6acd96ad7,Angry,Feeling rage,ˈæŋ.ɡri,adjective,She is angry us.,Tức giận,Cảm giác giận,,,true,2026-03-26 14:30:40.658877,2026-03-26 14:30:40.658877
3326c808-8f1b-4887-b3fa-69d725f77e0d,b4326ceb-0fb7-49f5-aac6-a54bdd1d9163,Existence,State being,ɪɡˈzɪs.təns,noun,Existence God debated.,Tồn tại,Trạng thái hiện,,,true,2026-03-26 14:30:40.658877,2026-03-26 14:30:40.658877
332e3821-952a-4912-8557-7eb84d963735,89da3255-c13a-4384-9292-e7a67b866ee0,Virtue,Moral quality,ˈvɝ.tʃu,noun,Virtue happiness path.,Đức hạnh,Phẩm chất,,,true,2026-03-26 14:30:40.658877,2026-03-26 14:30:40.658877
335c624e-d7be-484f-a777-c5a9930b3347,d4986ac8-fc5b-4d7c-9960-c7a32512ee69,I am fine,Good response,ˌaɪm ˈfaɪn,phrase,I am fine thanks.,Tôi khỏe,Phản hồi tốt,,,true,2026-03-26 14:30:40.658877,2026-03-26 14:30:40.658877
3367861f-64b4-440b-b95d-e93c11ddf5b6,c4423548-9463-45ef-bc70-285c0c8c3ea1,Stoicism,Virtue philosophy,ˈstoʊ.ɪ.sɪz.əm,noun,Stoicism teaches acceptance.,Khắc kỷ,Triết học,,,true,2026-03-26 14:30:40.658877,2026-03-26 14:30:40.658877
336aa773-e170-452a-998a-b3d9d8a8a275,f3aaed13-86c6-49be-8f73-c117a646f1ff,Ashamed,Feeling shame,əˈʃeɪmd,adjective,He ashamed behavior.,Xấu hổ,Cảm giác xấu,,,true,2026-03-26 14:30:40.658877,2026-03-26 14:30:40.658877
336f0ded-dc1f-4731-a659-25d4bb884cdd,ddea0c96-bacc-484f-9d4d-66d741cc51d8,Thank you,Express gratitude,ˈθæŋk juː,phrase,Thank you for help.,Cảm ơn,Tỏ lòng biết ơn,,,true,2026-03-26 14:30:40.658877,2026-03-26 14:30:40.658877
3375523f-7851-4a31-a7f5-9eebd0f84878,71802fc1-9c2b-49d9-93ca-0140d294e318,injury,damage to body,/injury/,danh từ,injury example,injury,Một khái niệm liên quan đến health,,,true,2026-03-18 23:27:06.141,2026-03-18 23:27:06.141
339a5c5a-dcc2-4698-867a-846181a94855,69d16e3e-74ca-45eb-8c06-8cef65b85134,Metaphysics,Reality study,ˌmɛt.əˈfɪz.ɪks,noun,Metaphysics questions.,Siêu hình,Thực tại,,,true,2026-03-26 14:30:40.658877,2026-03-26 14:30:40.658877
33b431f5-9b47-48de-ae68-637e72a56993,cf8c05bc-3687-4329-be42-38da0c0125ca,Logic,Reasoning system,ˈlɑdʒ.ɪk,noun,Logic basis philosophy.,Lôgic,Hệ thống,,,true,2026-03-26 14:30:40.658877,2026-03-26 14:30:40.658877
33b687d0-82e0-4f19-b5e9-1b5a5eaaa86a,73f5c5b2-5c82-4434-bcef-a0ad0e5d7de5,Wife,Married woman,waɪf,noun,His wife is teacher.,Vợ,Người phụ nữ kết,,,true,2026-03-26 14:30:40.658877,2026-03-26 14:30:40.658877
33c42114-840a-4055-941f-ca839c43cd78,cf8c05bc-3687-4329-be42-38da0c0125ca,Ethics,Moral principles,ˈɛθ.ɪks,noun,Ethics guide decisions.,Đạo đức,Nguyên tắc,,,true,2026-03-26 14:30:40.658877,2026-03-26 14:30:40.658877
33cb2fb4-dd12-43f7-81f1-d6d680bbfa78,c4f69ac2-b089-44ca-a48e-67f1636f0314,aunt,sister of parent or parent's sister-in-law,ænt,danh từ,Aunt is funny,cô/dì/bác,Chị hoặc em người bố hoặc mẹ; người thân nữ,,,true,2026-03-18 23:22:53.645,2026-03-18 23:22:53.645
340b1dee-c61a-4e8c-bf81-d785d12ec8d2,6099eea9-f4d6-4738-9662-d01b6f6f2a12,pencil,writing instrument with graphite,/pencil/,danh từ,pencil example,pencil,Một khái niệm liên quan đến school,,,true,2026-03-18 23:27:06.141,2026-03-18 23:27:06.141
3429c47c-c426-4cad-afe6-f837d1e87ca9,faf4d62d-4fb0-4373-8fd4-3a5360963de1,Excited,Feeling enthusiasm,ɪkˈsaɪ.tɪd,adjective,I excited trip.,Phấn khích,Cảm giác hạnh,,,true,2026-03-26 14:30:40.658877,2026-03-26 14:30:40.658877
343ed1f3-0649-4f24-a0d8-b89f6936f6b2,12c09afc-e4cd-4cc3-b911-1e5d9e07c387,Relaxed,Feeling calmness,rɪˈlækst,adjective,Relaxed home.,Thư thái,Cảm giác calm,,,true,2026-03-26 14:30:40.658877,2026-03-26 14:30:40.658877
34708884-3372-43e5-b68b-b723bd3bc59d,474d17e5-c32b-4585-9bfd-feefa44aa3a8,Epistemology,Knowledge study,ˌɛp.ɪ.stəˈmɑl.ə.dʒi,noun,Epistemology knowledge.,Nhận thức luận,Nghiên cứu,,,true,2026-03-26 14:30:40.658877,2026-03-26 14:30:40.658877
3498843f-a8d7-4ccf-b028-3713c6e7865a,4622c636-7957-4f30-9bc4-5fae81775631,garage,space for cars,/garage/,danh từ,One car garage,nhà để xe,chỗ cho ô tô,,,true,2026-03-18 23:26:07.668,2026-03-18 23:26:07.668
34a7dfcd-05a5-40fb-9621-8307b895735d,fed0d635-a1bb-4732-bb7a-b8caf4c21b12,tour,guided journey through place,/tour/,danh từ,tour example,tour,Một khái niệm liên quan đến travel,,,true,2026-03-18 23:27:06.141,2026-03-18 23:27:06.141
34c853f7-d994-4f07-bbdf-42ca184fd23a,568d01b2-5a64-4823-afa2-fd4664ca4c1c,One,Number 1,wʌn,number,I have one cat.,Một,Số 1,,,true,2026-03-26 14:30:40.658877,2026-03-26 14:30:40.658877
34de8378-6b97-4088-8462-b2b7b6f56488,2cf6f90d-7ccb-417b-929e-361097a98afa,Neoclassicism,Revival of classical,ˌni.oʊˈklæs.ə.sɪz.əm,noun,Neoclassicism valued harmony.,Tân cổ điển,Phục hưng cổ điển,,,true,2026-03-26 14:30:40.658877,2026-03-26 14:30:40.658877
34dfefe6-db81-4dff-96d9-9739f4a2dce0,f2867ff8-da21-42e1-ad58-ff38fa6324b8,Son,Male child,sʌn,noun,He has son.,Con trai,Đứa con nam,,,true,2026-03-26 14:30:40.658877,2026-03-26 14:30:40.658877
34fb3f81-bbfd-4cb5-b9a4-1ff41c15fb9b,f25b9620-2fc5-4079-8647-8f5dbf5ca619,mouse,pointing input device,/mouse/,danh từ,mouse example,mouse,Một khái niệm liên quan đến technology,,,true,2026-03-18 23:27:06.141,2026-03-18 23:27:06.141
3524bb8a-7b24-4898-b586-fa1a879b84d7,b4326ceb-0fb7-49f5-aac6-a54bdd1d9163,Metaphysics,Reality study,ˌmɛt.əˈfɪz.ɪks,noun,Metaphysics questions.,Siêu hình,Thực tại,,,true,2026-03-26 14:30:40.658877,2026-03-26 14:30:40.658877
3539258e-2e04-4ce8-a0ac-bb184b815e1f,6099eea9-f4d6-4738-9662-d01b6f6f2a12,student,a person learning at school,/student/,danh từ,student example,học sinh,Một khái niệm liên quan đến school,,,true,2026-03-18 23:27:06.141,2026-03-18 23:27:06.141
356f6830-4cb3-4988-b0c1-d5c380cc0b85,84b45efa-148b-4307-94b0-ebaae6c7b32a,Aesthetics,Beauty study,ɛsˈθɛt.ɪks,noun,Aesthetics beauty.,Thẩm mỹ,Nghiên cứu,,,true,2026-03-26 14:30:40.658877,2026-03-26 14:30:40.658877
3589a68f-80e1-4e26-bb07-7eafaf29ee4f,764cc2ce-f217-4c78-9799-04685ba95ab7,jeans,casual pants made of denim,/jeans/,danh từ,Blue jeans are casual,quần jeans,quần bình thường làm từ vải denim,,,true,2026-03-18 23:26:07.668,2026-03-18 23:26:07.668
358e8d35-021b-498c-8c86-f95c4af5922c,5dd944a2-6707-4592-a3c4-99c480de8197,Jealous,Feeling envy,ˈdʒɛl.əs,adjective,Jealous sister.,Ghen tị,Cảm giác ghen,,,true,2026-03-26 14:30:40.658877,2026-03-26 14:30:40.658877
35a44f19-4816-4488-903e-c4a3c1d0ab59,d5b49957-9ff7-450f-ae5b-da190b021f76,Sorry,Apologize,ˈsɑr.i,adjective,"Sorry, I hurried.",Xin lỗi,Lời xin lỗi,,,true,2026-03-26 14:30:40.658877,2026-03-26 14:30:40.658877
35c44831-e3f4-4999-a712-f581d1552704,349e1df9-b9b6-4a64-ab4b-babd170cadc4,Hundred,Number 100,ˈhʌn.drəd,number,One hundred students.,Trăm,Số 100,,,true,2026-03-26 14:30:40.658877,2026-03-26 14:30:40.658877
35d6692c-4a80-4ea9-85e7-27ad81ca9973,5ff5c9d7-f265-4925-88c7-c44b7ae1e531,ears,organs for hearing,ɪrz,danh từ,Small ears,tai,cơ quan nghe,,,true,2026-03-18 23:26:07.668,2026-03-18 23:26:07.668
35db81e4-66fa-4303-ba8d-e48b97fea17d,65b2fc5a-c86b-4f36-8107-f8ee0ebe5d78,Hello,Polite greeting,həˈloʊ,interjection,"Hello, how are you?",Xin chào,Cách chào hỏi,,,true,2026-03-26 14:30:40.658877,2026-03-26 14:30:40.658877
35f97e6e-58c5-45ec-9cf7-012fa23f1556,afa3e499-8717-431c-93a3-3d851d68fc7e,Husband,Married man,ˈhʌz.bənd,noun,Her husband is doctor.,Chồng,Người đàn ông kết,,,true,2026-03-26 14:30:40.658877,2026-03-26 14:30:40.658877
36487deb-06d2-4379-938f-d18fae2b785e,68cc7887-5460-44f9-a583-9dbf0e95b24d,Nihilism,Nothing meaning belief,ˈnaɪ.ə.lɪz.əm,noun,Nihilism values denies.,Vô chủ nghĩa,Niềm tin,,,true,2026-03-26 14:30:40.658877,2026-03-26 14:30:40.658877
36523da1-f328-47ec-b72e-bbf7a63a7613,ed55870d-2fd2-4ba1-b0aa-7a280a6cd587,Existentialism,Existence philosophy,ˌɛɡ.zɪˈstɛn.ʃə.lɪz.əm,noun,Existentialism freedom.,Hiện sinh chủ,Triết học,,,true,2026-03-26 14:30:40.658877,2026-03-26 14:30:40.658877
3674bfe3-0f19-4686-a8a6-0b6ccc6f930f,12c09afc-e4cd-4cc3-b911-1e5d9e07c387,Ashamed,Feeling shame,əˈʃeɪmd,adjective,He ashamed behavior.,Xấu hổ,Cảm giác xấu,,,true,2026-03-26 14:30:40.658877,2026-03-26 14:30:40.658877
36a1d593-623b-4554-a7f3-c7b23a9f9c32,3bbde304-12b8-40b2-a620-510efc4a776f,Hundred,Number 100,ˈhʌn.drəd,number,One hundred students.,Trăm,Số 100,,,true,2026-03-26 14:30:40.658877,2026-03-26 14:30:40.658877
36aa9caa-943c-4816-903d-dd3a2989e9d0,70c77765-6416-4d36-950a-7c93580b2fa0,Confident,Feeling self belief,ˈkɑn.fɪ.dənt,adjective,Confident skills.,Tự tin,Cảm giác tin,,,true,2026-03-26 14:30:40.658877,2026-03-26 14:30:40.658877
36b2be9d-b26e-4749-974e-e3741dde0db9,c4f69ac2-b089-44ca-a48e-67f1636f0314,child,a young person; not yet an adult,tʃaɪld,danh từ,Children like playing,trẻ em,Người trẻ; cậu/cô bé chưa phải người lớn,,,true,2026-03-18 23:22:53.645,2026-03-18 23:22:53.645
37201370-89f5-4db1-8968-dac3a227fc16,5dd944a2-6707-4592-a3c4-99c480de8197,Excited,Feeling enthusiasm,ɪkˈsaɪ.tɪd,adjective,I excited trip.,Phấn khích,Cảm giác hạnh,,,true,2026-03-26 14:30:40.658877,2026-03-26 14:30:40.658877
37349039-1bb7-446a-a17c-437ade40c4d9,b07f3d0e-a184-4cd0-937d-4f3cbd063d36,Thank you,Express gratitude,ˈθæŋk juː,phrase,Thank you for help.,Cảm ơn,Tỏ lòng biết ơn,,,true,2026-03-26 14:30:40.658877,2026-03-26 14:30:40.658877
37a08529-1164-4b27-9460-47420856209d,c1c8f750-8c0e-4b88-89d9-149307fdb3e2,watching movies,viewing films for entertainment,/watching movies/,danh từ,watching movies example,watching movies,Một khái niệm liên quan đến hobbies,,,true,2026-03-18 23:27:06.141,2026-03-18 23:27:06.141
37b5dae8-027c-4282-bce6-52c70332e8c7,e62729fd-2c68-41d8-8dea-aec377434133,Stoicism,Virtue philosophy,ˈstoʊ.ɪ.sɪz.əm,noun,Stoicism teaches acceptance.,Khắc kỷ,Triết học,,,true,2026-03-26 14:30:40.658877,2026-03-26 14:30:40.658877
37d6b77c-a70b-4ae6-8c93-3ec27b35896d,89da3255-c13a-4384-9292-e7a67b866ee0,Pragmatism,Results based,ˈpræɡ.mə.tɪz.əm,noun,Pragmatism results.,Thực dụng,Dựa trên,,,true,2026-03-26 14:30:40.658877,2026-03-26 14:30:40.658877
3811f050-88ce-40d6-a472-ffc4484e92fc,dd37cd9c-fd13-43c8-8f32-cc50a38476a0,Nihilism,Nothing meaning belief,ˈnaɪ.ə.lɪz.əm,noun,Nihilism values denies.,Vô chủ nghĩa,Niềm tin,,,true,2026-03-26 14:30:40.658877,2026-03-26 14:30:40.658877
38254d23-a4e7-4ed5-9439-49b0b121e71b,41b7f321-295c-488c-af33-14211bb75fa7,Son,Male child,sʌn,noun,He has son.,Con trai,Đứa con nam,,,true,2026-03-26 14:30:40.658877,2026-03-26 14:30:40.658877
3834b5e2-1f8c-4ad3-9603-fcc69ac5dca3,29889dcf-a772-4499-bf3b-826af93ea3b0,Lonely,Feeling isolation,ˈloʊn.li,adjective,She lonely sometimes.,Cô đơn,Cảm giác cô,,,true,2026-03-26 14:30:40.658877,2026-03-26 14:30:40.658877
3850144a-7b26-434e-9785-9423166d7dcb,1a91724d-2d99-4c3f-a140-ea1e6c617aeb,Hundred,Number 100,ˈhʌn.drəd,number,One hundred students.,Trăm,Số 100,,,true,2026-03-26 14:30:40.658877,2026-03-26 14:30:40.658877
3863e1fa-ed67-4b63-b64d-18c27709ac7b,563bcdd8-3e04-4744-947b-08885bc9308b,Brother,Male sibling,ˈbrʌð.ɚ,noun,My brother plays sports.,Anh em trai,Anh chị em,,,true,2026-03-26 14:30:40.658877,2026-03-26 14:30:40.658877
38948b7a-3975-48cc-8ad5-2eaf479b119d,169b29f8-cd25-4fd5-9e0c-bcf9fdd56b6a,Sorry,Apologize,ˈsɑr.i,adjective,"Sorry, I hurried.",Xin lỗi,Lời xin lỗi,,,true,2026-03-26 14:30:40.658877,2026-03-26 14:30:40.658877
38b213bc-bade-479a-b748-9ab82f0a1dd0,3ee29751-c03a-4df1-b428-51e2797aba31,Pragmatism,Results based,ˈpræɡ.mə.tɪz.əm,noun,Pragmatism results.,Thực dụng,Dựa trên,,,true,2026-03-26 14:30:40.658877,2026-03-26 14:30:40.658877
38b307c5-cfa4-49ba-8417-8896d130346a,2f78ac95-e536-4cc1-bd0e-e350497283ee,Baby,Young child,ˈbeɪ.bi,noun,Baby is sleeping.,Em bé,Trẻ sơ sinh,,,true,2026-03-26 14:30:40.658877,2026-03-26 14:30:40.658877
38c108f6-b133-4074-9882-38d3d51da100,c19483d2-a4f7-462e-a5b8-6fb57f61ef95,Husband,Married man,ˈhʌz.bənd,noun,Her husband is doctor.,Chồng,Người đàn ông kết,,,true,2026-03-26 14:30:40.658877,2026-03-26 14:30:40.658877
38d8d8a8-9622-48f2-91fb-dc9ee615252c,b48f8788-ab02-4e87-a86b-e4cda07b2a8d,Wife,Married woman,waɪf,noun,His wife is teacher.,Vợ,Người phụ nữ kết,,,true,2026-03-26 14:30:40.658877,2026-03-26 14:30:40.658877
38dcdffa-b045-4211-881c-5337c3a81817,ddea0c96-bacc-484f-9d4d-66d741cc51d8,Please,Polite request,pliz,adverb,Please pass salt.,Vui lòng,Yêu cầu lịch sự,,,true,2026-03-26 14:30:40.658877,2026-03-26 14:30:40.658877
38f72f8d-132b-4ec8-8cf4-cca786cf7b01,5dd944a2-6707-4592-a3c4-99c480de8197,Angry,Feeling rage,ˈæŋ.ɡri,adjective,She is angry us.,Tức giận,Cảm giác giận,,,true,2026-03-26 14:30:40.658877,2026-03-26 14:30:40.658877
39195bda-bab9-4643-bf7c-8a9e7e32176f,a844c983-7824-498a-811d-ed90b6d6f9e1,customer,person who buys items,/customer/,danh từ,customer example,customer,Một khái niệm liên quan đến shopping,,,true,2026-03-18 23:27:06.141,2026-03-18 23:27:06.141
3926556d-6cd6-42fc-8921-ae2b37a56ffb,349e1df9-b9b6-4a64-ab4b-babd170cadc4,Twenty,Number 20,ˈtwɛn.ti,number,I have twenty dollars.,Hai mươi,Số 20,,,true,2026-03-26 14:30:40.658877,2026-03-26 14:30:40.658877
39637b77-3719-4ff9-b7cd-711f47cba4c8,c1c8f750-8c0e-4b88-89d9-149307fdb3e2,singing,producing musical sounds,/singing/,danh từ,singing example,singing,Một khái niệm liên quan đến hobbies,,,true,2026-03-18 23:27:06.141,2026-03-18 23:27:06.141
39664ed6-736b-40d8-9b24-d8932b610abe,f46a14f4-283c-4d9b-b52b-76e8648d68c4,Vice,Moral fault,vaɪs,noun,Vice unhappiness.,Tội lỗi,Lỗi đạo,,,true,2026-03-26 14:30:40.658877,2026-03-26 14:30:40.658877
398052d5-8c0f-463f-8d78-1eafe79ee168,819c177f-eeaa-482b-9a10-e90cca890e76,Confident,Feeling self belief,ˈkɑn.fɪ.dənt,adjective,Confident skills.,Tự tin,Cảm giác tin,,,true,2026-03-26 14:30:40.658877,2026-03-26 14:30:40.658877
3982f29c-8288-4696-95d1-694cba09ca41,48adeeb4-ea05-4c89-95d1-7c278e83dedb,Stoicism,Virtue philosophy,ˈstoʊ.ɪ.sɪz.əm,noun,Stoicism teaches acceptance.,Khắc kỷ,Triết học,,,true,2026-03-26 14:30:40.658877,2026-03-26 14:30:40.658877
39c508f3-c365-4d48-a68d-750174019b32,644fe377-999e-4856-ae36-3bbea5352c69,Grandfather,Father of parent,ˈɡræn.ˌfɑ.ðɚ,noun,Grandfather is wise.,Ông,"Ngoại, nội",,,true,2026-03-26 14:30:40.658877,2026-03-26 14:30:40.658877
39cdc1e2-175b-45e8-be45-9b1f87539c11,9c08d2d5-ab12-4b90-9273-35e16928fd20,Mother,Female parent,ˈmʌð.ɚ,noun,My mother is kind.,Mẹ,Cha mẹ nữ,,,true,2026-03-26 14:30:40.658877,2026-03-26 14:30:40.658877
39e71087-5ade-4c7f-b693-005018d0dea0,501a150d-fbe9-48ce-be53-52a6f1aeb3ff,Jealous,Feeling envy,ˈdʒɛl.əs,adjective,Jealous sister.,Ghen tị,Cảm giác ghen,,,true,2026-03-26 14:30:40.658877,2026-03-26 14:30:40.658877
39f37399-46b8-451c-b497-1196ec01b81e,c4423548-9463-45ef-bc70-285c0c8c3ea1,Ethics,Moral principles,ˈɛθ.ɪks,noun,Ethics guide decisions.,Đạo đức,Nguyên tắc,,,true,2026-03-26 14:30:40.658877,2026-03-26 14:30:40.658877
3a19d352-1433-42cc-8577-c4f237f393ee,ddea0c96-bacc-484f-9d4d-66d741cc51d8,Sorry,Apologize,ˈsɑr.i,adjective,"Sorry, I hurried.",Xin lỗi,Lời xin lỗi,,,true,2026-03-26 14:30:40.658877,2026-03-26 14:30:40.658877
3a2ed808-aacb-4cbf-9417-f07951d7d9e8,2cf6f90d-7ccb-417b-929e-361097a98afa,Gallery,Art exhibition room,ˈɡæl.ə.ri,noun,Paintings hang in gallery.,Phòng trưng,Phòng triển lãm,,,true,2026-03-26 14:30:40.658877,2026-03-26 14:30:40.658877
3a6c46a6-b22d-47dd-8ed8-e2e33cd43acf,2bddc0bd-c221-4bc1-8b6f-72096e4a7674,Ashamed,Feeling shame,əˈʃeɪmd,adjective,He ashamed behavior.,Xấu hổ,Cảm giác xấu,,,true,2026-03-26 14:30:40.658877,2026-03-26 14:30:40.658877
3a9b5963-b897-4380-867f-71db8d9a6d88,5ff5c9d7-f265-4925-88c7-c44b7ae1e531,shoulder,upper part of arm joint,/shoulder/,danh từ,Broad shoulders,vai,phần trên của khớp tay,,,true,2026-03-18 23:26:07.668,2026-03-18 23:26:07.668
3aa806fe-2d31-4bad-8585-6d251fda4953,bdace7d5-30a7-49fe-a09e-ea0657efb79d,dragon fruit,a tropical fruit with pink skin and white or pink flesh,ˈdræɡən fruːt,danh từ,Dragon fruit is beautiful,thanh long,Một quả nhiệt đới với da hồng và thịt trắng hoặc hồng,,,true,2026-03-18 23:22:53.645,2026-03-18 23:22:53.645
3aa885cc-ae82-46da-a89c-c8dd4234b0f0,a844c983-7824-498a-811d-ed90b6d6f9e1,cost,amount to pay for something,/cost/,danh từ,cost example,cost,Một khái niệm liên quan đến shopping,,,true,2026-03-18 23:27:06.141,2026-03-18 23:27:06.141
3aa9d9b3-6ce5-4f1e-8609-8a675e7452d6,71802fc1-9c2b-49d9-93ca-0140d294e318,blood,red liquid in body,/blood/,danh từ,blood example,blood,Một khái niệm liên quan đến health,,,true,2026-03-18 23:27:06.141,2026-03-18 23:27:06.141
3aba6c84-d86a-4760-b3eb-a780264174c9,764cc2ce-f217-4c78-9799-04685ba95ab7,boots,long shoes covering ankle,/boots/,danh từ,Winter boots for snow,giày ống,giày dài che phủ mắt cá chân,,,true,2026-03-18 23:26:07.668,2026-03-18 23:26:07.668
3b1f85c3-ae2e-4505-b44c-ee5c111c94d3,205b1709-dae5-421b-b2ec-7bfd6528a0ea,Welcome,Greet visitor,ˈwɛl.kəm,interjection,Welcome home!,Chào mừng,Lời chào mừng,,,true,2026-03-26 14:30:40.658877,2026-03-26 14:30:40.658877
3b201556-8fc2-4026-a33d-68553cd396c8,59baddf7-e856-4276-9fab-c2cbd73c8911,Happy,Feeling joy,ˈhæp.i,adjective,I am happy today.,Vui,Cảm giác vui,,,true,2026-03-26 14:30:40.658877,2026-03-26 14:30:40.658877
3b3db4e0-eb57-4f82-99d7-bcfcd608db25,2bddc0bd-c221-4bc1-8b6f-72096e4a7674,Confident,Feeling self belief,ˈkɑn.fɪ.dənt,adjective,Confident skills.,Tự tin,Cảm giác tin,,,true,2026-03-26 14:30:40.658877,2026-03-26 14:30:40.658877
3b578639-f9c3-4f30-952d-5bc0ee573cca,3ea443f8-3295-449b-9410-9f7a9062bdb4,Family,Relatives group,ˈfæm.ə.li,noun,My family is happy.,Gia đình,Nhóm thân,,,true,2026-03-26 14:30:40.658877,2026-03-26 14:30:40.658877
3b6aa1e8-9d76-4e85-99b5-9f1ace5f50f2,71802fc1-9c2b-49d9-93ca-0140d294e318,doctor,medical professional,/doctor/,danh từ,doctor example,bác sĩ,Một khái niệm liên quan đến health,,,true,2026-03-18 23:27:06.141,2026-03-18 23:27:06.141
3bbf30d1-74d0-4f83-b254-c18e21ecd1be,764cc2ce-f217-4c78-9799-04685ba95ab7,socks,worn inside shoes,sɑːks,danh từ,White socks with shoes,vớ,mặc bên trong giày,,,true,2026-03-18 23:26:07.668,2026-03-18 23:26:07.668
3bd120e4-2d4a-4832-b522-fb88d2683e46,34931917-34dc-4ea8-af60-d0d01b00cc86,report,detailed account of information,/report/,danh từ,report example,report,Một khái niệm liên quan đến business,,,true,2026-03-18 23:27:06.141,2026-03-18 23:27:06.141
3bdc75f8-7d79-4a3c-b869-406921fd9e68,73f5c5b2-5c82-4434-bcef-a0ad0e5d7de5,Grandmother,Mother of parent,ˈɡræn.ˌmʌð.ɚ,noun,Grandmother tells stories.,Bà,"Ngoại, nội",,,true,2026-03-26 14:30:40.658877,2026-03-26 14:30:40.658877
3c291d1b-3691-4943-a0b6-74fe3fae121e,88643a0a-de0e-4726-8c56-ca9e62f3614a,Six,Number 6,sɪks,number,I have six apples.,Sáu,Số 6,,,true,2026-03-26 14:30:40.658877,2026-03-26 14:30:40.658877
3c4568d8-c962-4bcc-8fea-4e547c7fed85,a844c983-7824-498a-811d-ed90b6d6f9e1,cart,basket for carrying items,/cart/,danh từ,cart example,cart,Một khái niệm liên quan đến shopping,,,true,2026-03-18 23:27:06.141,2026-03-18 23:27:06.141
3c4b9ccf-5170-4544-93cb-eb9016bfd655,a27485a8-7d88-47ed-8ce5-93266a425c11,Existence,State being,ɪɡˈzɪs.təns,noun,Existence God debated.,Tồn tại,Trạng thái hiện,,,true,2026-03-26 14:30:40.658877,2026-03-26 14:30:40.658877
3c6c40d9-fa9b-4b9c-9aab-bd023b3ecb79,62e76fe1-bd25-4280-b7de-7e2e3dd35126,Epistemology,Knowledge study,ˌɛp.ɪ.stəˈmɑl.ə.dʒi,noun,Epistemology knowledge.,Nhận thức luận,Nghiên cứu,,,true,2026-03-26 14:30:40.658877,2026-03-26 14:30:40.658877
3c7e637f-eb16-49ce-87ea-07fe48c1f13f,205b1709-dae5-421b-b2ec-7bfd6528a0ea,Thank you,Express gratitude,ˈθæŋk juː,phrase,Thank you for help.,Cảm ơn,Tỏ lòng biết ơn,,,true,2026-03-26 14:30:40.658877,2026-03-26 14:30:40.658877
3c907078-0317-47a5-b37b-fdd815b946c3,81c08f3f-0705-472c-8a7e-682c4197dc80,Thank you,Express gratitude,ˈθæŋk juː,phrase,Thank you for help.,Cảm ơn,Tỏ lòng biết ơn,,,true,2026-03-26 14:30:40.658877,2026-03-26 14:30:40.658877
3caf9a14-eb9d-4d50-96eb-b8c64eb3fd4e,67c2c95b-aa85-4e49-a0b3-dfb7ee8a5b29,Worried,Feeling anxiety,ˈwɝ.id,adjective,Worried exam.,Lo lắng,Cảm giác lo,,,true,2026-03-26 14:30:40.658877,2026-03-26 14:30:40.658877
3cc6ff00-1c15-4952-a175-a1a55fb5c146,1e983eef-be0a-4a27-abd9-c548efdf1633,Baby,Young child,ˈbeɪ.bi,noun,Baby is sleeping.,Em bé,Trẻ sơ sinh,,,true,2026-03-26 14:30:40.658877,2026-03-26 14:30:40.658877
3cf36ab4-d9bc-4f41-8c6a-578f45e79365,4622c636-7957-4f30-9bc4-5fae81775631,dining room,room for eating meals,/dining_room/,danh từ,Formal dining room,phòng ăn,phòng để ăn cơm,,,true,2026-03-18 23:26:07.668,2026-03-18 23:26:07.668
3cfd3cc1-79d3-4e1b-bd02-d0771bbcd86c,f25b9620-2fc5-4079-8647-8f5dbf5ca619,website,online page with information,/website/,danh từ,website example,website,Một khái niệm liên quan đến technology,,,true,2026-03-18 23:27:06.141,2026-03-18 23:27:06.141
3d120cea-b918-428b-9fbb-27e33305e779,bdace7d5-30a7-49fe-a09e-ea0657efb79d,bread,baked from flour and water,bred,danh từ,White bread for breakfast,bánh mì,nướng từ bột mì và nước,,,true,2026-03-18 23:26:07.668,2026-03-18 23:26:07.668
3d6393c9-79c3-4b65-a6fc-b1eebcf0e597,c93ab659-8f04-4947-b4fc-e9b66409b54f,Pragmatism,Results based,ˈpræɡ.mə.tɪz.əm,noun,Pragmatism results.,Thực dụng,Dựa trên,,,true,2026-03-26 14:30:40.658877,2026-03-26 14:30:40.658877
3d80c8c6-1648-410c-9737-29955356dbc3,0ceda941-9b55-403f-abf7-fb080315789d,tomorrow,the day after today; next day,təˈmɑːroʊ,danh từ,Tomorrow I will travel,ngày mai,Ngày sau hôm nay; ngày tiếp theo,,,true,2026-03-18 23:22:53.645,2026-03-18 23:22:53.645
3d84c3ee-a5e1-4f5f-8d3f-539eea468df4,7cf8f06f-0441-4076-a651-76da132eb2bf,Twenty,Number 20,ˈtwɛn.ti,number,I have twenty dollars.,Hai mươi,Số 20,,,true,2026-03-26 14:30:40.658877,2026-03-26 14:30:40.658877
3d917b17-0f3b-43cb-8247-6ac07225389b,1e70a4e8-5e55-4666-9f9b-2ba140d9031b,police,person who enforces law,/police/,danh từ,police example,police,Một khái niệm liên quan đến jobs,,,true,2026-03-18 23:27:06.141,2026-03-18 23:27:06.141
3db465ca-2ded-4d89-86db-907f6d5e624a,d57a850d-30c0-4988-a53f-fc9638884178,Logic,Reasoning system,ˈlɑdʒ.ɪk,noun,Logic basis philosophy.,Lôgic,Hệ thống,,,true,2026-03-26 14:30:40.658877,2026-03-26 14:30:40.658877
3dd1f5f5-d17e-44df-8a72-eed9520c18c5,306cd435-7556-4ca6-b508-0a5dfdec7100,Three,Number 3,θri,number,I have three birds.,Ba,Số 3,,,true,2026-03-26 14:30:40.658877,2026-03-26 14:30:40.658877
3e0e117e-7ba2-4bb3-8db9-d41017ae63a5,bdace7d5-30a7-49fe-a09e-ea0657efb79d,cheese,made from milk curds,tʃiːz,danh từ,Cheddar cheese is sharp,phô mai,làm từ cục sữa,,,true,2026-03-18 23:26:07.668,2026-03-18 23:26:07.668
3e0f7281-715a-4add-8957-80cda287a429,71802fc1-9c2b-49d9-93ca-0140d294e318,health,state of well-being,/health/,danh từ,health example,sức khỏe,Một khái niệm liên quan đến health,,,true,2026-03-18 23:27:06.141,2026-03-18 23:27:06.141
3e101f2b-3462-49e1-b48f-9bdce2352e2a,859a1e12-e633-40e5-b4e2-b7e9dfd2a7d7,yellow,the color of the sun or gold; the color between orange and green,ˈjeloʊ,danh từ,The sun is yellow,màu vàng,Màu của mặt trời hoặc vàng; màu nằm giữa cam và xanh,,,true,2026-03-18 23:22:53.645,2026-03-18 23:22:53.645
3e1d4da0-0d09-44be-a52a-8eb152971822,3762124f-a01f-42b4-a821-e14298c128dc,Six,Number 6,sɪks,number,I have six apples.,Sáu,Số 6,,,true,2026-03-26 14:30:40.658877,2026-03-26 14:30:40.658877
3e94fa28-b5e8-4878-9c9a-62bcc399ebc7,faf4d62d-4fb0-4373-8fd4-3a5360963de1,Confident,Feeling self belief,ˈkɑn.fɪ.dənt,adjective,Confident skills.,Tự tin,Cảm giác tin,,,true,2026-03-26 14:30:40.658877,2026-03-26 14:30:40.658877
3f48e75c-f266-40ef-b1d1-9f250a1231a4,f3aaed13-86c6-49be-8f73-c117a646f1ff,Angry,Feeling rage,ˈæŋ.ɡri,adjective,She is angry us.,Tức giận,Cảm giác giận,,,true,2026-03-26 14:30:40.658877,2026-03-26 14:30:40.658877
3f731282-fb1a-42b3-8ff5-b227a2ad7fbf,3ea443f8-3295-449b-9410-9f7a9062bdb4,Sister,Female sibling,ˈsɪs.tɚ,noun,My sister likes reading.,Chị em gái,Chị em gái,,,true,2026-03-26 14:30:40.658877,2026-03-26 14:30:40.658877
3fa8aa96-f0bd-4b23-b17c-f131644ea620,b4326ceb-0fb7-49f5-aac6-a54bdd1d9163,Aesthetics,Beauty study,ɛsˈθɛt.ɪks,noun,Aesthetics beauty.,Thẩm mỹ,Nghiên cứu,,,true,2026-03-26 14:30:40.658877,2026-03-26 14:30:40.658877
3fee6c70-d8bd-46ca-a805-3f2d52b14f45,bdace7d5-30a7-49fe-a09e-ea0657efb79d,chicken,poultry meat,ˈtʃɪkən,danh từ,Chicken soup is warm,thịt gà,thịt gia cầm,,,true,2026-03-18 23:26:07.668,2026-03-18 23:26:07.668
3ffad25d-5aa2-4ce1-8a60-16efff8967f0,88643a0a-de0e-4726-8c56-ca9e62f3614a,Eight,Number 8,eɪt,number,I have eight pens.,Tám,Số 8,,,true,2026-03-26 14:30:40.658877,2026-03-26 14:30:40.658877
4012a267-9435-4ae8-8d10-2872add800bc,c4f69ac2-b089-44ca-a48e-67f1636f0314,wife,a married woman; female spouse,waɪf,danh từ,My wife cooks well,vợ,Người phụ nữ đã kết hôn; phụ nữ kết hôn với nam giới,,,true,2026-03-18 23:22:53.645,2026-03-18 23:22:53.645
4065a503-51ff-489f-9a62-2463dddd0981,89da3255-c13a-4384-9292-e7a67b866ee0,Nihilism,Nothing meaning belief,ˈnaɪ.ə.lɪz.əm,noun,Nihilism values denies.,Vô chủ nghĩa,Niềm tin,,,true,2026-03-26 14:30:40.658877,2026-03-26 14:30:40.658877
406b2239-3ed6-400f-9423-9b2f85340b6d,805d2653-cac0-438b-953b-cb1f832c4321,Existentialism,Existence philosophy,ˌɛɡ.zɪˈstɛn.ʃə.lɪz.əm,noun,Existentialism freedom.,Hiện sinh chủ,Triết học,,,true,2026-03-26 14:30:40.658877,2026-03-26 14:30:40.658877
40ad1a7e-5f52-4355-a19d-dee50e98e59d,cdf5e6d8-efec-4421-8c70-814cd0fff4e7,deposit,money put into account,/deposit/,danh từ,deposit example,deposit,Một khái niệm liên quan đến finance,,,true,2026-03-18 23:27:06.141,2026-03-18 23:27:06.141
40b22e24-3e11-4b97-a2fe-2999c1e96cf9,be4596fe-4524-4164-9f6e-3ca16a48abc4,Good morning,Morning greeting,ˌɡʊd ˈmɔr.nɪŋ,phrase,Good morning today.,Chào sáng,Lời chào sáng,,,true,2026-03-26 14:30:40.658877,2026-03-26 14:30:40.658877
40bddb75-8019-49fd-989f-4828af0edb8f,2d825671-b231-4d6a-9c0c-5ec2fa5d7d70,Baby,Young child,ˈbeɪ.bi,noun,Baby is sleeping.,Em bé,Trẻ sơ sinh,,,true,2026-03-26 14:30:40.658877,2026-03-26 14:30:40.658877
40d818cb-b048-40be-bf3a-38d4cfa8bb64,67df2b1f-aa96-48db-b64d-0d889f000e9a,Lonely,Feeling isolation,ˈloʊn.li,adjective,She lonely sometimes.,Cô đơn,Cảm giác cô,,,true,2026-03-26 14:30:40.658877,2026-03-26 14:30:40.658877
40ef7284-9f59-4f88-b367-02bf245c29b6,370abe73-2ce6-40b0-b3ef-82d8f9857e1f,Epistemology,Knowledge study,ˌɛp.ɪ.stəˈmɑl.ə.dʒi,noun,Epistemology knowledge.,Nhận thức luận,Nghiên cứu,,,true,2026-03-26 14:30:40.658877,2026-03-26 14:30:40.658877
40f5c838-5485-4700-98a5-e569c1269835,0a01cbc9-8eaf-40d0-85f9-f4ad9a7fd19c,Narrator,The storyteller,nəˈreɪ.tɚ,noun,The narrator describes scenes.,Người kể,Kẻ kể chuyện,,,true,2026-03-26 14:30:40.658877,2026-03-26 14:30:40.658877
410adb4f-d585-46da-a6d5-de41b2843f45,d33c8d93-322e-4680-b491-2ce58f9bc75f,Ethics,Moral principles,ˈɛθ.ɪks,noun,Ethics guide decisions.,Đạo đức,Nguyên tắc,,,true,2026-03-26 14:30:40.658877,2026-03-26 14:30:40.658877
410df2b3-4e78-4fa2-8f57-6976d609a554,764cc2ce-f217-4c78-9799-04685ba95ab7,shirt,a garment for upper body,ʃɜːrt,danh từ,He wears a white shirt,áo sơ mi,quần áo mặc ở phần thân trên,,,true,2026-03-18 23:26:07.668,2026-03-18 23:26:07.668
411f999e-4149-462d-a4ab-2aec52d4b660,d57a850d-30c0-4988-a53f-fc9638884178,Dialectic,Argument method,daɪˈælɛk.tɪk,noun,Hegel dialectic used.,Biện luận,Phương pháp,,,true,2026-03-26 14:30:40.658877,2026-03-26 14:30:40.658877
4188d916-1a5d-44e8-bc7d-30f3905eea5b,81c08f3f-0705-472c-8a7e-682c4197dc80,Good morning,Morning greeting,ˌɡʊd ˈmɔr.nɪŋ,phrase,Good morning today.,Chào sáng,Lời chào sáng,,,true,2026-03-26 14:30:40.658877,2026-03-26 14:30:40.658877
418993a8-18fa-4b54-b07c-96e8926c2873,205b1709-dae5-421b-b2ec-7bfd6528a0ea,I am fine,Good response,ˌaɪm ˈfaɪn,phrase,I am fine thanks.,Tôi khỏe,Phản hồi tốt,,,true,2026-03-26 14:30:40.658877,2026-03-26 14:30:40.658877
4189e84a-9c82-4df6-8c39-32b189db9189,aa794f3a-f98a-43df-8271-67b923f0f383,Relaxed,Feeling calmness,rɪˈlækst,adjective,Relaxed home.,Thư thái,Cảm giác calm,,,true,2026-03-26 14:30:40.658877,2026-03-26 14:30:40.658877
41b1a7aa-66d5-4093-a2c6-86be74c31f66,eb6906e7-a8e8-4b94-9da9-59a659e92fda,hot,very warm temperature,hɑːt,danh từ,Summer is hot,nóng,nhiệt độ rất ấm,,,true,2026-03-18 23:26:07.668,2026-03-18 23:26:07.668
41ba9356-3612-4745-9794-551268e59ecf,dab29c7e-633e-4611-83f9-6a1781fed230,Metaphysics,Reality study,ˌmɛt.əˈfɪz.ɪks,noun,Metaphysics questions.,Siêu hình,Thực tại,,,true,2026-03-26 14:30:40.658877,2026-03-26 14:30:40.658877
41d831f0-188f-422d-9e24-c5ec5c1a7d17,2cf6f90d-7ccb-417b-929e-361097a98afa,Surrealism,Art from dreams,surˈɛl.ɪz.əm,noun,Dali is surrealist.,Siêu thực,Nghệ thuật giấc mơ,,,true,2026-03-26 14:30:40.658877,2026-03-26 14:30:40.658877
41da3042-f6ce-49f3-be76-1cc2007e8541,3bbde304-12b8-40b2-a620-510efc4a776f,Twenty,Number 20,ˈtwɛn.ti,number,I have twenty dollars.,Hai mươi,Số 20,,,true,2026-03-26 14:30:40.658877,2026-03-26 14:30:40.658877
41db44ab-6db2-4ee8-8230-f1b5de84b36a,3ee29751-c03a-4df1-b428-51e2797aba31,Aesthetics,Beauty study,ɛsˈθɛt.ɪks,noun,Aesthetics beauty.,Thẩm mỹ,Nghiên cứu,,,true,2026-03-26 14:30:40.658877,2026-03-26 14:30:40.658877
41e43031-bda6-49ab-b8ab-dfe41b6527ec,cc221d3d-60b1-4412-953e-65d4d427c9fc,Good morning,Morning greeting,ˌɡʊd ˈmɔr.nɪŋ,phrase,Good morning today.,Chào sáng,Lời chào sáng,,,true,2026-03-26 14:30:40.658877,2026-03-26 14:30:40.658877
421c1392-94bb-479a-8ee0-fd8d823b4046,eb6906e7-a8e8-4b94-9da9-59a659e92fda,stormy,with strong wind and heavy rain,/stormy/,danh từ,Stormy weather is dangerous,bão,gió mạnh và mưa nặng,,,true,2026-03-18 23:26:07.668,2026-03-18 23:26:07.668
42299ae3-2ffb-4dfa-94ca-f15add5bb2bc,dd37cd9c-fd13-43c8-8f32-cc50a38476a0,Consciousness,Awareness self,ˈkɑn.ʃəs.nəs,noun,Consciousness mysterious.,Ý thức,Nhận thức,,,true,2026-03-26 14:30:40.658877,2026-03-26 14:30:40.658877
4261f279-a2e0-4d92-abfb-5aed96c7e64e,c1c8f750-8c0e-4b88-89d9-149307fdb3e2,reading,activity of looking at text,/reading/,danh từ,reading example,đọc sách,Một khái niệm liên quan đến hobbies,,,true,2026-03-18 23:27:06.141,2026-03-18 23:27:06.141
427da594-ab73-4be7-af07-0c171231d37d,5dd944a2-6707-4592-a3c4-99c480de8197,Tired,Feeling exhaustion,ˈtaɪɚd,adjective,I tired after work.,Mệt,Cảm giác mỏi,,,true,2026-03-26 14:30:40.658877,2026-03-26 14:30:40.658877
4287096a-3c93-4adf-bf14-ef8ff7a33237,d0d60af4-a86f-4442-a1a0-892d2a5cdbd3,Existence,State being,ɪɡˈzɪs.təns,noun,Existence God debated.,Tồn tại,Trạng thái hiện,,,true,2026-03-26 14:30:40.658877,2026-03-26 14:30:40.658877
428a38e4-2295-48d6-948c-df575d72fce6,7cf8f06f-0441-4076-a651-76da132eb2bf,Seven,Number 7,ˈsɛv.ən,number,I have seven  coins.,Bảy,Số 7,,,true,2026-03-26 14:30:40.658877,2026-03-26 14:30:40.658877
429077e9-d76a-4ce5-b36a-fa38bd82c091,29889dcf-a772-4499-bf3b-826af93ea3b0,Proud,Feeling pride,praʊd,adjective,I proud you.,Tự hào,Cảm giác hạnh,,,true,2026-03-26 14:30:40.658877,2026-03-26 14:30:40.658877
429326b5-d246-4ad3-a8d0-5d03dfc9dfe6,5dd944a2-6707-4592-a3c4-99c480de8197,Ashamed,Feeling shame,əˈʃeɪmd,adjective,He ashamed behavior.,Xấu hổ,Cảm giác xấu,,,true,2026-03-26 14:30:40.658877,2026-03-26 14:30:40.658877
42acd6f6-2b59-4a3f-bfb4-901e4e8f3179,71802fc1-9c2b-49d9-93ca-0140d294e318,sick,having illness or disease,/sick/,danh từ,sick example,bệnh,Một khái niệm liên quan đến health,,,true,2026-03-18 23:27:06.141,2026-03-18 23:27:06.141
42bc44b5-58d8-4a81-bd0e-013afb342503,67df2b1f-aa96-48db-b64d-0d889f000e9a,Scared,Feeling fear,skɛrd,adjective,Child scared dark.,Sợ,Cảm giác sợ,,,true,2026-03-26 14:30:40.658877,2026-03-26 14:30:40.658877
42bfe12d-b347-4d6e-a58a-d30626e5d0c8,73ca6f19-8411-46ab-ae0d-39b4da6198c8,Dialectic,Argument method,daɪˈælɛk.tɪk,noun,Hegel dialectic used.,Biện luận,Phương pháp,,,true,2026-03-26 14:30:40.658877,2026-03-26 14:30:40.658877
42c11f74-f3f5-42fa-aacb-32a2658b3ca3,0f7467d0-de49-4732-a5eb-3d62ebbb0bf2,chicken,a farm bird; lays eggs; says cluck cluck,ˈtʃɪkən,danh từ,Chicken crows at dawn,gà,Một con chim trại; đẻ trứng; kêu tít tít,,,true,2026-03-18 23:22:53.645,2026-03-18 23:22:53.645
42dbc053-f3d9-414e-a05a-d67ed47e1314,41b7f321-295c-488c-af33-14211bb75fa7,Daughter,Female child,ˈdɔ.tɚ,noun,She has daughters.,Con gái,Đứa con nữ,,,true,2026-03-26 14:30:40.658877,2026-03-26 14:30:40.658877
43148f18-1e29-4a3e-b77e-6fdae354a040,73ca6f19-8411-46ab-ae0d-39b4da6198c8,Existence,State being,ɪɡˈzɪs.təns,noun,Existence God debated.,Tồn tại,Trạng thái hiện,,,true,2026-03-26 14:30:40.658877,2026-03-26 14:30:40.658877
431ef417-5281-42d7-84b2-6b04b44340c7,81aeef50-eae8-4ff2-941c-b321e482e121,Aesthetics,Beauty study,ɛsˈθɛt.ɪks,noun,Aesthetics beauty.,Thẩm mỹ,Nghiên cứu,,,true,2026-03-26 14:30:40.658877,2026-03-26 14:30:40.658877
43268002-597d-40e4-a2b0-f4db1d85bc59,501a150d-fbe9-48ce-be53-52a6f1aeb3ff,Lonely,Feeling isolation,ˈloʊn.li,adjective,She lonely sometimes.,Cô đơn,Cảm giác cô,,,true,2026-03-26 14:30:40.658877,2026-03-26 14:30:40.658877
4335534f-e4ae-41e5-87eb-c761840c4d43,a6f9ef68-d647-4df6-9121-19ec9c0fee72,Please,Polite request,pliz,adverb,Please pass salt.,Vui lòng,Yêu cầu lịch sự,,,true,2026-03-26 14:30:40.658877,2026-03-26 14:30:40.658877
4348e50f-415f-47ff-a851-270908097dd1,563bcdd8-3e04-4744-947b-08885bc9308b,Baby,Young child,ˈbeɪ.bi,noun,Baby is sleeping.,Em bé,Trẻ sơ sinh,,,true,2026-03-26 14:30:40.658877,2026-03-26 14:30:40.658877
434df261-908c-4899-84aa-d707dc316619,cdbc767d-9b38-4792-a420-be0b00b83339,Son,Male child,sʌn,noun,He has son.,Con trai,Đứa con nam,,,true,2026-03-26 14:30:40.658877,2026-03-26 14:30:40.658877
435d369b-5736-483a-bda3-c07ca0aeb2b1,70c77765-6416-4d36-950a-7c93580b2fa0,Scared,Feeling fear,skɛrd,adjective,Child scared dark.,Sợ,Cảm giác sợ,,,true,2026-03-26 14:30:40.658877,2026-03-26 14:30:40.658877
43844816-d99f-419d-ad68-da2743f7b5ac,ce34e158-9a8f-400a-a082-d921b3afdb61,Eleven,Number 11,ɪˈlɛv.ən,number,Eleven players.,Mười một,Số 11,,,true,2026-03-26 14:30:40.658877,2026-03-26 14:30:40.658877
439e3537-20b4-46da-944a-c37126828dea,f46a14f4-283c-4d9b-b52b-76e8648d68c4,Metaphysics,Reality study,ˌmɛt.əˈfɪz.ɪks,noun,Metaphysics questions.,Siêu hình,Thực tại,,,true,2026-03-26 14:30:40.658877,2026-03-26 14:30:40.658877
43a0cacb-92f4-4c96-b2de-2f7b647a0d6c,7e5d0907-64fa-482f-b968-a5efd9168a61,Existence,State being,ɪɡˈzɪs.təns,noun,Existence God debated.,Tồn tại,Trạng thái hiện,,,true,2026-03-26 14:30:40.658877,2026-03-26 14:30:40.658877
43b3d6ba-eeab-466b-bfe4-f088b2270b56,dd56df6c-e0c0-44a9-b706-28b5106b1978,Epistemology,Knowledge study,ˌɛp.ɪ.stəˈmɑl.ə.dʒi,noun,Epistemology knowledge.,Nhận thức luận,Nghiên cứu,,,true,2026-03-26 14:30:40.658877,2026-03-26 14:30:40.658877
43d214a7-779e-49f7-aedb-688fad6a5e2b,113a8d3e-ddda-4419-9a38-fde75df58c3e,Lonely,Feeling isolation,ˈloʊn.li,adjective,She lonely sometimes.,Cô đơn,Cảm giác cô,,,true,2026-03-26 14:30:40.658877,2026-03-26 14:30:40.658877
44121140-1eb0-4b8f-933c-85101bb983b2,c93ab659-8f04-4947-b4fc-e9b66409b54f,Consciousness,Awareness self,ˈkɑn.ʃəs.nəs,noun,Consciousness mysterious.,Ý thức,Nhận thức,,,true,2026-03-26 14:30:40.658877,2026-03-26 14:30:40.658877
4421988f-9d51-4b9a-9deb-2ba75350b8f6,c4423548-9463-45ef-bc70-285c0c8c3ea1,Nihilism,Nothing meaning belief,ˈnaɪ.ə.lɪz.əm,noun,Nihilism values denies.,Vô chủ nghĩa,Niềm tin,,,true,2026-03-26 14:30:40.658877,2026-03-26 14:30:40.658877
442d2346-09ed-405d-8bc1-ae37648feb86,69d16e3e-74ca-45eb-8c06-8cef65b85134,Aesthetics,Beauty study,ɛsˈθɛt.ɪks,noun,Aesthetics beauty.,Thẩm mỹ,Nghiên cứu,,,true,2026-03-26 14:30:40.658877,2026-03-26 14:30:40.658877
44a53e02-d381-48e3-ac61-b7a07c582ea2,ef83ea3c-996c-4048-8968-7237e72a6e5d,Sister,Female sibling,ˈsɪs.tɚ,noun,My sister likes reading.,Chị em gái,Chị em gái,,,true,2026-03-26 14:30:40.658877,2026-03-26 14:30:40.658877
44b2f7c7-d5fd-4afd-b215-cb01a3137d38,568d01b2-5a64-4823-afa2-fd4664ca4c1c,Eleven,Number 11,ɪˈlɛv.ən,number,Eleven players.,Mười một,Số 11,,,true,2026-03-26 14:30:40.658877,2026-03-26 14:30:40.658877
44be6bcc-34a5-4671-8ea4-5d9dc463ee90,b317a1e7-1993-43b0-bb4d-84738612837c,Virtue,Moral quality,ˈvɝ.tʃu,noun,Virtue happiness path.,Đức hạnh,Phẩm chất,,,true,2026-03-26 14:30:40.658877,2026-03-26 14:30:40.658877
44d1f94b-df89-4a45-91b3-cb4d2c7e4fd9,4e41fc79-f556-476c-b28f-f579df42a2ba,Excuse me,Get attention,ɪkˈskjuz mi,phrase,"Excuse me, bathroom?",Xin lỗi,Kêu gọi sự chú ý,,,true,2026-03-26 14:30:40.658877,2026-03-26 14:30:40.658877
44df9e30-295f-4e7a-bff6-a42fe2b53697,c1c8f750-8c0e-4b88-89d9-149307fdb3e2,photography,taking pictures with camera,/photography/,danh từ,photography example,photography,Một khái niệm liên quan đến hobbies,,,true,2026-03-18 23:27:06.141,2026-03-18 23:27:06.141
44e65031-a2f5-4978-b2bc-56a82f31d402,afa3e499-8717-431c-93a3-3d851d68fc7e,Father,Male parent,ˈfɑ.ðɚ,noun,My father works hard.,Bố,Cha mẹ nam,,,true,2026-03-26 14:30:40.658877,2026-03-26 14:30:40.658877
44ec1ba1-7aa7-493e-82cf-65d70b4b25e8,cc221d3d-60b1-4412-953e-65d4d427c9fc,Sorry,Apologize,ˈsɑr.i,adjective,"Sorry, I hurried.",Xin lỗi,Lời xin lỗi,,,true,2026-03-26 14:30:40.658877,2026-03-26 14:30:40.658877
44fc3fd6-4f71-44c4-836e-69c87bd471a0,dd37cd9c-fd13-43c8-8f32-cc50a38476a0,Vice,Moral fault,vaɪs,noun,Vice unhappiness.,Tội lỗi,Lỗi đạo,,,true,2026-03-26 14:30:40.658877,2026-03-26 14:30:40.658877
44fcf9ea-dd2e-4e4c-bb0b-42a67e86785a,411c419a-c126-40a3-bbe9-068a951b9026,Ten,Number 10,tɛn,number,I have ten dollars.,Mười,Số 10,,,true,2026-03-26 14:30:40.658877,2026-03-26 14:30:40.658877
451718b5-161d-40b1-9aca-be9cf422e6d4,68cc7887-5460-44f9-a583-9dbf0e95b24d,Existentialism,Existence philosophy,ˌɛɡ.zɪˈstɛn.ʃə.lɪz.əm,noun,Existentialism freedom.,Hiện sinh chủ,Triết học,,,true,2026-03-26 14:30:40.658877,2026-03-26 14:30:40.658877
451f6546-4444-48e5-91d3-b3d7d11af91c,5ff5c9d7-f265-4925-88c7-c44b7ae1e531,stomach,organ for digestion,/stomach/,danh từ,Stomach ache,bụng,cơ quan tiêu hoá,,,true,2026-03-18 23:26:07.668,2026-03-18 23:26:07.668
456560af-c37d-46a6-8221-e24e6fed6935,3762124f-a01f-42b4-a821-e14298c128dc,Two,Number 2,tu,number,I have two dogs.,Hai,Số 2,,,true,2026-03-26 14:30:40.658877,2026-03-26 14:30:40.658877
458f979e-48f7-4bee-8120-0a79f1cc38c3,6b254450-7004-433c-bf69-1fb053a62f52,Proud,Feeling pride,praʊd,adjective,I proud you.,Tự hào,Cảm giác hạnh,,,true,2026-03-26 14:30:40.658877,2026-03-26 14:30:40.658877
45ae8cb9-bd9c-40cf-95ce-857a3cf8a9c0,cdbc767d-9b38-4792-a420-be0b00b83339,Brother,Male sibling,ˈbrʌð.ɚ,noun,My brother plays sports.,Anh em trai,Anh chị em,,,true,2026-03-26 14:30:40.658877,2026-03-26 14:30:40.658877
45c2daa4-531e-4ef9-9e5a-8ffb9d131a65,205b1709-dae5-421b-b2ec-7bfd6528a0ea,See you later,Casual goodbye,ˌsi juː ˈleɪ.tɚ,phrase,See you later!,Gặp lại,Tạm biệt,,,true,2026-03-26 14:30:40.658877,2026-03-26 14:30:40.658877
45e28456-f1cd-4fda-b87b-e55cd085cdd8,1e70a4e8-5e55-4666-9f9b-2ba140d9031b,chef,person who cooks professionally,/chef/,danh từ,chef example,đầu bếp,Một khái niệm liên quan đến jobs,,,true,2026-03-18 23:27:06.141,2026-03-18 23:27:06.141
45ea431c-bffd-4f00-832d-40644963f528,69d16e3e-74ca-45eb-8c06-8cef65b85134,Stoicism,Virtue philosophy,ˈstoʊ.ɪ.sɪz.əm,noun,Stoicism teaches acceptance.,Khắc kỷ,Triết học,,,true,2026-03-26 14:30:40.658877,2026-03-26 14:30:40.658877
45fc6f49-45f7-4b07-8a3c-1e69eb79e1d6,5ff5c9d7-f265-4925-88c7-c44b7ae1e531,tongue,organ in mouth for tasting,/tongue/,danh từ,Tongue taste,lưỡi,cơ quan trong miệng để nếm,,,true,2026-03-18 23:26:07.668,2026-03-18 23:26:07.668
46288191-a9c3-4aff-85ae-8411c1a27f05,81af8b32-9da0-4143-8743-6fdc051fac85,Goodbye,Farewell,ˌɡʊdˈbaɪ,interjection,"Goodbye, see you.",Tạm biệt,Lời tạm biệt,,,true,2026-03-26 14:30:40.658877,2026-03-26 14:30:40.658877
465ea070-dbfd-4c9e-a6fb-12ac29083487,37f72f2b-f802-4bb4-91cd-72dbad87ecde,Seven,Number 7,ˈsɛv.ən,number,I have seven  coins.,Bảy,Số 7,,,true,2026-03-26 14:30:40.658877,2026-03-26 14:30:40.658877
46721597-617c-408e-89fc-607e07a7faf3,d4986ac8-fc5b-4d7c-9960-c7a32512ee69,How are,Ask health,ˌhaʊ ɑr,phrase,How are today?,Khỏe không,Hỏi sức khỏe,,,true,2026-03-26 14:30:40.658877,2026-03-26 14:30:40.658877
46adfda7-e6bd-489f-9d8d-9267ceaee163,bdace7d5-30a7-49fe-a09e-ea0657efb79d,grapes,small round fruits that grow in clusters; green or purple,ɡreɪps,danh từ,Purple grapes are good,nho,Các quả tròn nhỏ mọc thành cụm; xanh hoặc tím,,,true,2026-03-18 23:22:53.645,2026-03-18 23:22:53.645
46ba1871-93d2-488d-a9c5-9e894f18e807,819c177f-eeaa-482b-9a10-e90cca890e76,Amazed,Feeling wonder,əˈmeɪzd,adjective,I amazed view.,Kinh ngạc,Cảm giác bất,,,true,2026-03-26 14:30:40.658877,2026-03-26 14:30:40.658877
46c3424f-142c-4ad8-bf75-f81e9b3ae63c,88643a0a-de0e-4726-8c56-ca9e62f3614a,Seven,Number 7,ˈsɛv.ən,number,I have seven  coins.,Bảy,Số 7,,,true,2026-03-26 14:30:40.658877,2026-03-26 14:30:40.658877
46fb6858-ca21-4c92-920f-d7fcf8a9d603,3bbde304-12b8-40b2-a620-510efc4a776f,Twelve,Number 12,twɛlv,number,Twelve months here.,Mười hai,Số 12,,,true,2026-03-26 14:30:40.658877,2026-03-26 14:30:40.658877
47101a83-e429-49ff-93ba-dae008a98bda,644fe377-999e-4856-ae36-3bbea5352c69,Baby,Young child,ˈbeɪ.bi,noun,Baby is sleeping.,Em bé,Trẻ sơ sinh,,,true,2026-03-26 14:30:40.658877,2026-03-26 14:30:40.658877
47101d9c-5c8f-4d47-bc16-443171214ba2,644fe377-999e-4856-ae36-3bbea5352c69,Uncle,Parent brother,ˈʌŋ.kəl,noun,Uncle visits every week.,Chú bác,Anh em bố mẹ,,,true,2026-03-26 14:30:40.658877,2026-03-26 14:30:40.658877
471c7c86-9397-4507-9a1f-2c429e1ecf68,a58554ec-5e72-4981-b30c-ce5f10aee993,Dialectic,Argument method,daɪˈælɛk.tɪk,noun,Hegel dialectic used.,Biện luận,Phương pháp,,,true,2026-03-26 14:30:40.658877,2026-03-26 14:30:40.658877
4742b765-27a1-4a15-acf6-771c65772892,48adeeb4-ea05-4c89-95d1-7c278e83dedb,Vice,Moral fault,vaɪs,noun,Vice unhappiness.,Tội lỗi,Lỗi đạo,,,true,2026-03-26 14:30:40.658877,2026-03-26 14:30:40.658877
47518246-b688-4e58-b031-f555b6613ae4,5c7eeb64-bb5a-42f9-8b15-33d0428dd34d,Eleven,Number 11,ɪˈlɛv.ən,number,Eleven players.,Mười một,Số 11,,,true,2026-03-26 14:30:40.658877,2026-03-26 14:30:40.658877
47518ed1-ec18-4c2a-b90b-8018ea6e9cc7,6b254450-7004-433c-bf69-1fb053a62f52,Amazed,Feeling wonder,əˈmeɪzd,adjective,I amazed view.,Kinh ngạc,Cảm giác bất,,,true,2026-03-26 14:30:40.658877,2026-03-26 14:30:40.658877
4754b27d-ff95-48fd-bad0-f580a55a62a9,3bbde304-12b8-40b2-a620-510efc4a776f,Eleven,Number 11,ɪˈlɛv.ən,number,Eleven players.,Mười một,Số 11,,,true,2026-03-26 14:30:40.658877,2026-03-26 14:30:40.658877
47879432-ec2f-42d6-b01c-b6abdd8a7724,88443e68-aebe-44f0-800c-c17266b21ff9,Excited,Feeling enthusiasm,ɪkˈsaɪ.tɪd,adjective,I excited trip.,Phấn khích,Cảm giác hạnh,,,true,2026-03-26 14:30:40.658877,2026-03-26 14:30:40.658877
47a5e40f-5b87-4c1e-b03d-a4aca0e1ab55,48adeeb4-ea05-4c89-95d1-7c278e83dedb,Ethics,Moral principles,ˈɛθ.ɪks,noun,Ethics guide decisions.,Đạo đức,Nguyên tắc,,,true,2026-03-26 14:30:40.658877,2026-03-26 14:30:40.658877
47f12d61-8a12-4a8f-9ddf-65b18cb7fe38,62e76fe1-bd25-4280-b7de-7e2e3dd35126,Virtue,Moral quality,ˈvɝ.tʃu,noun,Virtue happiness path.,Đức hạnh,Phẩm chất,,,true,2026-03-26 14:30:40.658877,2026-03-26 14:30:40.658877
4818efab-84c6-4ab3-917f-d80e86c8d4ff,dab29c7e-633e-4611-83f9-6a1781fed230,Pragmatism,Results based,ˈpræɡ.mə.tɪz.əm,noun,Pragmatism results.,Thực dụng,Dựa trên,,,true,2026-03-26 14:30:40.658877,2026-03-26 14:30:40.658877
487f99a8-e382-4a42-b0e2-337c2ee18f3f,859a1e12-e633-40e5-b4e2-b7e9dfd2a7d7,peach,a pale orange color; soft orange-pink,piːtʃ,danh từ,Peach blossom,màu cam đào,Một màu cam nhạt; cam hồng mềm,,,true,2026-03-18 23:22:53.645,2026-03-18 23:22:53.645
48a38cb5-50d9-4f0c-bb8e-5abfc3a14ca6,4e41fc79-f556-476c-b28f-f579df42a2ba,Sorry,Apologize,ˈsɑr.i,adjective,"Sorry, I hurried.",Xin lỗi,Lời xin lỗi,,,true,2026-03-26 14:30:40.658877,2026-03-26 14:30:40.658877
48b449c4-5b48-4433-a52d-21bf85201b82,819c177f-eeaa-482b-9a10-e90cca890e76,Ashamed,Feeling shame,əˈʃeɪmd,adjective,He ashamed behavior.,Xấu hổ,Cảm giác xấu,,,true,2026-03-26 14:30:40.658877,2026-03-26 14:30:40.658877
48f67c16-666f-4680-af02-ecb9a7bcfcb6,819c177f-eeaa-482b-9a10-e90cca890e76,Relaxed,Feeling calmness,rɪˈlækst,adjective,Relaxed home.,Thư thái,Cảm giác calm,,,true,2026-03-26 14:30:40.658877,2026-03-26 14:30:40.658877
48fb3cde-aa92-4e1f-bb17-b63074b57538,5c7eeb64-bb5a-42f9-8b15-33d0428dd34d,One,Number 1,wʌn,number,I have one cat.,Một,Số 1,,,true,2026-03-26 14:30:40.658877,2026-03-26 14:30:40.658877
49263ef1-9d44-4222-b7b5-f2caaaa2f62f,1768a53f-3b47-4afe-a231-feea190002ef,Ethics,Moral principles,ˈɛθ.ɪks,noun,Ethics guide decisions.,Đạo đức,Nguyên tắc,,,true,2026-03-26 14:30:40.658877,2026-03-26 14:30:40.658877
492a6808-129e-4457-8ad1-c7c2b74c7696,ce34e158-9a8f-400a-a082-d921b3afdb61,Five,Number 5,faɪv,number,I have five fingers.,Năm,Số 5,,,true,2026-03-26 14:30:40.658877,2026-03-26 14:30:40.658877
49303431-6e0a-4922-a2fb-ebaab15ac5ea,37f72f2b-f802-4bb4-91cd-72dbad87ecde,Twenty,Number 20,ˈtwɛn.ti,number,I have twenty dollars.,Hai mươi,Số 20,,,true,2026-03-26 14:30:40.658877,2026-03-26 14:30:40.658877
49348809-a7c3-4ae5-b191-44fe261fad0c,3ea443f8-3295-449b-9410-9f7a9062bdb4,Mother,Female parent,ˈmʌð.ɚ,noun,My mother is kind.,Mẹ,Cha mẹ nữ,,,true,2026-03-26 14:30:40.658877,2026-03-26 14:30:40.658877
493cd183-099f-4a8e-b4d6-444b9e4a40af,0c65a440-ca84-4f96-a502-a5c9aebdef77,smoothie,a thick drink from blended fruits,ˈsmuːði,danh từ,Fruit smoothie is nutritious,sinh tố,đồ uống dày từ trái cây xay,,,true,2026-03-18 23:26:07.668,2026-03-18 23:26:07.668
4940d4c8-54c2-4058-8a38-e00b5fe9e729,59baddf7-e856-4276-9fab-c2cbd73c8911,Excited,Feeling enthusiasm,ɪkˈsaɪ.tɪd,adjective,I excited trip.,Phấn khích,Cảm giác hạnh,,,true,2026-03-26 14:30:40.658877,2026-03-26 14:30:40.658877
494a1854-94e2-46ad-a2b4-418c1e7ba94c,861b28e6-a21c-4b16-8250-0228c87f55b4,Three,Number 3,θri,number,I have three birds.,Ba,Số 3,,,true,2026-03-26 14:30:40.658877,2026-03-26 14:30:40.658877
495ff83b-39a0-439c-8a0f-98109aff2330,349e1df9-b9b6-4a64-ab4b-babd170cadc4,Thousand,Number 1000,ˈθaʊ.zənd,number,One thousand people.,Nghìn,Số 1000,,,true,2026-03-26 14:30:40.658877,2026-03-26 14:30:40.658877
499bd44d-bba9-4bc5-8392-26e442f3b114,ddea0c96-bacc-484f-9d4d-66d741cc51d8,Good morning,Morning greeting,ˌɡʊd ˈmɔr.nɪŋ,phrase,Good morning today.,Chào sáng,Lời chào sáng,,,true,2026-03-26 14:30:40.658877,2026-03-26 14:30:40.658877
49afd9be-fac2-458c-8ca7-4d6858ccaa47,afa3e499-8717-431c-93a3-3d851d68fc7e,Cousin,Relative child,ˈkʌz.ən,noun,My cousin lives nearby.,Em họ,Con chú dì,,,true,2026-03-26 14:30:40.658877,2026-03-26 14:30:40.658877
49d8786b-c350-41cf-85c7-ad9e8741af72,b4326ceb-0fb7-49f5-aac6-a54bdd1d9163,Ethics,Moral principles,ˈɛθ.ɪks,noun,Ethics guide decisions.,Đạo đức,Nguyên tắc,,,true,2026-03-26 14:30:40.658877,2026-03-26 14:30:40.658877
4a23098d-5b12-459e-a0aa-990f8fdf920a,71802fc1-9c2b-49d9-93ca-0140d294e318,pulse,heartbeat rhythm,/pulse/,danh từ,pulse example,pulse,Một khái niệm liên quan đến health,,,true,2026-03-18 23:27:06.141,2026-03-18 23:27:06.141
4ae27b21-a204-4ee4-a599-267f909bbaaa,d0d60af4-a86f-4442-a1a0-892d2a5cdbd3,Virtue,Moral quality,ˈvɝ.tʃu,noun,Virtue happiness path.,Đức hạnh,Phẩm chất,,,true,2026-03-26 14:30:40.658877,2026-03-26 14:30:40.658877
4af7ad2b-2a12-40f1-a864-b31342dd70b7,4e41fc79-f556-476c-b28f-f579df42a2ba,I am fine,Good response,ˌaɪm ˈfaɪn,phrase,I am fine thanks.,Tôi khỏe,Phản hồi tốt,,,true,2026-03-26 14:30:40.658877,2026-03-26 14:30:40.658877
4b11e20d-0058-475d-9c9f-4f153ebe3154,c1c8f750-8c0e-4b88-89d9-149307fdb3e2,hiking,walking in nature,/hiking/,danh từ,hiking example,hiking,Một khái niệm liên quan đến hobbies,,,true,2026-03-18 23:27:06.141,2026-03-18 23:27:06.141
4b21e5aa-4e7a-40f1-820b-056fd06d4e3d,7e5d0907-64fa-482f-b968-a5efd9168a61,Existentialism,Existence philosophy,ˌɛɡ.zɪˈstɛn.ʃə.lɪz.əm,noun,Existentialism freedom.,Hiện sinh chủ,Triết học,,,true,2026-03-26 14:30:40.658877,2026-03-26 14:30:40.658877
4b54ffc4-9901-443a-9419-6ef865bd2622,cdbc767d-9b38-4792-a420-be0b00b83339,Family,Relatives group,ˈfæm.ə.li,noun,My family is happy.,Gia đình,Nhóm thân,,,true,2026-03-26 14:30:40.658877,2026-03-26 14:30:40.658877
4b5e3143-e5bf-4f6f-8ad1-d8124876006b,a58554ec-5e72-4981-b30c-ce5f10aee993,Logic,Reasoning system,ˈlɑdʒ.ɪk,noun,Logic basis philosophy.,Lôgic,Hệ thống,,,true,2026-03-26 14:30:40.658877,2026-03-26 14:30:40.658877
4b606d68-e0bf-48c2-be68-a5a4f0d13de5,370abe73-2ce6-40b0-b3ef-82d8f9857e1f,Virtue,Moral quality,ˈvɝ.tʃu,noun,Virtue happiness path.,Đức hạnh,Phẩm chất,,,true,2026-03-26 14:30:40.658877,2026-03-26 14:30:40.658877
4b7f53c1-bf9d-494f-9d20-7c5544346504,f35e320a-ec1d-497e-90b9-830150a5f34d,Existence,State being,ɪɡˈzɪs.təns,noun,Existence God debated.,Tồn tại,Trạng thái hiện,,,true,2026-03-26 14:30:40.658877,2026-03-26 14:30:40.658877
4b92d7b4-8525-47d1-b783-3f1c8a62b4f8,808c58db-c3c6-41b1-91d8-61e689795ae6,noon,middle of day when sun is highest,nuːn,danh từ,Noon is very hot,trưa,Giữa ngày khi mặt trời cao nhất,,,true,2026-03-18 23:22:53.645,2026-03-18 23:22:53.645
4bcb79ff-e868-41df-932a-fb86e79a7fe4,cc221d3d-60b1-4412-953e-65d4d427c9fc,And you,Return greeting,ən juː,phrase,And you yourself?,Còn bạn,Trả lời chào,,,true,2026-03-26 14:30:40.658877,2026-03-26 14:30:40.658877
4c1005db-f804-4212-bbab-987d1801ca8e,2d825671-b231-4d6a-9c0c-5ec2fa5d7d70,Aunt,Parent sister,ænt,noun,Aunt bakes cakes.,Cô dì,Chị em bố mẹ,,,true,2026-03-26 14:30:40.658877,2026-03-26 14:30:40.658877
4c151cc4-2be2-4d4f-b4e7-ec11b1aecb6a,2bddc0bd-c221-4bc1-8b6f-72096e4a7674,Tired,Feeling exhaustion,ˈtaɪɚd,adjective,I tired after work.,Mệt,Cảm giác mỏi,,,true,2026-03-26 14:30:40.658877,2026-03-26 14:30:40.658877
4c1d57db-40f2-4f80-9215-9071970edbec,444c779c-e14e-4d61-8461-f6ecf6ddf27b,Confident,Feeling self belief,ˈkɑn.fɪ.dənt,adjective,Confident skills.,Tự tin,Cảm giác tin,,,true,2026-03-26 14:30:40.658877,2026-03-26 14:30:40.658877
4c28e892-c351-498f-85a3-937823f81301,73ca6f19-8411-46ab-ae0d-39b4da6198c8,Logic,Reasoning system,ˈlɑdʒ.ɪk,noun,Logic basis philosophy.,Lôgic,Hệ thống,,,true,2026-03-26 14:30:40.658877,2026-03-26 14:30:40.658877
4c3857f8-a580-4a2d-87c3-3dd3aad21ab8,1768a53f-3b47-4afe-a231-feea190002ef,Existentialism,Existence philosophy,ˌɛɡ.zɪˈstɛn.ʃə.lɪz.əm,noun,Existentialism freedom.,Hiện sinh chủ,Triết học,,,true,2026-03-26 14:30:40.658877,2026-03-26 14:30:40.658877
4c3ec305-9cff-4a02-a322-52be0ea3d563,1e983eef-be0a-4a27-abd9-c548efdf1633,Grandmother,Mother of parent,ˈɡræn.ˌmʌð.ɚ,noun,Grandmother tells stories.,Bà,"Ngoại, nội",,,true,2026-03-26 14:30:40.658877,2026-03-26 14:30:40.658877
4c56d288-a132-4108-8263-18a5e6baa98e,dab29c7e-633e-4611-83f9-6a1781fed230,Dialectic,Argument method,daɪˈælɛk.tɪk,noun,Hegel dialectic used.,Biện luận,Phương pháp,,,true,2026-03-26 14:30:40.658877,2026-03-26 14:30:40.658877
4c58967d-f9be-4d4f-b11a-835bf77a13f9,0ceda941-9b55-403f-abf7-fb080315789d,tuesday,the third day of the week; the day after Monday,ˈtuːzdeɪ,danh từ,Tuesday I have a test,thứ ba,Ngày thứ ba của tuần; ngày sau Thứ hai,,,true,2026-03-18 23:22:53.645,2026-03-18 23:22:53.645
4c65a6b6-3dca-4c3c-95ed-110c58d7f9a8,f2867ff8-da21-42e1-ad58-ff38fa6324b8,Daughter,Female child,ˈdɔ.tɚ,noun,She has daughters.,Con gái,Đứa con nữ,,,true,2026-03-26 14:30:40.658877,2026-03-26 14:30:40.658877
4ca24e2a-214c-477d-be33-f0fe6ff19901,34931917-34dc-4ea8-af60-d0d01b00cc86,project,undertaking or task,/project/,danh từ,project example,project,Một khái niệm liên quan đến business,,,true,2026-03-18 23:27:06.141,2026-03-18 23:27:06.141
4ccfd059-1738-4b6d-ae18-333a0c4542d0,3ee29751-c03a-4df1-b428-51e2797aba31,Vice,Moral fault,vaɪs,noun,Vice unhappiness.,Tội lỗi,Lỗi đạo,,,true,2026-03-26 14:30:40.658877,2026-03-26 14:30:40.658877
4cdda9db-867c-4255-8dcb-9ee147390eff,62e76fe1-bd25-4280-b7de-7e2e3dd35126,Vice,Moral fault,vaɪs,noun,Vice unhappiness.,Tội lỗi,Lỗi đạo,,,true,2026-03-26 14:30:40.658877,2026-03-26 14:30:40.658877
4cfc859c-ae6e-4ad1-80f6-382c23f32033,4e41fc79-f556-476c-b28f-f579df42a2ba,Good afternoon,Afternoon greeting,ˌɡʊd ˌæf.tɚˈnun,phrase,Good afternoon!,Chào chiều,Lời chào chiều,,,true,2026-03-26 14:30:40.658877,2026-03-26 14:30:40.658877
4d3c7fca-8909-47ed-aa9f-685bde13c789,fed0d635-a1bb-4732-bb7a-b8caf4c21b12,mountain,large high landform,/mountain/,danh từ,mountain example,mountain,Một khái niệm liên quan đến travel,,,true,2026-03-18 23:27:06.141,2026-03-18 23:27:06.141
4d62e55f-f1ca-4c1f-a425-2cf9a564a04d,ddea0c96-bacc-484f-9d4d-66d741cc51d8,I am fine,Good response,ˌaɪm ˈfaɪn,phrase,I am fine thanks.,Tôi khỏe,Phản hồi tốt,,,true,2026-03-26 14:30:40.658877,2026-03-26 14:30:40.658877
4d7272ad-a6b5-4a60-b41c-c0b215a0b333,0f7467d0-de49-4732-a5eb-3d62ebbb0bf2,pig,a farm animal; fat and round,pɪɡ,danh từ,Pig sleeps in mud,lợn,Một con vật trại đen hồi; béo và tròn,,,true,2026-03-18 23:22:53.645,2026-03-18 23:22:53.645
4d9c2803-3a7f-4a12-99b3-868a32a7bd7d,f46a14f4-283c-4d9b-b52b-76e8648d68c4,Nihilism,Nothing meaning belief,ˈnaɪ.ə.lɪz.əm,noun,Nihilism values denies.,Vô chủ nghĩa,Niềm tin,,,true,2026-03-26 14:30:40.658877,2026-03-26 14:30:40.658877
4db02e08-5911-4029-af44-a7d90a2ce559,81af8b32-9da0-4143-8743-6fdc051fac85,Please,Polite request,pliz,adverb,Please pass salt.,Vui lòng,Yêu cầu lịch sự,,,true,2026-03-26 14:30:40.658877,2026-03-26 14:30:40.658877
4dcc90f1-8942-4788-8865-609cf3c9a727,6099eea9-f4d6-4738-9662-d01b6f6f2a12,math,study of numbers and calculation,/math/,danh từ,math example,math,Một khái niệm liên quan đến school,,,true,2026-03-18 23:27:06.141,2026-03-18 23:27:06.141
4ddb4ecf-0079-4825-8981-fcc38a621179,349e1df9-b9b6-4a64-ab4b-babd170cadc4,Six,Number 6,sɪks,number,I have six apples.,Sáu,Số 6,,,true,2026-03-26 14:30:40.658877,2026-03-26 14:30:40.658877
4de2670f-3927-458c-adcd-3a34ddb4458e,70c77765-6416-4d36-950a-7c93580b2fa0,Confused,Feeling bewilderment,kənˈfjuzd,adjective,Confused instructions.,Bối rối,Cảm giác bối,,,true,2026-03-26 14:30:40.658877,2026-03-26 14:30:40.658877
4de4cc8a-4f50-49aa-ab1c-c996adfad5e2,0a01cbc9-8eaf-40d0-85f9-f4ad9a7fd19c,Poetry,A form of literature using rhythm,ˈpoʊ.ə.tri,noun,She wrote beautiful poetry.,Thơ,Hình thức văn học,,,true,2026-03-26 14:30:40.658877,2026-03-26 14:30:40.658877
4dec80f1-808f-485c-a13f-ce7acbe84522,89da3255-c13a-4384-9292-e7a67b866ee0,Stoicism,Virtue philosophy,ˈstoʊ.ɪ.sɪz.əm,noun,Stoicism teaches acceptance.,Khắc kỷ,Triết học,,,true,2026-03-26 14:30:40.658877,2026-03-26 14:30:40.658877
4dfc49c3-8a7a-495e-b937-ee6ca87800d4,b16db79c-1b16-46bf-9bd8-3596a44d8609,Husband,Married man,ˈhʌz.bənd,noun,Her husband is doctor.,Chồng,Người đàn ông kết,,,true,2026-03-26 14:30:40.658877,2026-03-26 14:30:40.658877
4e7b6ce4-cd7c-40d0-8993-2fd4e4042452,4a545b1d-d759-4331-b1c8-6619db4b1e87,Amazed,Feeling wonder,əˈmeɪzd,adjective,I amazed view.,Kinh ngạc,Cảm giác bất,,,true,2026-03-26 14:30:40.658877,2026-03-26 14:30:40.658877
4e979d6e-50fb-4195-8ca8-f714dfd4a843,ad3e6677-2586-40ff-bd67-b5e6acd96ad7,Scared,Feeling fear,skɛrd,adjective,Child scared dark.,Sợ,Cảm giác sợ,,,true,2026-03-26 14:30:40.658877,2026-03-26 14:30:40.658877
4e9dd0d6-23fc-4fc3-a06d-3a67ba30ce21,62e76fe1-bd25-4280-b7de-7e2e3dd35126,Dialectic,Argument method,daɪˈælɛk.tɪk,noun,Hegel dialectic used.,Biện luận,Phương pháp,,,true,2026-03-26 14:30:40.658877,2026-03-26 14:30:40.658877
4ee0354f-897c-4f2c-b400-5b7a924389f1,59baddf7-e856-4276-9fab-c2cbd73c8911,Angry,Feeling rage,ˈæŋ.ɡri,adjective,She is angry us.,Tức giận,Cảm giác giận,,,true,2026-03-26 14:30:40.658877,2026-03-26 14:30:40.658877
4ef26446-eeae-4cc3-97dc-b04ff50b196d,484c0e0d-e1af-4005-87ba-675dd65a4bae,Wife,Married woman,waɪf,noun,His wife is teacher.,Vợ,Người phụ nữ kết,,,true,2026-03-26 14:30:40.658877,2026-03-26 14:30:40.658877
4f02a746-7dc2-4bb2-8d25-d215c40beec3,805d2653-cac0-438b-953b-cb1f832c4321,Epistemology,Knowledge study,ˌɛp.ɪ.stəˈmɑl.ə.dʒi,noun,Epistemology knowledge.,Nhận thức luận,Nghiên cứu,,,true,2026-03-26 14:30:40.658877,2026-03-26 14:30:40.658877
4f09afbf-0744-4523-ab28-9e0dae971d1a,dd37cd9c-fd13-43c8-8f32-cc50a38476a0,Epistemology,Knowledge study,ˌɛp.ɪ.stəˈmɑl.ə.dʒi,noun,Epistemology knowledge.,Nhận thức luận,Nghiên cứu,,,true,2026-03-26 14:30:40.658877,2026-03-26 14:30:40.658877
4f1bb25d-d70a-43db-86bd-a9c439ac1574,81c08f3f-0705-472c-8a7e-682c4197dc80,Nice meet,Greeting stranger,ˌnaɪs tə ˈmit,phrase,Nice meet you.,Vui gặp,Chào người mới,,,true,2026-03-26 14:30:40.658877,2026-03-26 14:30:40.658877
4f1e939d-cf51-4086-b0d6-a1c359900eea,4a545b1d-d759-4331-b1c8-6619db4b1e87,Angry,Feeling rage,ˈæŋ.ɡri,adjective,She is angry us.,Tức giận,Cảm giác giận,,,true,2026-03-26 14:30:40.658877,2026-03-26 14:30:40.658877
4f3f1434-1301-4cc4-9a7d-e6640d44c223,3762124f-a01f-42b4-a821-e14298c128dc,Seven,Number 7,ˈsɛv.ən,number,I have seven  coins.,Bảy,Số 7,,,true,2026-03-26 14:30:40.658877,2026-03-26 14:30:40.658877
4f451fe7-ffbb-44dd-be97-56cbe9599cf8,dd56df6c-e0c0-44a9-b706-28b5106b1978,Ontology,Existence study,ɑnˈtɑl.ə.dʒi,noun,Ontology explores reality.,Bản thể luận,Sự tồn tại,,,true,2026-03-26 14:30:40.658877,2026-03-26 14:30:40.658877
4f4d6e60-ce6c-44e2-8897-5d67c78de98d,cc221d3d-60b1-4412-953e-65d4d427c9fc,Goodbye,Farewell,ˌɡʊdˈbaɪ,interjection,"Goodbye, see you.",Tạm biệt,Lời tạm biệt,,,true,2026-03-26 14:30:40.658877,2026-03-26 14:30:40.658877
4f675598-a874-4e6f-85ac-7bb3147acf5b,70c77765-6416-4d36-950a-7c93580b2fa0,Relaxed,Feeling calmness,rɪˈlækst,adjective,Relaxed home.,Thư thái,Cảm giác calm,,,true,2026-03-26 14:30:40.658877,2026-03-26 14:30:40.658877
4fb9658c-2938-4a63-ab0c-2ab7314a0336,0ceda941-9b55-403f-abf7-fb080315789d,wednesday,the fourth day of the week; the middle day of the week,ˈwenzdeɪ,danh từ,Wednesday is mid-week,thứ tư,Ngày thứ tư của tuần; ngày giữa tuần,,,true,2026-03-18 23:22:53.645,2026-03-18 23:22:53.645
4feaad67-1a54-4503-b9ef-0f3a0ee912a2,3bbde304-12b8-40b2-a620-510efc4a776f,Seven,Number 7,ˈsɛv.ən,number,I have seven  coins.,Bảy,Số 7,,,true,2026-03-26 14:30:40.658877,2026-03-26 14:30:40.658877
4ff74e9c-b9e0-4112-880d-df677adf2d12,3bbde304-12b8-40b2-a620-510efc4a776f,Two,Number 2,tu,number,I have two dogs.,Hai,Số 2,,,true,2026-03-26 14:30:40.658877,2026-03-26 14:30:40.658877
501bd688-63c4-49ea-85ee-b2d278a6a5fa,6b254450-7004-433c-bf69-1fb053a62f52,Relaxed,Feeling calmness,rɪˈlækst,adjective,Relaxed home.,Thư thái,Cảm giác calm,,,true,2026-03-26 14:30:40.658877,2026-03-26 14:30:40.658877
502e8583-0899-436b-a0ad-7ffe0b053b3c,805d2653-cac0-438b-953b-cb1f832c4321,Ethics,Moral principles,ˈɛθ.ɪks,noun,Ethics guide decisions.,Đạo đức,Nguyên tắc,,,true,2026-03-26 14:30:40.658877,2026-03-26 14:30:40.658877
504d3ba4-ebda-4bed-87d0-f81fce435924,bced27c8-2c20-4107-bf2d-2dfe46687373,Daughter,Female child,ˈdɔ.tɚ,noun,She has daughters.,Con gái,Đứa con nữ,,,true,2026-03-26 14:30:40.658877,2026-03-26 14:30:40.658877
506569f3-caec-47d2-8169-e219a30c698c,c4423548-9463-45ef-bc70-285c0c8c3ea1,Pragmatism,Results based,ˈpræɡ.mə.tɪz.əm,noun,Pragmatism results.,Thực dụng,Dựa trên,,,true,2026-03-26 14:30:40.658877,2026-03-26 14:30:40.658877
5071913d-7733-4896-9815-90e100bdad29,3190f865-ff2e-4de4-8878-b0a874c044ac,jealous,feeling of envy,/jealous/,danh từ,jealous example,jealous,Một khái niệm liên quan đến emotions,,,true,2026-03-18 23:27:06.141,2026-03-18 23:27:06.141
507528ac-2c79-45ab-8903-e654d8545bf0,d4986ac8-fc5b-4d7c-9960-c7a32512ee69,Good afternoon,Afternoon greeting,ˌɡʊd ˌæf.tɚˈnun,phrase,Good afternoon!,Chào chiều,Lời chào chiều,,,true,2026-03-26 14:30:40.658877,2026-03-26 14:30:40.658877
50760db0-364c-4ec0-8d84-7ce41c85e136,7cf8f06f-0441-4076-a651-76da132eb2bf,Thousand,Number 1000,ˈθaʊ.zənd,number,One thousand people.,Nghìn,Số 1000,,,true,2026-03-26 14:30:40.658877,2026-03-26 14:30:40.658877
50a1d73d-c17c-4ae7-a00c-0b3b29af27eb,fed0d635-a1bb-4732-bb7a-b8caf4c21b12,museum,place showcasing artifacts,/museum/,danh từ,museum example,museum,Một khái niệm liên quan đến travel,,,true,2026-03-18 23:27:06.141,2026-03-18 23:27:06.141
50a2dfb4-13b1-4e9c-b15c-e002f8b4d412,65b2fc5a-c86b-4f36-8107-f8ee0ebe5d78,And you,Return greeting,ən juː,phrase,And you yourself?,Còn bạn,Trả lời chào,,,true,2026-03-26 14:30:40.658877,2026-03-26 14:30:40.658877
50bea103-1142-472d-a633-21b224b2573f,ce34e158-9a8f-400a-a082-d921b3afdb61,Four,Number 4,fɔr,number,I have four books.,Bốn,Số 4,,,true,2026-03-26 14:30:40.658877,2026-03-26 14:30:40.658877
50c401cf-5bfc-4e0f-a82c-b897f118d674,2cf6f90d-7ccb-417b-929e-361097a98afa,Impressionism,Art style capturing light,ɪmˈprɛʃ.ə.nɪz.əm,noun,Monet is impressionist.,Ấn tượng,Phong cách vẽ ánh sáng,,,true,2026-03-26 14:30:40.658877,2026-03-26 14:30:40.658877
50e85249-4836-443a-8859-2699a567551a,d33c8d93-322e-4680-b491-2ce58f9bc75f,Existentialism,Existence philosophy,ˌɛɡ.zɪˈstɛn.ʃə.lɪz.əm,noun,Existentialism freedom.,Hiện sinh chủ,Triết học,,,true,2026-03-26 14:30:40.658877,2026-03-26 14:30:40.658877
5100bd00-bb9b-4eb6-b0c6-d9e7c0e9eb9b,a844c983-7824-498a-811d-ed90b6d6f9e1,price,amount of money for item,/price/,danh từ,price example,giá tiền,Một khái niệm liên quan đến shopping,,,true,2026-03-18 23:27:06.141,2026-03-18 23:27:06.141
512d7638-2c79-4b41-841a-3c547a4d20ba,ad3e6677-2586-40ff-bd67-b5e6acd96ad7,Jealous,Feeling envy,ˈdʒɛl.əs,adjective,Jealous sister.,Ghen tị,Cảm giác ghen,,,true,2026-03-26 14:30:40.658877,2026-03-26 14:30:40.658877
5150f756-7e29-42b2-9f8a-9d63200cf02c,370abe73-2ce6-40b0-b3ef-82d8f9857e1f,Logic,Reasoning system,ˈlɑdʒ.ɪk,noun,Logic basis philosophy.,Lôgic,Hệ thống,,,true,2026-03-26 14:30:40.658877,2026-03-26 14:30:40.658877
518154cc-04f9-4ad4-aca4-2349a17b01bc,81aeef50-eae8-4ff2-941c-b321e482e121,Vice,Moral fault,vaɪs,noun,Vice unhappiness.,Tội lỗi,Lỗi đạo,,,true,2026-03-26 14:30:40.658877,2026-03-26 14:30:40.658877
51a22e16-c4cc-4a77-a3d6-3d89f37d5bf0,808c58db-c3c6-41b1-91d8-61e689795ae6,night,dark hours from sunset to sunrise,naɪt,danh từ,I sleep at night,đêm,Những giờ tối từ lúc mặt trời lặn đến bình minh,,,true,2026-03-18 23:22:53.645,2026-03-18 23:22:53.645
51bf8fa8-707a-4c15-9fef-9985f4dec575,5c7eeb64-bb5a-42f9-8b15-33d0428dd34d,Thousand,Number 1000,ˈθaʊ.zənd,number,One thousand people.,Nghìn,Số 1000,,,true,2026-03-26 14:30:40.658877,2026-03-26 14:30:40.658877
51d71a00-863f-4319-8ece-96dd8cdd73e9,1a91724d-2d99-4c3f-a140-ea1e6c617aeb,Twenty,Number 20,ˈtwɛn.ti,number,I have twenty dollars.,Hai mươi,Số 20,,,true,2026-03-26 14:30:40.658877,2026-03-26 14:30:40.658877
51dd2ae0-fa41-4b38-bb5f-3e66d3391d0e,4622c636-7957-4f30-9bc4-5fae81775631,living room,room for family activities,ˈlɪvɪŋ ruːm,danh từ,TV in living room,phòng khách,phòng cho hoạt động gia đình,,,true,2026-03-18 23:26:07.668,2026-03-18 23:26:07.668
51dfc005-f3c2-4526-9bd2-833fb1833a8e,c19483d2-a4f7-462e-a5b8-6fb57f61ef95,Sister,Female sibling,ˈsɪs.tɚ,noun,My sister likes reading.,Chị em gái,Chị em gái,,,true,2026-03-26 14:30:40.658877,2026-03-26 14:30:40.658877
51e62130-edd8-4cd3-b5ea-6286d4655c0e,2f78ac95-e536-4cc1-bd0e-e350497283ee,Daughter,Female child,ˈdɔ.tɚ,noun,She has daughters.,Con gái,Đứa con nữ,,,true,2026-03-26 14:30:40.658877,2026-03-26 14:30:40.658877
51fa2903-7712-418a-9af9-dfc2c90052d2,d33c8d93-322e-4680-b491-2ce58f9bc75f,Dialectic,Argument method,daɪˈælɛk.tɪk,noun,Hegel dialectic used.,Biện luận,Phương pháp,,,true,2026-03-26 14:30:40.658877,2026-03-26 14:30:40.658877
51fc6e6d-646d-4f9a-8134-c13e3cb9757e,ad3e6677-2586-40ff-bd67-b5e6acd96ad7,Confident,Feeling self belief,ˈkɑn.fɪ.dənt,adjective,Confident skills.,Tự tin,Cảm giác tin,,,true,2026-03-26 14:30:40.658877,2026-03-26 14:30:40.658877
521e491f-7bd9-465f-8c71-51d42d85c428,73ca6f19-8411-46ab-ae0d-39b4da6198c8,Vice,Moral fault,vaɪs,noun,Vice unhappiness.,Tội lỗi,Lỗi đạo,,,true,2026-03-26 14:30:40.658877,2026-03-26 14:30:40.658877
527a6300-6c33-448d-80d8-a126898eddfe,81aeef50-eae8-4ff2-941c-b321e482e121,Existence,State being,ɪɡˈzɪs.təns,noun,Existence God debated.,Tồn tại,Trạng thái hiện,,,true,2026-03-26 14:30:40.658877,2026-03-26 14:30:40.658877
52d7b69f-7a84-4963-b317-047ece8daf62,349e1df9-b9b6-4a64-ab4b-babd170cadc4,Eleven,Number 11,ɪˈlɛv.ən,number,Eleven players.,Mười một,Số 11,,,true,2026-03-26 14:30:40.658877,2026-03-26 14:30:40.658877
52f01bd3-21aa-4fb8-972c-c6c3642bb91c,d57a850d-30c0-4988-a53f-fc9638884178,Virtue,Moral quality,ˈvɝ.tʃu,noun,Virtue happiness path.,Đức hạnh,Phẩm chất,,,true,2026-03-26 14:30:40.658877,2026-03-26 14:30:40.658877
532aeac9-d27a-4ca4-9375-72005038cb00,c93ab659-8f04-4947-b4fc-e9b66409b54f,Virtue,Moral quality,ˈvɝ.tʃu,noun,Virtue happiness path.,Đức hạnh,Phẩm chất,,,true,2026-03-26 14:30:40.658877,2026-03-26 14:30:40.658877
5374a081-21b7-4a31-a64b-f3c75af282ed,67c2c95b-aa85-4e49-a0b3-dfb7ee8a5b29,Amazed,Feeling wonder,əˈmeɪzd,adjective,I amazed view.,Kinh ngạc,Cảm giác bất,,,true,2026-03-26 14:30:40.658877,2026-03-26 14:30:40.658877
537b9634-226e-4d4c-ac3b-ed2b6d59d7c8,eb6906e7-a8e8-4b94-9da9-59a659e92fda,dry,without much moisture or rain,/dry/,danh từ,Dry season is hot,khô,không có nhiều ẩm độ hoặc mưa,,,true,2026-03-18 23:26:07.668,2026-03-18 23:26:07.668
53a46ea4-e91e-45e2-9645-a071f3afbed1,411c419a-c126-40a3-bbe9-068a951b9026,Hundred,Number 100,ˈhʌn.drəd,number,One hundred students.,Trăm,Số 100,,,true,2026-03-26 14:30:40.658877,2026-03-26 14:30:40.658877
53ca96bf-2231-427c-941a-d2e97cf125c8,3ea443f8-3295-449b-9410-9f7a9062bdb4,Grandfather,Father of parent,ˈɡræn.ˌfɑ.ðɚ,noun,Grandfather is wise.,Ông,"Ngoại, nội",,,true,2026-03-26 14:30:40.658877,2026-03-26 14:30:40.658877
53f8279f-54d8-4d7a-9d51-6ec934a74a5f,dd29c719-2106-4c8b-b503-aa3173b0b0df,Wife,Married woman,waɪf,noun,His wife is teacher.,Vợ,Người phụ nữ kết,,,true,2026-03-26 14:30:40.658877,2026-03-26 14:30:40.658877
5411ea2e-d0c2-40d1-aa17-d26d4a632252,b16db79c-1b16-46bf-9bd8-3596a44d8609,Father,Male parent,ˈfɑ.ðɚ,noun,My father works hard.,Bố,Cha mẹ nam,,,true,2026-03-26 14:30:40.658877,2026-03-26 14:30:40.658877
541bb402-49ea-4f7a-8dfd-cd5866859af3,4622c636-7957-4f30-9bc4-5fae81775631,bathroom,room with toilet and shower,ˈbæθruːm,danh từ,Clean bathroom,phòng tắm,phòng với nhà vệ sinh và vòi sen,,,true,2026-03-18 23:26:07.668,2026-03-18 23:26:07.668
541cccc3-c0c9-436c-a0f1-25ee78b2ea25,d0d60af4-a86f-4442-a1a0-892d2a5cdbd3,Ethics,Moral principles,ˈɛθ.ɪks,noun,Ethics guide decisions.,Đạo đức,Nguyên tắc,,,true,2026-03-26 14:30:40.658877,2026-03-26 14:30:40.658877
5437dc1a-93d9-466c-981a-cdc9145f4a29,568d01b2-5a64-4823-afa2-fd4664ca4c1c,Twenty,Number 20,ˈtwɛn.ti,number,I have twenty dollars.,Hai mươi,Số 20,,,true,2026-03-26 14:30:40.658877,2026-03-26 14:30:40.658877
5441200a-896d-4fe5-b1bc-4f6a0a3dbe70,d33c8d93-322e-4680-b491-2ce58f9bc75f,Stoicism,Virtue philosophy,ˈstoʊ.ɪ.sɪz.əm,noun,Stoicism teaches acceptance.,Khắc kỷ,Triết học,,,true,2026-03-26 14:30:40.658877,2026-03-26 14:30:40.658877
54632911-68b3-411e-b279-c185a48c8032,dd56df6c-e0c0-44a9-b706-28b5106b1978,Vice,Moral fault,vaɪs,noun,Vice unhappiness.,Tội lỗi,Lỗi đạo,,,true,2026-03-26 14:30:40.658877,2026-03-26 14:30:40.658877
547911e1-6320-4234-b19d-dc64e8a2c6ac,f25b9620-2fc5-4079-8647-8f5dbf5ca619,battery,device storing electrical energy,/battery/,danh từ,battery example,battery,Một khái niệm liên quan đến technology,,,true,2026-03-18 23:27:06.141,2026-03-18 23:27:06.141
547dd112-1118-40e8-aeab-6a1c85e3c3a6,41b7f321-295c-488c-af33-14211bb75fa7,Uncle,Parent brother,ˈʌŋ.kəl,noun,Uncle visits every week.,Chú bác,Anh em bố mẹ,,,true,2026-03-26 14:30:40.658877,2026-03-26 14:30:40.658877
54a9d422-cd4d-4125-9dc6-9c98ee587ab4,859a1e12-e633-40e5-b4e2-b7e9dfd2a7d7,bronze,a brownish-yellow color; the color of bronze metal,brɑːnz,danh từ,Bronze statue,màu đồng,Một màu vàng nâu; màu của kim loại đồng,,,true,2026-03-18 23:22:53.645,2026-03-18 23:22:53.645
54e532a5-7875-47ae-8da8-042191b4d248,b07f3d0e-a184-4cd0-937d-4f3cbd063d36,Good morning,Morning greeting,ˌɡʊd ˈmɔr.nɪŋ,phrase,Good morning today.,Chào sáng,Lời chào sáng,,,true,2026-03-26 14:30:40.658877,2026-03-26 14:30:40.658877
5503b43c-824c-40ba-865c-feabcbdfda1c,6099eea9-f4d6-4738-9662-d01b6f6f2a12,backpack,bag for carrying books,/backpack/,danh từ,backpack example,backpack,Một khái niệm liên quan đến school,,,true,2026-03-18 23:27:06.141,2026-03-18 23:27:06.141
550e8400-e29b-41d4-a716-446655440001,563bcdd8-3e04-4744-947b-08885bc9308b,color,the property of objects that depends on the light,ˈkʌlər,noun,Red is a bright color,màu,tính chất phụ thuộc vào ánh sáng,,,true,2026-03-26 11:05:02.848197,2026-03-26 11:05:02.848197
550e8400-e29b-41d4-a716-446655440002,563bcdd8-3e04-4744-947b-08885bc9308b,red,the color of blood,red,noun,The rose is red,đỏ,màu sắc như máu,,,true,2026-03-26 11:05:02.848197,2026-03-26 11:05:02.848197
550e8400-e29b-41d4-a716-446655440003,563bcdd8-3e04-4744-947b-08885bc9308b,blue,the color of the sky,bluː,noun,The sky is blue,xanh,màu sắc như bầu trời,,,true,2026-03-26 11:05:02.848197,2026-03-26 11:05:02.848197
5527c82e-668e-493c-b7d0-387cfe5489d8,cf8c05bc-3687-4329-be42-38da0c0125ca,Epistemology,Knowledge study,ˌɛp.ɪ.stəˈmɑl.ə.dʒi,noun,Epistemology knowledge.,Nhận thức luận,Nghiên cứu,,,true,2026-03-26 14:30:40.658877,2026-03-26 14:30:40.658877
553eb242-a4db-4049-b259-6cba60506c93,29889dcf-a772-4499-bf3b-826af93ea3b0,Scared,Feeling fear,skɛrd,adjective,Child scared dark.,Sợ,Cảm giác sợ,,,true,2026-03-26 14:30:40.658877,2026-03-26 14:30:40.658877
554116a6-902e-46ac-806f-1cba6c5a2d5b,f19c0271-02f0-46de-b01d-d124844bd385,Brother,Male sibling,ˈbrʌð.ɚ,noun,My brother plays sports.,Anh em trai,Anh chị em,,,true,2026-03-26 14:30:40.658877,2026-03-26 14:30:40.658877
55562bb3-fe9e-45d0-976d-7717da8267cc,c19483d2-a4f7-462e-a5b8-6fb57f61ef95,Aunt,Parent sister,ænt,noun,Aunt bakes cakes.,Cô dì,Chị em bố mẹ,,,true,2026-03-26 14:30:40.658877,2026-03-26 14:30:40.658877
5559953c-53f0-47ae-9193-3283a695ccc1,ff02df4a-ece1-4847-923b-0f9273cb89be,Excited,Feeling enthusiasm,ɪkˈsaɪ.tɪd,adjective,I excited trip.,Phấn khích,Cảm giác hạnh,,,true,2026-03-26 14:30:40.658877,2026-03-26 14:30:40.658877
5590e4a6-16e5-481e-81ae-21b12af04d83,cdf5e6d8-efec-4421-8c70-814cd0fff4e7,interest,charge on borrowed money,/interest/,danh từ,interest example,interest,Một khái niệm liên quan đến finance,,,true,2026-03-18 23:27:06.141,2026-03-18 23:27:06.141
5594890d-db03-4ac1-8c5a-ffc0545b7d18,3762124f-a01f-42b4-a821-e14298c128dc,Hundred,Number 100,ˈhʌn.drəd,number,One hundred students.,Trăm,Số 100,,,true,2026-03-26 14:30:40.658877,2026-03-26 14:30:40.658877
559ead8c-5e81-4670-a0c0-f2ba7aed97ed,0f7467d0-de49-4732-a5eb-3d62ebbb0bf2,fish,an animal that lives in water with fins and gills,fɪʃ,danh từ,Fish swims in lake,cá,Một con vật sống trong nước với vây và mang,,,true,2026-03-18 23:22:53.645,2026-03-18 23:22:53.645
55a03ce2-2ae7-49cd-ba20-7539f283af58,4622c636-7957-4f30-9bc4-5fae81775631,window,opening for light and air,ˈwɪndoʊ,danh từ,Large window,cửa sổ,lỗ mở để ánh sáng và không khí,,,true,2026-03-18 23:26:07.668,2026-03-18 23:26:07.668
55a7a0c8-d4e4-415d-905b-ac489b7dfe80,b16db79c-1b16-46bf-9bd8-3596a44d8609,Grandfather,Father of parent,ˈɡræn.ˌfɑ.ðɚ,noun,Grandfather is wise.,Ông,"Ngoại, nội",,,true,2026-03-26 14:30:40.658877,2026-03-26 14:30:40.658877
55c098a0-167f-4c0e-9a2a-e36b81297615,c1c8f750-8c0e-4b88-89d9-149307fdb3e2,camping,staying outdoors overnight,/camping/,danh từ,camping example,camping,Một khái niệm liên quan đến hobbies,,,true,2026-03-18 23:27:06.141,2026-03-18 23:27:06.141
55da0f28-359b-4bde-992d-74eb32458c8c,e0dc609f-c176-4fdb-93bf-e39d087671f5,Dialectic,Argument method,daɪˈælɛk.tɪk,noun,Hegel dialectic used.,Biện luận,Phương pháp,,,true,2026-03-26 14:30:40.658877,2026-03-26 14:30:40.658877
55db999f-ab89-48af-aef2-aeb2a4feac0c,444c779c-e14e-4d61-8461-f6ecf6ddf27b,Tired,Feeling exhaustion,ˈtaɪɚd,adjective,I tired after work.,Mệt,Cảm giác mỏi,,,true,2026-03-26 14:30:40.658877,2026-03-26 14:30:40.658877
55dba379-e02d-4b91-924f-08d9e40c6141,3ea443f8-3295-449b-9410-9f7a9062bdb4,Wife,Married woman,waɪf,noun,His wife is teacher.,Vợ,Người phụ nữ kết,,,true,2026-03-26 14:30:40.658877,2026-03-26 14:30:40.658877
55dbde5f-3829-48d7-b47b-dae54852df18,65b2fc5a-c86b-4f36-8107-f8ee0ebe5d78,How are,Ask health,ˌhaʊ ɑr,phrase,How are today?,Khỏe không,Hỏi sức khỏe,,,true,2026-03-26 14:30:40.658877,2026-03-26 14:30:40.658877
55eb507b-a8f4-4b81-ab39-f32729f9f684,1a91724d-2d99-4c3f-a140-ea1e6c617aeb,Eleven,Number 11,ɪˈlɛv.ən,number,Eleven players.,Mười một,Số 11,,,true,2026-03-26 14:30:40.658877,2026-03-26 14:30:40.658877
55ed8c6c-c795-4c9a-966b-72023c3a96b0,644fe377-999e-4856-ae36-3bbea5352c69,Family,Relatives group,ˈfæm.ə.li,noun,My family is happy.,Gia đình,Nhóm thân,,,true,2026-03-26 14:30:40.658877,2026-03-26 14:30:40.658877
55ff9caa-fc37-47fa-bac7-88b788e67789,e0dc609f-c176-4fdb-93bf-e39d087671f5,Metaphysics,Reality study,ˌmɛt.əˈfɪz.ɪks,noun,Metaphysics questions.,Siêu hình,Thực tại,,,true,2026-03-26 14:30:40.658877,2026-03-26 14:30:40.658877
5600ccbd-1c31-46e8-803b-9836d4103af5,68cc7887-5460-44f9-a583-9dbf0e95b24d,Pragmatism,Results based,ˈpræɡ.mə.tɪz.əm,noun,Pragmatism results.,Thực dụng,Dựa trên,,,true,2026-03-26 14:30:40.658877,2026-03-26 14:30:40.658877
561b2765-4ca5-47d6-a99e-69f7af6003ab,3762124f-a01f-42b4-a821-e14298c128dc,Five,Number 5,faɪv,number,I have five fingers.,Năm,Số 5,,,true,2026-03-26 14:30:40.658877,2026-03-26 14:30:40.658877
562b3698-76ff-46b2-8e71-7b15d5f4581e,70c77765-6416-4d36-950a-7c93580b2fa0,Lonely,Feeling isolation,ˈloʊn.li,adjective,She lonely sometimes.,Cô đơn,Cảm giác cô,,,true,2026-03-26 14:30:40.658877,2026-03-26 14:30:40.658877
566be8b3-7007-4278-b2bb-e0df2f15958b,169b29f8-cd25-4fd5-9e0c-bcf9fdd56b6a,Excuse me,Get attention,ɪkˈskjuz mi,phrase,"Excuse me, bathroom?",Xin lỗi,Kêu gọi sự chú ý,,,true,2026-03-26 14:30:40.658877,2026-03-26 14:30:40.658877
56abd367-1d43-44a5-9dc0-e85f3b24d898,c326f285-fc07-4764-a284-b7222d917173,Baby,Young child,ˈbeɪ.bi,noun,Baby is sleeping.,Em bé,Trẻ sơ sinh,,,true,2026-03-26 14:30:40.658877,2026-03-26 14:30:40.658877
56aff2a4-e90b-44fd-b54d-ab1db163a5ad,cdbc767d-9b38-4792-a420-be0b00b83339,Sister,Female sibling,ˈsɪs.tɚ,noun,My sister likes reading.,Chị em gái,Chị em gái,,,true,2026-03-26 14:30:40.658877,2026-03-26 14:30:40.658877
56ffa25b-63b8-4eb7-b71a-5224869b9603,4a545b1d-d759-4331-b1c8-6619db4b1e87,Sad,Feeling sorrow,sæd,adjective,He feels sad loss.,Buồn,Cảm giác buồn,,,true,2026-03-26 14:30:40.658877,2026-03-26 14:30:40.658877
570ec076-1994-4b22-8001-24fa239f0f50,afa3e499-8717-431c-93a3-3d851d68fc7e,Family,Relatives group,ˈfæm.ə.li,noun,My family is happy.,Gia đình,Nhóm thân,,,true,2026-03-26 14:30:40.658877,2026-03-26 14:30:40.658877
5763b40c-ca58-499d-b3e3-021eaf06b9cc,4a545b1d-d759-4331-b1c8-6619db4b1e87,Tired,Feeling exhaustion,ˈtaɪɚd,adjective,I tired after work.,Mệt,Cảm giác mỏi,,,true,2026-03-26 14:30:40.658877,2026-03-26 14:30:40.658877
57719ddb-ddb5-486d-96e7-595c0ee200bd,3762124f-a01f-42b4-a821-e14298c128dc,Three,Number 3,θri,number,I have three birds.,Ba,Số 3,,,true,2026-03-26 14:30:40.658877,2026-03-26 14:30:40.658877
5773e1d1-e827-4615-8ab7-96efa05a76f9,e0dc609f-c176-4fdb-93bf-e39d087671f5,Aesthetics,Beauty study,ɛsˈθɛt.ɪks,noun,Aesthetics beauty.,Thẩm mỹ,Nghiên cứu,,,true,2026-03-26 14:30:40.658877,2026-03-26 14:30:40.658877
5776a96a-0d14-46a8-ad42-a39418b528c9,aa794f3a-f98a-43df-8271-67b923f0f383,Angry,Feeling rage,ˈæŋ.ɡri,adjective,She is angry us.,Tức giận,Cảm giác giận,,,true,2026-03-26 14:30:40.658877,2026-03-26 14:30:40.658877
577a8c07-c575-4569-b038-d6f9433dc32a,b16db79c-1b16-46bf-9bd8-3596a44d8609,Daughter,Female child,ˈdɔ.tɚ,noun,She has daughters.,Con gái,Đứa con nữ,,,true,2026-03-26 14:30:40.658877,2026-03-26 14:30:40.658877
5789d5e4-0d54-4e7c-8d48-f35fe782d6e2,f25b9620-2fc5-4079-8647-8f5dbf5ca619,tablet,mobile computing device,/tablet/,danh từ,tablet example,tablet,Một khái niệm liên quan đến technology,,,true,2026-03-18 23:27:06.141,2026-03-18 23:27:06.141
579a5516-8ed3-45db-a3a4-abc5f1701e69,3762124f-a01f-42b4-a821-e14298c128dc,Nine,Number 9,naɪn,number,I have nine flowers.,Chín,Số 9,,,true,2026-03-26 14:30:40.658877,2026-03-26 14:30:40.658877
57ef39ee-5624-41f2-b6ce-2ef427c5c879,71802fc1-9c2b-49d9-93ca-0140d294e318,pill,small tablet of medicine,/pill/,danh từ,pill example,pill,Một khái niệm liên quan đến health,,,true,2026-03-18 23:27:06.141,2026-03-18 23:27:06.141
57f6fe84-9516-4d89-9589-b770eec3f428,411c419a-c126-40a3-bbe9-068a951b9026,Six,Number 6,sɪks,number,I have six apples.,Sáu,Số 6,,,true,2026-03-26 14:30:40.658877,2026-03-26 14:30:40.658877
57f76493-7934-4bc8-b402-bc785a47aa2b,f25b9620-2fc5-4079-8647-8f5dbf5ca619,keyboard,input device with keys,/keyboard/,danh từ,keyboard example,keyboard,Một khái niệm liên quan đến technology,,,true,2026-03-18 23:27:06.141,2026-03-18 23:27:06.141
58141db9-bfa9-44a7-ac8a-bf646d46a4e7,a844c983-7824-498a-811d-ed90b6d6f9e1,cheap,costs little money,/cheap/,danh từ,cheap example,cheap,Một khái niệm liên quan đến shopping,,,true,2026-03-18 23:27:06.141,2026-03-18 23:27:06.141
582b0181-602c-4079-8fb1-8d23dbde5c48,e62729fd-2c68-41d8-8dea-aec377434133,Existence,State being,ɪɡˈzɪs.təns,noun,Existence God debated.,Tồn tại,Trạng thái hiện,,,true,2026-03-26 14:30:40.658877,2026-03-26 14:30:40.658877
5874a408-1732-411f-b4fe-6c3562902f44,e1c6a531-951b-49e8-a205-ed0b9486f723,Consciousness,Awareness self,ˈkɑn.ʃəs.nəs,noun,Consciousness mysterious.,Ý thức,Nhận thức,,,true,2026-03-26 14:30:40.658877,2026-03-26 14:30:40.658877
58b413f2-4380-4ea6-82de-023e696f1710,4622c636-7957-4f30-9bc4-5fae81775631,door,entrance to room,dɔːr,danh từ,Red front door,cửa,lối vào phòng,,,true,2026-03-18 23:26:07.668,2026-03-18 23:26:07.668
58bb447e-3c54-4714-830e-0809395dd644,dab29c7e-633e-4611-83f9-6a1781fed230,Ethics,Moral principles,ˈɛθ.ɪks,noun,Ethics guide decisions.,Đạo đức,Nguyên tắc,,,true,2026-03-26 14:30:40.658877,2026-03-26 14:30:40.658877
58c32449-b351-41b7-a538-5c6841af99ba,79c47bf8-ccad-4d92-807d-c7cdafd034c0,Scared,Feeling fear,skɛrd,adjective,Child scared dark.,Sợ,Cảm giác sợ,,,true,2026-03-26 14:30:40.658877,2026-03-26 14:30:40.658877
58e14cec-50ee-4578-b3f1-80deb207ef81,bdace7d5-30a7-49fe-a09e-ea0657efb79d,shrimp,small marine creature,/shrimp/,danh từ,Grilled shrimp is delicious,tôm,sinh vật biển nhỏ,,,true,2026-03-18 23:26:07.668,2026-03-18 23:26:07.668
58e88dd5-84b7-445e-a074-09308846acc8,fed0d635-a1bb-4732-bb7a-b8caf4c21b12,airport,place for airplane travel,/airport/,danh từ,airport example,sân bay,Một khái niệm liên quan đến travel,,,true,2026-03-18 23:27:06.141,2026-03-18 23:27:06.141
58f6afe5-901f-43cf-b792-c72e494881a3,34931917-34dc-4ea8-af60-d0d01b00cc86,sales,selling of goods or services,/sales/,danh từ,sales example,sales,Một khái niệm liên quan đến business,,,true,2026-03-18 23:27:06.141,2026-03-18 23:27:06.141
5936f5c9-5143-4cd9-a964-42089b4d072f,805d2653-cac0-438b-953b-cb1f832c4321,Dialectic,Argument method,daɪˈælɛk.tɪk,noun,Hegel dialectic used.,Biện luận,Phương pháp,,,true,2026-03-26 14:30:40.658877,2026-03-26 14:30:40.658877
59563b76-eee2-4b8b-9e0e-628c35282969,cc221d3d-60b1-4412-953e-65d4d427c9fc,Thank you,Express gratitude,ˈθæŋk juː,phrase,Thank you for help.,Cảm ơn,Tỏ lòng biết ơn,,,true,2026-03-26 14:30:40.658877,2026-03-26 14:30:40.658877
597e37df-9f3c-40a2-9fd1-5bb2d7e37a5b,205b1709-dae5-421b-b2ec-7bfd6528a0ea,Hello,Polite greeting,həˈloʊ,interjection,"Hello, how are you?",Xin chào,Cách chào hỏi,,,true,2026-03-26 14:30:40.658877,2026-03-26 14:30:40.658877
599d1d1a-8bb4-4fac-b361-3c6823243a9f,370abe73-2ce6-40b0-b3ef-82d8f9857e1f,Dialectic,Argument method,daɪˈælɛk.tɪk,noun,Hegel dialectic used.,Biện luận,Phương pháp,,,true,2026-03-26 14:30:40.658877,2026-03-26 14:30:40.658877
59ab4729-10e5-45d6-9a68-17e6ab7264b8,81aeef50-eae8-4ff2-941c-b321e482e121,Existentialism,Existence philosophy,ˌɛɡ.zɪˈstɛn.ʃə.lɪz.əm,noun,Existentialism freedom.,Hiện sinh chủ,Triết học,,,true,2026-03-26 14:30:40.658877,2026-03-26 14:30:40.658877
59de9067-d4f2-4f34-a76b-eb5ea1c3a195,7e5d0907-64fa-482f-b968-a5efd9168a61,Ethics,Moral principles,ˈɛθ.ɪks,noun,Ethics guide decisions.,Đạo đức,Nguyên tắc,,,true,2026-03-26 14:30:40.658877,2026-03-26 14:30:40.658877
59ecb001-b332-4d0a-a232-a77dabf3fed8,34931917-34dc-4ea8-af60-d0d01b00cc86,presentation,formal speech to audience,/presentation/,danh từ,presentation example,presentation,Một khái niệm liên quan đến business,,,true,2026-03-18 23:27:06.141,2026-03-18 23:27:06.141
59f06102-d522-4023-90b2-624e23824755,7cf8f06f-0441-4076-a651-76da132eb2bf,Eleven,Number 11,ɪˈlɛv.ən,number,Eleven players.,Mười một,Số 11,,,true,2026-03-26 14:30:40.658877,2026-03-26 14:30:40.658877
5a0ee3b8-a63b-4b8f-89a0-23ab30f09370,5dd944a2-6707-4592-a3c4-99c480de8197,Scared,Feeling fear,skɛrd,adjective,Child scared dark.,Sợ,Cảm giác sợ,,,true,2026-03-26 14:30:40.658877,2026-03-26 14:30:40.658877
5a10abc6-2787-4bee-9085-b99beb11b5ce,d4986ac8-fc5b-4d7c-9960-c7a32512ee69,Hello,Polite greeting,həˈloʊ,interjection,"Hello, how are you?",Xin chào,Cách chào hỏi,,,true,2026-03-26 14:30:40.658877,2026-03-26 14:30:40.658877
5a12ef21-da24-4162-80e1-0927c8d10c0c,444c779c-e14e-4d61-8461-f6ecf6ddf27b,Relaxed,Feeling calmness,rɪˈlækst,adjective,Relaxed home.,Thư thái,Cảm giác calm,,,true,2026-03-26 14:30:40.658877,2026-03-26 14:30:40.658877
5a19428f-67ee-4cd8-af1b-9d402e8c4a0d,cdbc767d-9b38-4792-a420-be0b00b83339,Mother,Female parent,ˈmʌð.ɚ,noun,My mother is kind.,Mẹ,Cha mẹ nữ,,,true,2026-03-26 14:30:40.658877,2026-03-26 14:30:40.658877
5a526c0b-e0f8-41fa-a4bb-5e2134c17613,501a150d-fbe9-48ce-be53-52a6f1aeb3ff,Amazed,Feeling wonder,əˈmeɪzd,adjective,I amazed view.,Kinh ngạc,Cảm giác bất,,,true,2026-03-26 14:30:40.658877,2026-03-26 14:30:40.658877
5a5c1a6e-8a47-4a27-b62d-ae4bdd8c0231,6099eea9-f4d6-4738-9662-d01b6f6f2a12,grade,mark or score received,/grade/,danh từ,grade example,grade,Một khái niệm liên quan đến school,,,true,2026-03-18 23:27:06.141,2026-03-18 23:27:06.141
5a63f6b9-ccbe-4db7-a985-913dc4d25dac,fed0d635-a1bb-4732-bb7a-b8caf4c21b12,guide,person who shows places,/guide/,danh từ,guide example,guide,Một khái niệm liên quan đến travel,,,true,2026-03-18 23:27:06.141,2026-03-18 23:27:06.141
5a7d44fd-fe8f-41b1-83d0-c16f51967168,f5963936-9e64-4d38-bd67-8490e7b3a302,Grandfather,Father of parent,ˈɡræn.ˌfɑ.ðɚ,noun,Grandfather is wise.,Ông,"Ngoại, nội",,,true,2026-03-26 14:30:40.658877,2026-03-26 14:30:40.658877
5ac13f11-bb4e-4992-b582-aaa79afb8d0f,c19483d2-a4f7-462e-a5b8-6fb57f61ef95,Father,Male parent,ˈfɑ.ðɚ,noun,My father works hard.,Bố,Cha mẹ nam,,,true,2026-03-26 14:30:40.658877,2026-03-26 14:30:40.658877
5ac861cd-d52a-4c6f-9eb6-9c7595e703d9,9746df2b-8bde-432c-ab17-aac73f51c1f6,team,group of players together,/team/,danh từ,team example,team,Một khái niệm liên quan đến sports,,,true,2026-03-18 23:27:06.141,2026-03-18 23:27:06.141
5adacad3-3ad1-4997-a87c-afff323e17a4,169b29f8-cd25-4fd5-9e0c-bcf9fdd56b6a,And you,Return greeting,ən juː,phrase,And you yourself?,Còn bạn,Trả lời chào,,,true,2026-03-26 14:30:40.658877,2026-03-26 14:30:40.658877
5af500cf-23e4-4cab-b1c2-d78e4006644e,84b45efa-148b-4307-94b0-ebaae6c7b32a,Consciousness,Awareness self,ˈkɑn.ʃəs.nəs,noun,Consciousness mysterious.,Ý thức,Nhận thức,,,true,2026-03-26 14:30:40.658877,2026-03-26 14:30:40.658877
5b21cb52-4235-4564-8a5d-3d468517a4af,7e5d0907-64fa-482f-b968-a5efd9168a61,Logic,Reasoning system,ˈlɑdʒ.ɪk,noun,Logic basis philosophy.,Lôgic,Hệ thống,,,true,2026-03-26 14:30:40.658877,2026-03-26 14:30:40.658877
5b5b51a4-9444-4ba8-8555-f82dc675b436,37f72f2b-f802-4bb4-91cd-72dbad87ecde,Eleven,Number 11,ɪˈlɛv.ən,number,Eleven players.,Mười một,Số 11,,,true,2026-03-26 14:30:40.658877,2026-03-26 14:30:40.658877
5b5bc5dc-bb87-4318-9ad7-01c9a14febf2,0f7467d0-de49-4732-a5eb-3d62ebbb0bf2,dog,a domestic animal that barks; popular pet,dɔːɡ,danh từ,My dog is loyal,chó,Một con vật nuôi phổ biến; vật nuôi sủa,,,true,2026-03-18 23:22:53.645,2026-03-18 23:22:53.645
5b7965fc-7c67-4853-8cbb-2a2917d0a020,967cb953-d9f0-413d-9444-c2de97d17102,Analyze,Examine carefully,əˈnæl.aɪz,verb,Let us analyze motives.,Phân tích,Kiểm tra cẩn thận,,,true,2026-03-26 14:30:40.658877,2026-03-26 14:30:40.658877
5b801a86-50b9-41ab-81d6-90c2dca573e0,1e70a4e8-5e55-4666-9f9b-2ba140d9031b,pilot,person who flies airplane,/pilot/,danh từ,pilot example,pilot,Một khái niệm liên quan đến jobs,,,true,2026-03-18 23:27:06.141,2026-03-18 23:27:06.141
5b879891-3b87-4785-9dff-570d8664e4d0,169b29f8-cd25-4fd5-9e0c-bcf9fdd56b6a,See you later,Casual goodbye,ˌsi juː ˈleɪ.tɚ,phrase,See you later!,Gặp lại,Tạm biệt,,,true,2026-03-26 14:30:40.658877,2026-03-26 14:30:40.658877
5ba591ac-d7ea-4eda-ab26-95ab992aec4e,dab29c7e-633e-4611-83f9-6a1781fed230,Nihilism,Nothing meaning belief,ˈnaɪ.ə.lɪz.əm,noun,Nihilism values denies.,Vô chủ nghĩa,Niềm tin,,,true,2026-03-26 14:30:40.658877,2026-03-26 14:30:40.658877
5bcdd886-c1d4-4e9f-b772-5a883004f12b,a58554ec-5e72-4981-b30c-ce5f10aee993,Epistemology,Knowledge study,ˌɛp.ɪ.stəˈmɑl.ə.dʒi,noun,Epistemology knowledge.,Nhận thức luận,Nghiên cứu,,,true,2026-03-26 14:30:40.658877,2026-03-26 14:30:40.658877
5be2f33b-0f77-4e48-9f9c-25e280d7a375,ce34e158-9a8f-400a-a082-d921b3afdb61,Six,Number 6,sɪks,number,I have six apples.,Sáu,Số 6,,,true,2026-03-26 14:30:40.658877,2026-03-26 14:30:40.658877
5bfd5c57-31d5-4fe0-a413-43a6370afe11,0f7467d0-de49-4732-a5eb-3d62ebbb0bf2,rabbit,a small animal with long ears and tail,ˈræbɪt,danh từ,White rabbit is cute,thỏ,Một con vật nhỏ với tai dài và đuôi,,,true,2026-03-18 23:22:53.645,2026-03-18 23:22:53.645
5c07a1d8-16d4-4aac-b5ec-bc6b05768d64,9746df2b-8bde-432c-ab17-aac73f51c1f6,trophy,prize for winning,/trophy/,danh từ,trophy example,trophy,Một khái niệm liên quan đến sports,,,true,2026-03-18 23:27:06.141,2026-03-18 23:27:06.141
5c2056ec-a57a-44cd-be02-236ba07de806,73f5c5b2-5c82-4434-bcef-a0ad0e5d7de5,Sister,Female sibling,ˈsɪs.tɚ,noun,My sister likes reading.,Chị em gái,Chị em gái,,,true,2026-03-26 14:30:40.658877,2026-03-26 14:30:40.658877
5c56a7cb-5ddd-4d4a-b888-0720d11b503d,f3aaed13-86c6-49be-8f73-c117a646f1ff,Tired,Feeling exhaustion,ˈtaɪɚd,adjective,I tired after work.,Mệt,Cảm giác mỏi,,,true,2026-03-26 14:30:40.658877,2026-03-26 14:30:40.658877
5c79cba5-03d5-464d-b6df-06862f61f20b,81aeef50-eae8-4ff2-941c-b321e482e121,Consciousness,Awareness self,ˈkɑn.ʃəs.nəs,noun,Consciousness mysterious.,Ý thức,Nhận thức,,,true,2026-03-26 14:30:40.658877,2026-03-26 14:30:40.658877
5c826359-4913-4011-9a07-f07c6dc872ea,3190f865-ff2e-4de4-8878-b0a874c044ac,tired,feeling of exhaustion,/tired/,danh từ,tired example,tired,Một khái niệm liên quan đến emotions,,,true,2026-03-18 23:27:06.141,2026-03-18 23:27:06.141
5cc3df53-b88b-4161-adb0-1255c8f59d16,819c177f-eeaa-482b-9a10-e90cca890e76,Sad,Feeling sorrow,sæd,adjective,He feels sad loss.,Buồn,Cảm giác buồn,,,true,2026-03-26 14:30:40.658877,2026-03-26 14:30:40.658877
5cfa342d-fde9-4095-8613-885eca3d68ce,764cc2ce-f217-4c78-9799-04685ba95ab7,belt,worn around waist to hold pants,belt,danh từ,Leather belt with jeans,thắt lưng,mặc quanh eo để giữ quần,,,true,2026-03-18 23:26:07.668,2026-03-18 23:26:07.668
5d10c6a7-4f67-4d78-9f22-b86988f339d1,113a8d3e-ddda-4419-9a38-fde75df58c3e,Proud,Feeling pride,praʊd,adjective,I proud you.,Tự hào,Cảm giác hạnh,,,true,2026-03-26 14:30:40.658877,2026-03-26 14:30:40.658877
5d41686d-fa0d-4cf5-8bbe-cd01e825cd14,ed55870d-2fd2-4ba1-b0aa-7a280a6cd587,Stoicism,Virtue philosophy,ˈstoʊ.ɪ.sɪz.əm,noun,Stoicism teaches acceptance.,Khắc kỷ,Triết học,,,true,2026-03-26 14:30:40.658877,2026-03-26 14:30:40.658877
5d84790f-2eb9-40ef-ac19-75015073a688,5ff5c9d7-f265-4925-88c7-c44b7ae1e531,foot,at end of leg,/foot/,danh từ,Small feet,bàn chân,ở cuối chân,,,true,2026-03-18 23:26:07.668,2026-03-18 23:26:07.668
5d8c4e27-a8e2-4f0a-8edb-a451513c91cd,5ff5c9d7-f265-4925-88c7-c44b7ae1e531,teeth,hard parts in mouth for chewing,/teeth/,danh từ,White teeth,răng,phần cứng trong miệng để nhai,,,true,2026-03-18 23:26:07.668,2026-03-18 23:26:07.668
5d932328-22b1-4318-b4b9-a87e09cbd79f,bdace7d5-30a7-49fe-a09e-ea0657efb79d,egg,oval object from birds,eɡ,danh từ,Fried egg for breakfast,trứng,vật hình bầu dục từ chim,,,true,2026-03-18 23:26:07.668,2026-03-18 23:26:07.668
5d9e8bd3-e132-47f4-b0a1-4cbb4a0a0dd7,306cd435-7556-4ca6-b508-0a5dfdec7100,Twelve,Number 12,twɛlv,number,Twelve months here.,Mười hai,Số 12,,,true,2026-03-26 14:30:40.658877,2026-03-26 14:30:40.658877
5daac259-2da7-4973-8cf6-f1131d40db33,967cb953-d9f0-413d-9444-c2de97d17102,Inference,Conclusion from evidence,ɪnˈfɚ.əns,noun,We made inference.,Suy luận,Kết luận từ bằng chứng,,,true,2026-03-26 14:30:40.658877,2026-03-26 14:30:40.658877
5db600b1-e0b3-4af4-9895-8583a05aa13f,501a150d-fbe9-48ce-be53-52a6f1aeb3ff,Confident,Feeling self belief,ˈkɑn.fɪ.dənt,adjective,Confident skills.,Tự tin,Cảm giác tin,,,true,2026-03-26 14:30:40.658877,2026-03-26 14:30:40.658877
5df1bfeb-a743-4ca5-89b2-913acbcbdff8,444c779c-e14e-4d61-8461-f6ecf6ddf27b,Scared,Feeling fear,skɛrd,adjective,Child scared dark.,Sợ,Cảm giác sợ,,,true,2026-03-26 14:30:40.658877,2026-03-26 14:30:40.658877
5e171b06-1931-4238-9eab-7fcb83a1e477,5ff5c9d7-f265-4925-88c7-c44b7ae1e531,hand,at end of arm,hænd,danh từ,Small hands,tay,ở cuối cánh tay,,,true,2026-03-18 23:26:07.668,2026-03-18 23:26:07.668
5e24ebfd-3d38-4e79-ab52-dbcd96f600d6,1a91724d-2d99-4c3f-a140-ea1e6c617aeb,One,Number 1,wʌn,number,I have one cat.,Một,Số 1,,,true,2026-03-26 14:30:40.658877,2026-03-26 14:30:40.658877
5e5d32aa-5ce1-4654-afae-1b019acd9ed4,349e1df9-b9b6-4a64-ab4b-babd170cadc4,Five,Number 5,faɪv,number,I have five fingers.,Năm,Số 5,,,true,2026-03-26 14:30:40.658877,2026-03-26 14:30:40.658877
5e636919-a53a-4737-82de-ef458ea408d0,7e5d0907-64fa-482f-b968-a5efd9168a61,Aesthetics,Beauty study,ɛsˈθɛt.ɪks,noun,Aesthetics beauty.,Thẩm mỹ,Nghiên cứu,,,true,2026-03-26 14:30:40.658877,2026-03-26 14:30:40.658877
5e869d65-8bb4-461e-a154-8bac3070914d,2cf6f90d-7ccb-417b-929e-361097a98afa,Modernism,Art rejecting tradition,ˈmɑd.ərˌnɪz.əm,noun,Modernism challenged forms.,Hiện đại,Nghệ thuật loại bỏ,,,true,2026-03-26 14:30:40.658877,2026-03-26 14:30:40.658877
5e9aca7c-f046-4f36-a656-1ecbae83bee4,89da3255-c13a-4384-9292-e7a67b866ee0,Aesthetics,Beauty study,ɛsˈθɛt.ɪks,noun,Aesthetics beauty.,Thẩm mỹ,Nghiên cứu,,,true,2026-03-26 14:30:40.658877,2026-03-26 14:30:40.658877
5ea03854-e12f-4996-941f-aa0dcfb16ae0,73ca6f19-8411-46ab-ae0d-39b4da6198c8,Stoicism,Virtue philosophy,ˈstoʊ.ɪ.sɪz.əm,noun,Stoicism teaches acceptance.,Khắc kỷ,Triết học,,,true,2026-03-26 14:30:40.658877,2026-03-26 14:30:40.658877
5eb2c278-1b4b-4c16-a195-77b49778b98a,a844c983-7824-498a-811d-ed90b6d6f9e1,checkout,place to pay at store,/checkout/,danh từ,checkout example,checkout,Một khái niệm liên quan đến shopping,,,true,2026-03-18 23:27:06.141,2026-03-18 23:27:06.141
5edec83f-ece1-4863-bef2-7cbbab796156,ce34e158-9a8f-400a-a082-d921b3afdb61,Ten,Number 10,tɛn,number,I have ten dollars.,Mười,Số 10,,,true,2026-03-26 14:30:40.658877,2026-03-26 14:30:40.658877
5f072f7c-8ae9-4f64-87af-15fb826b8bc7,efe6a928-8995-47cc-8e83-458a37872a80,Daughter,Female child,ˈdɔ.tɚ,noun,She has daughters.,Con gái,Đứa con nữ,,,true,2026-03-26 14:30:40.658877,2026-03-26 14:30:40.658877
5f1822f0-ff5d-40f8-9a47-9127bb004675,41b7f321-295c-488c-af33-14211bb75fa7,Wife,Married woman,waɪf,noun,His wife is teacher.,Vợ,Người phụ nữ kết,,,true,2026-03-26 14:30:40.658877,2026-03-26 14:30:40.658877
5f4fa8f8-b3a3-4fd4-865f-fe763976e2b1,5ff5c9d7-f265-4925-88c7-c44b7ae1e531,lungs,organs for breathing,/lungs/,danh từ,Healthy lungs,phổi,cơ quan hô hấp,,,true,2026-03-18 23:26:07.668,2026-03-18 23:26:07.668
5f7d9777-d389-4a96-aa12-a595c5bb16d5,bced27c8-2c20-4107-bf2d-2dfe46687373,Brother,Male sibling,ˈbrʌð.ɚ,noun,My brother plays sports.,Anh em trai,Anh chị em,,,true,2026-03-26 14:30:40.658877,2026-03-26 14:30:40.658877
5fa39cd6-3948-4e0e-8898-68fc4ec9383a,f3aaed13-86c6-49be-8f73-c117a646f1ff,Excited,Feeling enthusiasm,ɪkˈsaɪ.tɪd,adjective,I excited trip.,Phấn khích,Cảm giác hạnh,,,true,2026-03-26 14:30:40.658877,2026-03-26 14:30:40.658877
5fc62b7f-a379-4410-bd37-23711f2abb9a,a6f9ef68-d647-4df6-9121-19ec9c0fee72,Good afternoon,Afternoon greeting,ˌɡʊd ˌæf.tɚˈnun,phrase,Good afternoon!,Chào chiều,Lời chào chiều,,,true,2026-03-26 14:30:40.658877,2026-03-26 14:30:40.658877
601ea0d1-fd5a-418d-86b2-67616b63fc66,113a8d3e-ddda-4419-9a38-fde75df58c3e,Worried,Feeling anxiety,ˈwɝ.id,adjective,Worried exam.,Lo lắng,Cảm giác lo,,,true,2026-03-26 14:30:40.658877,2026-03-26 14:30:40.658877
606a136d-1c60-4dce-b612-ff9862921d8d,62e76fe1-bd25-4280-b7de-7e2e3dd35126,Existentialism,Existence philosophy,ˌɛɡ.zɪˈstɛn.ʃə.lɪz.əm,noun,Existentialism freedom.,Hiện sinh chủ,Triết học,,,true,2026-03-26 14:30:40.658877,2026-03-26 14:30:40.658877
60ad26fb-182f-4cee-80d9-e7557ab6275e,5c7eeb64-bb5a-42f9-8b15-33d0428dd34d,Three,Number 3,θri,number,I have three birds.,Ba,Số 3,,,true,2026-03-26 14:30:40.658877,2026-03-26 14:30:40.658877
60b8c4c7-08ba-4155-a006-a8d26ad26805,95ad0b6d-ecef-4e64-9d00-1f9a355214bb,Tired,Feeling exhaustion,ˈtaɪɚd,adjective,I tired after work.,Mệt,Cảm giác mỏi,,,true,2026-03-26 14:30:40.658877,2026-03-26 14:30:40.658877
60c44ef0-ee5b-4f9c-b216-79c4351ebb0b,ddea0c96-bacc-484f-9d4d-66d741cc51d8,Hello,Polite greeting,həˈloʊ,interjection,"Hello, how are you?",Xin chào,Cách chào hỏi,,,true,2026-03-26 14:30:40.658877,2026-03-26 14:30:40.658877
60cea6b0-f0f8-4b52-b101-02423b618cca,1e70a4e8-5e55-4666-9f9b-2ba140d9031b,engineer,person who designs structures,/engineer/,danh từ,engineer example,kỹ sư,Một khái niệm liên quan đến jobs,,,true,2026-03-18 23:27:06.141,2026-03-18 23:27:06.141
610da933-fac5-4c18-a709-7a49cfd1fdfa,2d825671-b231-4d6a-9c0c-5ec2fa5d7d70,Son,Male child,sʌn,noun,He has son.,Con trai,Đứa con nam,,,true,2026-03-26 14:30:40.658877,2026-03-26 14:30:40.658877
6123189e-a8a5-40ec-8066-55d16ce36fcf,33b3b961-a831-48ce-bcba-4ec9b1406006,How are,Ask health,ˌhaʊ ɑr,phrase,How are today?,Khỏe không,Hỏi sức khỏe,,,true,2026-03-26 14:30:40.658877,2026-03-26 14:30:40.658877
61385c43-23e8-471d-9b9f-2034ef82fae4,efe6a928-8995-47cc-8e83-458a37872a80,Aunt,Parent sister,ænt,noun,Aunt bakes cakes.,Cô dì,Chị em bố mẹ,,,true,2026-03-26 14:30:40.658877,2026-03-26 14:30:40.658877
614631f3-e4a0-4047-bd18-2b4dab543c0d,f5963936-9e64-4d38-bd67-8490e7b3a302,Brother,Male sibling,ˈbrʌð.ɚ,noun,My brother plays sports.,Anh em trai,Anh chị em,,,true,2026-03-26 14:30:40.658877,2026-03-26 14:30:40.658877
6147488d-abc4-4229-afcb-3d58c58cdb52,a27485a8-7d88-47ed-8ce5-93266a425c11,Pragmatism,Results based,ˈpræɡ.mə.tɪz.əm,noun,Pragmatism results.,Thực dụng,Dựa trên,,,true,2026-03-26 14:30:40.658877,2026-03-26 14:30:40.658877
61543a1e-0a1d-41c9-aaf3-053093e91268,ad3e6677-2586-40ff-bd67-b5e6acd96ad7,Ashamed,Feeling shame,əˈʃeɪmd,adjective,He ashamed behavior.,Xấu hổ,Cảm giác xấu,,,true,2026-03-26 14:30:40.658877,2026-03-26 14:30:40.658877
615c7845-5782-4982-8516-39d7499cf105,f3aaed13-86c6-49be-8f73-c117a646f1ff,Confident,Feeling self belief,ˈkɑn.fɪ.dənt,adjective,Confident skills.,Tự tin,Cảm giác tin,,,true,2026-03-26 14:30:40.658877,2026-03-26 14:30:40.658877
61e56ddd-82e4-4903-93bf-6357a87f1a46,f46a14f4-283c-4d9b-b52b-76e8648d68c4,Consciousness,Awareness self,ˈkɑn.ʃəs.nəs,noun,Consciousness mysterious.,Ý thức,Nhận thức,,,true,2026-03-26 14:30:40.658877,2026-03-26 14:30:40.658877
62629f89-a013-4266-8bc6-8f1016a20cb5,ed55870d-2fd2-4ba1-b0aa-7a280a6cd587,Existence,State being,ɪɡˈzɪs.təns,noun,Existence God debated.,Tồn tại,Trạng thái hiện,,,true,2026-03-26 14:30:40.658877,2026-03-26 14:30:40.658877
62aa918c-1f4d-40ea-935f-a64c11af6a19,205b1709-dae5-421b-b2ec-7bfd6528a0ea,Goodbye,Farewell,ˌɡʊdˈbaɪ,interjection,"Goodbye, see you.",Tạm biệt,Lời tạm biệt,,,true,2026-03-26 14:30:40.658877,2026-03-26 14:30:40.658877
62ff1ed2-7140-4844-a4e0-48a058b5b6ac,c4f69ac2-b089-44ca-a48e-67f1636f0314,cousin,child of parent's sibling; relative of same generation,ˈkʌzən,danh từ,My cousin studies elsewhere,anh/chị/em họ,Con của người chú hoặc cô; người thân cùng thế hệ,,,true,2026-03-18 23:22:53.645,2026-03-18 23:22:53.645
633b99ad-3847-4740-b691-8650c5f52bfa,ddea0c96-bacc-484f-9d4d-66d741cc51d8,Good afternoon,Afternoon greeting,ˌɡʊd ˌæf.tɚˈnun,phrase,Good afternoon!,Chào chiều,Lời chào chiều,,,true,2026-03-26 14:30:40.658877,2026-03-26 14:30:40.658877
63514537-0cb1-4144-b1f5-62ded653862c,1768a53f-3b47-4afe-a231-feea190002ef,Epistemology,Knowledge study,ˌɛp.ɪ.stəˈmɑl.ə.dʒi,noun,Epistemology knowledge.,Nhận thức luận,Nghiên cứu,,,true,2026-03-26 14:30:40.658877,2026-03-26 14:30:40.658877
6356bad6-6b92-4e78-802c-5dc0463bc875,c4423548-9463-45ef-bc70-285c0c8c3ea1,Aesthetics,Beauty study,ɛsˈθɛt.ɪks,noun,Aesthetics beauty.,Thẩm mỹ,Nghiên cứu,,,true,2026-03-26 14:30:40.658877,2026-03-26 14:30:40.658877
639ff96a-a51c-479d-bf1b-8e5c5d890822,faf4d62d-4fb0-4373-8fd4-3a5360963de1,Ashamed,Feeling shame,əˈʃeɪmd,adjective,He ashamed behavior.,Xấu hổ,Cảm giác xấu,,,true,2026-03-26 14:30:40.658877,2026-03-26 14:30:40.658877
63d540a7-4fbe-4c84-bef7-a396dcb667a9,d4986ac8-fc5b-4d7c-9960-c7a32512ee69,Please,Polite request,pliz,adverb,Please pass salt.,Vui lòng,Yêu cầu lịch sự,,,true,2026-03-26 14:30:40.658877,2026-03-26 14:30:40.658877
63e7488d-6d38-4f00-8b7f-1afe77086ed4,2bddc0bd-c221-4bc1-8b6f-72096e4a7674,Sad,Feeling sorrow,sæd,adjective,He feels sad loss.,Buồn,Cảm giác buồn,,,true,2026-03-26 14:30:40.658877,2026-03-26 14:30:40.658877
642a0c2e-2a05-481a-b948-b0de99a564db,805d2653-cac0-438b-953b-cb1f832c4321,Consciousness,Awareness self,ˈkɑn.ʃəs.nəs,noun,Consciousness mysterious.,Ý thức,Nhận thức,,,true,2026-03-26 14:30:40.658877,2026-03-26 14:30:40.658877
642e7443-2267-4e4a-8a8d-0b410bd87b1e,0ceda941-9b55-403f-abf7-fb080315789d,day,a period of 24 hours; the time from sunrise to sunset,deɪ,danh từ,One day has 24 hours,ngày,Một khoảng thời gian 24 giờ; khoảng thời gian từ mặt trời mọc đến mặt trời lặn,,,true,2026-03-18 23:22:53.645,2026-03-18 23:22:53.645
643d84a8-ac30-4aea-b95e-376dc4d55e45,dd29c719-2106-4c8b-b503-aa3173b0b0df,Sister,Female sibling,ˈsɪs.tɚ,noun,My sister likes reading.,Chị em gái,Chị em gái,,,true,2026-03-26 14:30:40.658877,2026-03-26 14:30:40.658877
64463618-5047-4ced-b9fe-e51c04df3c63,ce34e158-9a8f-400a-a082-d921b3afdb61,Eight,Number 8,eɪt,number,I have eight pens.,Tám,Số 8,,,true,2026-03-26 14:30:40.658877,2026-03-26 14:30:40.658877
6450d484-28b6-437c-b3e2-70ac161ba7ff,cdf5e6d8-efec-4421-8c70-814cd0fff4e7,invoice,bill for goods or services,/invoice/,danh từ,invoice example,invoice,Một khái niệm liên quan đến finance,,,true,2026-03-18 23:27:06.141,2026-03-18 23:27:06.141
6462b895-cf5c-46d2-a516-a25f29ae08ce,eb6906e7-a8e8-4b94-9da9-59a659e92fda,sunny,bright with lots of sunlight,ˈsʌni,danh từ,It is sunny today,nắng,sáng với nhiều ánh nắng mặt trời,,,true,2026-03-18 23:26:07.668,2026-03-18 23:26:07.668
647d2355-03e5-441c-a3c2-9f7f6049cc39,3ea443f8-3295-449b-9410-9f7a9062bdb4,Uncle,Parent brother,ˈʌŋ.kəl,noun,Uncle visits every week.,Chú bác,Anh em bố mẹ,,,true,2026-03-26 14:30:40.658877,2026-03-26 14:30:40.658877
64ae1c3b-6f92-4509-9885-00b6a396888f,484c0e0d-e1af-4005-87ba-675dd65a4bae,Family,Relatives group,ˈfæm.ə.li,noun,My family is happy.,Gia đình,Nhóm thân,,,true,2026-03-26 14:30:40.658877,2026-03-26 14:30:40.658877
64c2ac15-4d3b-4f40-b722-7946d4c2ab9f,12c09afc-e4cd-4cc3-b911-1e5d9e07c387,Amazed,Feeling wonder,əˈmeɪzd,adjective,I amazed view.,Kinh ngạc,Cảm giác bất,,,true,2026-03-26 14:30:40.658877,2026-03-26 14:30:40.658877
64c5c449-bad0-41e8-a3cf-bbdf46ae33f0,306cd435-7556-4ca6-b508-0a5dfdec7100,Four,Number 4,fɔr,number,I have four books.,Bốn,Số 4,,,true,2026-03-26 14:30:40.658877,2026-03-26 14:30:40.658877
64cf1238-2bf3-4fd5-b2e5-6e030d0fbdc2,306cd435-7556-4ca6-b508-0a5dfdec7100,Five,Number 5,faɪv,number,I have five fingers.,Năm,Số 5,,,true,2026-03-26 14:30:40.658877,2026-03-26 14:30:40.658877
650a6541-bbac-4f2e-8737-738f9309f908,7cf8f06f-0441-4076-a651-76da132eb2bf,Three,Number 3,θri,number,I have three birds.,Ba,Số 3,,,true,2026-03-26 14:30:40.658877,2026-03-26 14:30:40.658877
65198d1e-1f5c-441e-a640-c8b36371a040,efe6a928-8995-47cc-8e83-458a37872a80,Mother,Female parent,ˈmʌð.ɚ,noun,My mother is kind.,Mẹ,Cha mẹ nữ,,,true,2026-03-26 14:30:40.658877,2026-03-26 14:30:40.658877
652d2eee-4ec1-4e20-b9cb-4888a67d5079,474d17e5-c32b-4585-9bfd-feefa44aa3a8,Dialectic,Argument method,daɪˈælɛk.tɪk,noun,Hegel dialectic used.,Biện luận,Phương pháp,,,true,2026-03-26 14:30:40.658877,2026-03-26 14:30:40.658877
6541dd5c-95f2-410f-96af-8a02231a2f10,474d17e5-c32b-4585-9bfd-feefa44aa3a8,Vice,Moral fault,vaɪs,noun,Vice unhappiness.,Tội lỗi,Lỗi đạo,,,true,2026-03-26 14:30:40.658877,2026-03-26 14:30:40.658877
65556e7b-cab6-4d5e-a448-0aec2f4bcf6b,411c419a-c126-40a3-bbe9-068a951b9026,Three,Number 3,θri,number,I have three birds.,Ba,Số 3,,,true,2026-03-26 14:30:40.658877,2026-03-26 14:30:40.658877
655deea9-bdf2-4005-892a-b9dd427189eb,afa3e499-8717-431c-93a3-3d851d68fc7e,Brother,Male sibling,ˈbrʌð.ɚ,noun,My brother plays sports.,Anh em trai,Anh chị em,,,true,2026-03-26 14:30:40.658877,2026-03-26 14:30:40.658877
656ce07a-cee0-44d2-87e9-2db547398f1b,79c47bf8-ccad-4d92-807d-c7cdafd034c0,Amazed,Feeling wonder,əˈmeɪzd,adjective,I amazed view.,Kinh ngạc,Cảm giác bất,,,true,2026-03-26 14:30:40.658877,2026-03-26 14:30:40.658877
65773417-c478-4c1c-aefc-7afa26514619,444c779c-e14e-4d61-8461-f6ecf6ddf27b,Excited,Feeling enthusiasm,ɪkˈsaɪ.tɪd,adjective,I excited trip.,Phấn khích,Cảm giác hạnh,,,true,2026-03-26 14:30:40.658877,2026-03-26 14:30:40.658877
65ade3a1-7916-4797-953a-795d23e10bf8,3190f865-ff2e-4de4-8878-b0a874c044ac,ashamed,feeling of embarrassment,/ashamed/,danh từ,ashamed example,ashamed,Một khái niệm liên quan đến emotions,,,true,2026-03-18 23:27:06.141,2026-03-18 23:27:06.141
65b742e1-a2c0-44bf-b7f0-aefc6e351559,f25b9620-2fc5-4079-8647-8f5dbf5ca619,microphone,device for recording sound,/microphone/,danh từ,microphone example,microphone,Một khái niệm liên quan đến technology,,,true,2026-03-18 23:27:06.141,2026-03-18 23:27:06.141
65bbd5e3-0aa2-4024-b6eb-c0866606b2e0,2cf6f90d-7ccb-417b-929e-361097a98afa,Cubism,Geometric art style,ˈkju.bɪz.əm,noun,Picasso pioneered cubism.,Lập thể,Phong cách hình học,,,true,2026-03-26 14:30:40.658877,2026-03-26 14:30:40.658877
65dbf9c1-5dd9-4915-a4ce-dd8d368f143d,70c77765-6416-4d36-950a-7c93580b2fa0,Happy,Feeling joy,ˈhæp.i,adjective,I am happy today.,Vui,Cảm giác vui,,,true,2026-03-26 14:30:40.658877,2026-03-26 14:30:40.658877
65f352cb-1592-4368-b5bc-875071a570ec,370abe73-2ce6-40b0-b3ef-82d8f9857e1f,Vice,Moral fault,vaɪs,noun,Vice unhappiness.,Tội lỗi,Lỗi đạo,,,true,2026-03-26 14:30:40.658877,2026-03-26 14:30:40.658877
65fd651c-5b66-410c-b198-0736d955ef1b,370abe73-2ce6-40b0-b3ef-82d8f9857e1f,Existentialism,Existence philosophy,ˌɛɡ.zɪˈstɛn.ʃə.lɪz.əm,noun,Existentialism freedom.,Hiện sinh chủ,Triết học,,,true,2026-03-26 14:30:40.658877,2026-03-26 14:30:40.658877
664ce858-afa1-4f53-b610-99a6e3a03803,0ceda941-9b55-403f-abf7-fb080315789d,february,the second month of the year; shortest month,ˈfebrueri,danh từ,February has 28 days,tháng hai,Tháng thứ hai của năm; tháng ngắn nhất,,,true,2026-03-18 23:22:53.645,2026-03-18 23:22:53.645
664ebc09-b737-47d1-83af-fe9cc88f3689,b16db79c-1b16-46bf-9bd8-3596a44d8609,Baby,Young child,ˈbeɪ.bi,noun,Baby is sleeping.,Em bé,Trẻ sơ sinh,,,true,2026-03-26 14:30:40.658877,2026-03-26 14:30:40.658877
66c37c35-e1b4-48de-b9cf-1cd668a6e845,ff02df4a-ece1-4847-923b-0f9273cb89be,Amazed,Feeling wonder,əˈmeɪzd,adjective,I amazed view.,Kinh ngạc,Cảm giác bất,,,true,2026-03-26 14:30:40.658877,2026-03-26 14:30:40.658877
66ccc838-a05f-4591-8d2b-857351579872,6099eea9-f4d6-4738-9662-d01b6f6f2a12,pen,writing instrument with ink,/pen/,danh từ,pen example,pen,Một khái niệm liên quan đến school,,,true,2026-03-18 23:27:06.141,2026-03-18 23:27:06.141
6726d13b-500a-49ce-8b44-c734b8cf291b,5dd944a2-6707-4592-a3c4-99c480de8197,Proud,Feeling pride,praʊd,adjective,I proud you.,Tự hào,Cảm giác hạnh,,,true,2026-03-26 14:30:40.658877,2026-03-26 14:30:40.658877
673ae688-fa0d-45a1-a1c5-c0896aacaa42,1a91724d-2d99-4c3f-a140-ea1e6c617aeb,Seven,Number 7,ˈsɛv.ən,number,I have seven  coins.,Bảy,Số 7,,,true,2026-03-26 14:30:40.658877,2026-03-26 14:30:40.658877
67b2b91f-89cc-49ae-b350-43741029cd3f,8f558c2d-9555-4f2e-a822-5c74891ffe67,Welcome,Greet visitor,ˈwɛl.kəm,interjection,Welcome home!,Chào mừng,Lời chào mừng,,,true,2026-03-26 14:30:40.658877,2026-03-26 14:30:40.658877
6803731d-8b84-4e75-9fee-723eb2f38db7,ff02df4a-ece1-4847-923b-0f9273cb89be,Confident,Feeling self belief,ˈkɑn.fɪ.dənt,adjective,Confident skills.,Tự tin,Cảm giác tin,,,true,2026-03-26 14:30:40.658877,2026-03-26 14:30:40.658877
680e3108-e76e-48f8-a0a8-64e941aaaf9b,88643a0a-de0e-4726-8c56-ca9e62f3614a,Ten,Number 10,tɛn,number,I have ten dollars.,Mười,Số 10,,,true,2026-03-26 14:30:40.658877,2026-03-26 14:30:40.658877
687459b4-f412-44b4-95e0-0ae9f6f3ee4e,48adeeb4-ea05-4c89-95d1-7c278e83dedb,Logic,Reasoning system,ˈlɑdʒ.ɪk,noun,Logic basis philosophy.,Lôgic,Hệ thống,,,true,2026-03-26 14:30:40.658877,2026-03-26 14:30:40.658877
689f7a6e-5400-4a9b-878c-d10b7a1bf404,c4f69ac2-b089-44ca-a48e-67f1636f0314,grandmother,mother of parent; elderly female ancestor,ˈɡrænmʌðər,danh từ,Grandma loves me,bà ngoại/bà nội,Mẹ của bố hoặc mẹ; tổ tiên nữ lớn tuổi,,,true,2026-03-18 23:22:53.645,2026-03-18 23:22:53.645
68aba84f-09b5-4fe5-bccd-65c7eae2d745,62e76fe1-bd25-4280-b7de-7e2e3dd35126,Nihilism,Nothing meaning belief,ˈnaɪ.ə.lɪz.əm,noun,Nihilism values denies.,Vô chủ nghĩa,Niềm tin,,,true,2026-03-26 14:30:40.658877,2026-03-26 14:30:40.658877
68b81af0-ada5-4ee8-9a70-ef6e6583596e,cf8c05bc-3687-4329-be42-38da0c0125ca,Vice,Moral fault,vaɪs,noun,Vice unhappiness.,Tội lỗi,Lỗi đạo,,,true,2026-03-26 14:30:40.658877,2026-03-26 14:30:40.658877
68c7d6d3-9824-44aa-85d4-0d6b2e5faa76,88643a0a-de0e-4726-8c56-ca9e62f3614a,Two,Number 2,tu,number,I have two dogs.,Hai,Số 2,,,true,2026-03-26 14:30:40.658877,2026-03-26 14:30:40.658877
68d20c94-d83a-4a9f-ab81-f5e597185c6c,81c08f3f-0705-472c-8a7e-682c4197dc80,Good afternoon,Afternoon greeting,ˌɡʊd ˌæf.tɚˈnun,phrase,Good afternoon!,Chào chiều,Lời chào chiều,,,true,2026-03-26 14:30:40.658877,2026-03-26 14:30:40.658877
68da7e5f-3f5c-47f9-8f72-2f6e90cc8f3e,88443e68-aebe-44f0-800c-c17266b21ff9,Amazed,Feeling wonder,əˈmeɪzd,adjective,I amazed view.,Kinh ngạc,Cảm giác bất,,,true,2026-03-26 14:30:40.658877,2026-03-26 14:30:40.658877
68db50df-c7e3-4e91-9212-bf6cc5c5a856,3762124f-a01f-42b4-a821-e14298c128dc,Twelve,Number 12,twɛlv,number,Twelve months here.,Mười hai,Số 12,,,true,2026-03-26 14:30:40.658877,2026-03-26 14:30:40.658877
691bcf02-a80a-4917-9540-e3746b8cd849,f5e165ea-d9f9-45d5-90d3-2acf41ea2d21,three,the number 3; three things together,θriː,danh từ,Three people together,số ba,Số 3; ba vật cùng nhau,,,true,2026-03-18 23:22:53.645,2026-03-18 23:22:53.645
6927be4d-55b9-4f24-920b-8dc24cbde959,88643a0a-de0e-4726-8c56-ca9e62f3614a,Twenty,Number 20,ˈtwɛn.ti,number,I have twenty dollars.,Hai mươi,Số 20,,,true,2026-03-26 14:30:40.658877,2026-03-26 14:30:40.658877
6965a013-b3d8-48d6-a1b3-ea91d958be6c,b4326ceb-0fb7-49f5-aac6-a54bdd1d9163,Stoicism,Virtue philosophy,ˈstoʊ.ɪ.sɪz.əm,noun,Stoicism teaches acceptance.,Khắc kỷ,Triết học,,,true,2026-03-26 14:30:40.658877,2026-03-26 14:30:40.658877
6974e8a9-19e1-43fa-806b-0719974e5a84,113a8d3e-ddda-4419-9a38-fde75df58c3e,Tired,Feeling exhaustion,ˈtaɪɚd,adjective,I tired after work.,Mệt,Cảm giác mỏi,,,true,2026-03-26 14:30:40.658877,2026-03-26 14:30:40.658877
6979c50a-cbce-4ff3-bd4f-02e9c117d929,2cf6f90d-7ccb-417b-929e-361097a98afa,Abstract,Art not recognizable,æbˈstrækt,adjective,Abstract art is complex.,Trừu tượng,Nghệ thuật trừu,,,true,2026-03-26 14:30:40.658877,2026-03-26 14:30:40.658877
69836a05-140b-410b-9b8e-035fbdd76e11,f25b9620-2fc5-4079-8647-8f5dbf5ca619,router,device for internet connection,/router/,danh từ,router example,router,Một khái niệm liên quan đến technology,,,true,2026-03-18 23:27:06.141,2026-03-18 23:27:06.141
69a81142-8d1d-42c0-a212-0398b8d2b532,29889dcf-a772-4499-bf3b-826af93ea3b0,Jealous,Feeling envy,ˈdʒɛl.əs,adjective,Jealous sister.,Ghen tị,Cảm giác ghen,,,true,2026-03-26 14:30:40.658877,2026-03-26 14:30:40.658877
6a081362-7b2e-4383-b9c7-c07c91303849,c1c8f750-8c0e-4b88-89d9-149307fdb3e2,cooking,preparing food with heat,/cooking/,danh từ,cooking example,cooking,Một khái niệm liên quan đến hobbies,,,true,2026-03-18 23:27:06.141,2026-03-18 23:27:06.141
6a145687-dd8e-4116-97de-2f579e54602b,dd29c719-2106-4c8b-b503-aa3173b0b0df,Brother,Male sibling,ˈbrʌð.ɚ,noun,My brother plays sports.,Anh em trai,Anh chị em,,,true,2026-03-26 14:30:40.658877,2026-03-26 14:30:40.658877
6a201131-7c75-4c0a-a2da-c29259099438,70c77765-6416-4d36-950a-7c93580b2fa0,Angry,Feeling rage,ˈæŋ.ɡri,adjective,She is angry us.,Tức giận,Cảm giác giận,,,true,2026-03-26 14:30:40.658877,2026-03-26 14:30:40.658877
6a346c0d-61cd-40ec-8a43-657b418a4ac1,71802fc1-9c2b-49d9-93ca-0140d294e318,cough,involuntary breathing sound,/cough/,danh từ,cough example,cough,Một khái niệm liên quan đến health,,,true,2026-03-18 23:27:06.141,2026-03-18 23:27:06.141
6a411af2-d960-4d9a-acfd-39c2a6eca22a,f3aaed13-86c6-49be-8f73-c117a646f1ff,Confused,Feeling bewilderment,kənˈfjuzd,adjective,Confused instructions.,Bối rối,Cảm giác bối,,,true,2026-03-26 14:30:40.658877,2026-03-26 14:30:40.658877
6a5ea056-2e35-4b51-baba-497523f61a92,9746df2b-8bde-432c-ab17-aac73f51c1f6,basketball,ball game on court,/basketball/,danh từ,basketball example,basketball,Một khái niệm liên quan đến sports,,,true,2026-03-18 23:27:06.141,2026-03-18 23:27:06.141
6a678150-e98d-4b0a-8202-b267bd47b11f,5c7eeb64-bb5a-42f9-8b15-33d0428dd34d,Four,Number 4,fɔr,number,I have four books.,Bốn,Số 4,,,true,2026-03-26 14:30:40.658877,2026-03-26 14:30:40.658877
6a69f9d2-cb35-428f-afef-316f285b4dfb,65b2fc5a-c86b-4f36-8107-f8ee0ebe5d78,Thank you,Express gratitude,ˈθæŋk juː,phrase,Thank you for help.,Cảm ơn,Tỏ lòng biết ơn,,,true,2026-03-26 14:30:40.658877,2026-03-26 14:30:40.658877
6a7d6750-9ba1-49a3-aed2-4999f090465c,4e41fc79-f556-476c-b28f-f579df42a2ba,Nice meet,Greeting stranger,ˌnaɪs tə ˈmit,phrase,Nice meet you.,Vui gặp,Chào người mới,,,true,2026-03-26 14:30:40.658877,2026-03-26 14:30:40.658877
6aa15c40-b8ff-4859-9768-f94f9ad6ad22,5c7eeb64-bb5a-42f9-8b15-33d0428dd34d,Two,Number 2,tu,number,I have two dogs.,Hai,Số 2,,,true,2026-03-26 14:30:40.658877,2026-03-26 14:30:40.658877
6ac5ba53-6edc-4f65-9d47-6f662949688d,fed0d635-a1bb-4732-bb7a-b8caf4c21b12,city,large urban settlement,/city/,danh từ,city example,city,Một khái niệm liên quan đến travel,,,true,2026-03-18 23:27:06.141,2026-03-18 23:27:06.141
6ad2812b-5f2f-44d1-94f8-5582d8cf6614,59baddf7-e856-4276-9fab-c2cbd73c8911,Relaxed,Feeling calmness,rɪˈlækst,adjective,Relaxed home.,Thư thái,Cảm giác calm,,,true,2026-03-26 14:30:40.658877,2026-03-26 14:30:40.658877
6adb93dc-0eec-4cd8-8908-ea1a56480549,e62729fd-2c68-41d8-8dea-aec377434133,Nihilism,Nothing meaning belief,ˈnaɪ.ə.lɪz.əm,noun,Nihilism values denies.,Vô chủ nghĩa,Niềm tin,,,true,2026-03-26 14:30:40.658877,2026-03-26 14:30:40.658877
6b184caf-bdf3-4c23-a901-25f0eed95459,d33c8d93-322e-4680-b491-2ce58f9bc75f,Aesthetics,Beauty study,ɛsˈθɛt.ɪks,noun,Aesthetics beauty.,Thẩm mỹ,Nghiên cứu,,,true,2026-03-26 14:30:40.658877,2026-03-26 14:30:40.658877
6b355d5f-3da8-468e-8a67-5b59773bf1ba,444c779c-e14e-4d61-8461-f6ecf6ddf27b,Proud,Feeling pride,praʊd,adjective,I proud you.,Tự hào,Cảm giác hạnh,,,true,2026-03-26 14:30:40.658877,2026-03-26 14:30:40.658877
6b3f4b1c-1078-401a-9149-db4e77f94229,33b3b961-a831-48ce-bcba-4ec9b1406006,Good afternoon,Afternoon greeting,ˌɡʊd ˌæf.tɚˈnun,phrase,Good afternoon!,Chào chiều,Lời chào chiều,,,true,2026-03-26 14:30:40.658877,2026-03-26 14:30:40.658877
6b433d0c-d04e-48b6-88f9-9fbe740926cf,0a01cbc9-8eaf-40d0-85f9-f4ad9a7fd19c,Essay,A short written composition,ˈɛ.seɪ,noun,Write a persuasive essay.,Bài luận,Bài viết ngắn,,,true,2026-03-26 14:30:40.658877,2026-03-26 14:30:40.658877
6b45ea1b-d7eb-4b16-a8ee-18bf80dd6884,33b3b961-a831-48ce-bcba-4ec9b1406006,Excuse me,Get attention,ɪkˈskjuz mi,phrase,"Excuse me, bathroom?",Xin lỗi,Kêu gọi sự chú ý,,,true,2026-03-26 14:30:40.658877,2026-03-26 14:30:40.658877
6b552825-23e3-49fb-a9ec-9eaea07e5e75,73ca6f19-8411-46ab-ae0d-39b4da6198c8,Ontology,Existence study,ɑnˈtɑl.ə.dʒi,noun,Ontology explores reality.,Bản thể luận,Sự tồn tại,,,true,2026-03-26 14:30:40.658877,2026-03-26 14:30:40.658877
6b6623d2-5cd6-4e0c-911b-02ca5840308b,cf8c05bc-3687-4329-be42-38da0c0125ca,Nihilism,Nothing meaning belief,ˈnaɪ.ə.lɪz.əm,noun,Nihilism values denies.,Vô chủ nghĩa,Niềm tin,,,true,2026-03-26 14:30:40.658877,2026-03-26 14:30:40.658877
6bc91659-635a-4b06-bbea-922e03a74133,c4423548-9463-45ef-bc70-285c0c8c3ea1,Existentialism,Existence philosophy,ˌɛɡ.zɪˈstɛn.ʃə.lɪz.əm,noun,Existentialism freedom.,Hiện sinh chủ,Triết học,,,true,2026-03-26 14:30:40.658877,2026-03-26 14:30:40.658877
6bdf6fc8-37b5-429b-a10b-b849ef9509cb,aa794f3a-f98a-43df-8271-67b923f0f383,Jealous,Feeling envy,ˈdʒɛl.əs,adjective,Jealous sister.,Ghen tị,Cảm giác ghen,,,true,2026-03-26 14:30:40.658877,2026-03-26 14:30:40.658877
6bfd19e9-5bae-41f0-804b-37324e48c3c4,a58554ec-5e72-4981-b30c-ce5f10aee993,Stoicism,Virtue philosophy,ˈstoʊ.ɪ.sɪz.əm,noun,Stoicism teaches acceptance.,Khắc kỷ,Triết học,,,true,2026-03-26 14:30:40.658877,2026-03-26 14:30:40.658877
6c6aa697-4ce2-40e6-a408-e099440ab90e,eb6906e7-a8e8-4b94-9da9-59a659e92fda,cloudy,covered with clouds,ˈklaʊdi,danh từ,Cloudy sky today,nhiều mây,bị mây che phủ,,,true,2026-03-18 23:26:07.668,2026-03-18 23:26:07.668
6c7680d8-0776-4d19-94f5-e58a760457bc,484c0e0d-e1af-4005-87ba-675dd65a4bae,Uncle,Parent brother,ˈʌŋ.kəl,noun,Uncle visits every week.,Chú bác,Anh em bố mẹ,,,true,2026-03-26 14:30:40.658877,2026-03-26 14:30:40.658877
6c9b6a26-9052-407c-b412-bbd649ebf968,5dd944a2-6707-4592-a3c4-99c480de8197,Sad,Feeling sorrow,sæd,adjective,He feels sad loss.,Buồn,Cảm giác buồn,,,true,2026-03-26 14:30:40.658877,2026-03-26 14:30:40.658877
6cd15f6c-26f7-400c-9364-d1bd951183ec,f5e165ea-d9f9-45d5-90d3-2acf41ea2d21,zero,the number 0; nothing; no quantity,ˈzɪroʊ,danh từ,Zero is nothing,số không,Số 0; không có gì; không có số lượng,,,true,2026-03-18 23:22:53.645,2026-03-18 23:22:53.645
6ce358fd-165e-46ad-8c26-f98f47d32cae,b16db79c-1b16-46bf-9bd8-3596a44d8609,Son,Male child,sʌn,noun,He has son.,Con trai,Đứa con nam,,,true,2026-03-26 14:30:40.658877,2026-03-26 14:30:40.658877
6cfbd6bc-6961-4245-89cc-78270bb02fd3,f5963936-9e64-4d38-bd67-8490e7b3a302,Grandmother,Mother of parent,ˈɡræn.ˌmʌð.ɚ,noun,Grandmother tells stories.,Bà,"Ngoại, nội",,,true,2026-03-26 14:30:40.658877,2026-03-26 14:30:40.658877
6cfd1ab1-8801-4fbc-b7dc-cd860f039db4,1e70a4e8-5e55-4666-9f9b-2ba140d9031b,artist,person who creates art,/artist/,danh từ,artist example,artist,Một khái niệm liên quan đến jobs,,,true,2026-03-18 23:27:06.141,2026-03-18 23:27:06.141
6d07bb01-dd58-4d6e-b161-3045c1f4fa7a,2d825671-b231-4d6a-9c0c-5ec2fa5d7d70,Grandfather,Father of parent,ˈɡræn.ˌfɑ.ðɚ,noun,Grandfather is wise.,Ông,"Ngoại, nội",,,true,2026-03-26 14:30:40.658877,2026-03-26 14:30:40.658877
6d123b38-fe9e-48a4-8415-7c709307edc4,f25b9620-2fc5-4079-8647-8f5dbf5ca619,phone,device for communication,/phone/,danh từ,phone example,điện thoại,Một khái niệm liên quan đến technology,,,true,2026-03-18 23:27:06.141,2026-03-18 23:27:06.141
6d5c697d-ee4b-4057-b728-e531c1fbc668,e0dc609f-c176-4fdb-93bf-e39d087671f5,Ontology,Existence study,ɑnˈtɑl.ə.dʒi,noun,Ontology explores reality.,Bản thể luận,Sự tồn tại,,,true,2026-03-26 14:30:40.658877,2026-03-26 14:30:40.658877
6d6ce357-2274-41ce-bf00-84dbfb9ac6f6,ac13c7e8-492c-46d1-b46e-755272c6d9d6,Vice,Moral fault,vaɪs,noun,Vice unhappiness.,Tội lỗi,Lỗi đạo,,,true,2026-03-26 14:30:40.658877,2026-03-26 14:30:40.658877
6d78ff80-3e51-4440-aae0-faab8f6daf5f,a844c983-7824-498a-811d-ed90b6d6f9e1,money,currency for payment,/money/,danh từ,money example,tiền,Một khái niệm liên quan đến shopping,,,true,2026-03-18 23:27:06.141,2026-03-18 23:27:06.141
6e0d1b39-7341-487d-95ef-5234d7979b22,81aeef50-eae8-4ff2-941c-b321e482e121,Ethics,Moral principles,ˈɛθ.ɪks,noun,Ethics guide decisions.,Đạo đức,Nguyên tắc,,,true,2026-03-26 14:30:40.658877,2026-03-26 14:30:40.658877
6e1f760d-0358-432d-86ec-07b31e3958d9,b4326ceb-0fb7-49f5-aac6-a54bdd1d9163,Logic,Reasoning system,ˈlɑdʒ.ɪk,noun,Logic basis philosophy.,Lôgic,Hệ thống,,,true,2026-03-26 14:30:40.658877,2026-03-26 14:30:40.658877
6e2b2c8b-1180-4491-97c4-595a8f7b5c93,e62729fd-2c68-41d8-8dea-aec377434133,Consciousness,Awareness self,ˈkɑn.ʃəs.nəs,noun,Consciousness mysterious.,Ý thức,Nhận thức,,,true,2026-03-26 14:30:40.658877,2026-03-26 14:30:40.658877
6e66a32f-22d1-43a9-93e8-3368a7206ba0,2d825671-b231-4d6a-9c0c-5ec2fa5d7d70,Cousin,Relative child,ˈkʌz.ən,noun,My cousin lives nearby.,Em họ,Con chú dì,,,true,2026-03-26 14:30:40.658877,2026-03-26 14:30:40.658877
6ec257d2-dff0-47b3-849b-39bfedec297c,c19483d2-a4f7-462e-a5b8-6fb57f61ef95,Wife,Married woman,waɪf,noun,His wife is teacher.,Vợ,Người phụ nữ kết,,,true,2026-03-26 14:30:40.658877,2026-03-26 14:30:40.658877
6ee10797-6d7e-4661-8c67-51a740f99c8f,37f72f2b-f802-4bb4-91cd-72dbad87ecde,Ten,Number 10,tɛn,number,I have ten dollars.,Mười,Số 10,,,true,2026-03-26 14:30:40.658877,2026-03-26 14:30:40.658877
6ee834b6-1976-43b0-97db-f780b183c839,afa3e499-8717-431c-93a3-3d851d68fc7e,Daughter,Female child,ˈdɔ.tɚ,noun,She has daughters.,Con gái,Đứa con nữ,,,true,2026-03-26 14:30:40.658877,2026-03-26 14:30:40.658877
6f0abec2-e97f-48bc-b42c-e2a06af2862d,81c08f3f-0705-472c-8a7e-682c4197dc80,And you,Return greeting,ən juː,phrase,And you yourself?,Còn bạn,Trả lời chào,,,true,2026-03-26 14:30:40.658877,2026-03-26 14:30:40.658877
6f133a6b-6e8c-435f-8321-5efc669fd854,ac13c7e8-492c-46d1-b46e-755272c6d9d6,Existentialism,Existence philosophy,ˌɛɡ.zɪˈstɛn.ʃə.lɪz.əm,noun,Existentialism freedom.,Hiện sinh chủ,Triết học,,,true,2026-03-26 14:30:40.658877,2026-03-26 14:30:40.658877
6f4ea7a8-380e-4e5e-b52b-0f9e6b9021ef,6099eea9-f4d6-4738-9662-d01b6f6f2a12,notebook,pages for writing notes,/notebook/,danh từ,notebook example,notebook,Một khái niệm liên quan đến school,,,true,2026-03-18 23:27:06.141,2026-03-18 23:27:06.141
6f5332d1-8f51-40e9-b7b1-99d693a0e7db,41b7f321-295c-488c-af33-14211bb75fa7,Grandmother,Mother of parent,ˈɡræn.ˌmʌð.ɚ,noun,Grandmother tells stories.,Bà,"Ngoại, nội",,,true,2026-03-26 14:30:40.658877,2026-03-26 14:30:40.658877
6f6239ba-7d28-4b0b-8262-8a82cdc1b127,e62729fd-2c68-41d8-8dea-aec377434133,Vice,Moral fault,vaɪs,noun,Vice unhappiness.,Tội lỗi,Lỗi đạo,,,true,2026-03-26 14:30:40.658877,2026-03-26 14:30:40.658877
6f74e4a7-6012-4853-9b38-a987dbf05540,bdace7d5-30a7-49fe-a09e-ea0657efb79d,fish,aquatic animal eaten as food,fɪʃ,danh từ,Fried fish is good,cá,động vật nước ăn làm thực phẩm,,,true,2026-03-18 23:26:07.668,2026-03-18 23:26:07.668
6fc3580c-17c5-44d6-b99b-986550647305,859a1e12-e633-40e5-b4e2-b7e9dfd2a7d7,turquoise,a greenish-blue color; the color of turquoise stone,ˈtɜːrkɔɪz,danh từ,Sea is turquoise,màu xanh lơ,Một màu xanh lục; màu của đá ngọc turquoise,,,true,2026-03-18 23:22:53.645,2026-03-18 23:22:53.645
6fceaa84-97b2-4646-a5b3-46c79ee0f887,b48f8788-ab02-4e87-a86b-e4cda07b2a8d,Daughter,Female child,ˈdɔ.tɚ,noun,She has daughters.,Con gái,Đứa con nữ,,,true,2026-03-26 14:30:40.658877,2026-03-26 14:30:40.658877
6ff218a2-c071-4aad-a0f5-52d073af5448,d5b49957-9ff7-450f-ae5b-da190b021f76,Nice meet,Greeting stranger,ˌnaɪs tə ˈmit,phrase,Nice meet you.,Vui gặp,Chào người mới,,,true,2026-03-26 14:30:40.658877,2026-03-26 14:30:40.658877
7038443e-3e53-4d45-92e0-d47aab3eeeb3,9746df2b-8bde-432c-ab17-aac73f51c1f6,boxing,combat sport with gloves,/boxing/,danh từ,boxing example,boxing,Một khái niệm liên quan đến sports,,,true,2026-03-18 23:27:06.141,2026-03-18 23:27:06.141
703cd345-70ae-4b32-9366-a546556b05bf,c4423548-9463-45ef-bc70-285c0c8c3ea1,Ontology,Existence study,ɑnˈtɑl.ə.dʒi,noun,Ontology explores reality.,Bản thể luận,Sự tồn tại,,,true,2026-03-26 14:30:40.658877,2026-03-26 14:30:40.658877
703f6162-bac7-4c4d-a025-a6c3f7cec387,be4596fe-4524-4164-9f6e-3ca16a48abc4,Sorry,Apologize,ˈsɑr.i,adjective,"Sorry, I hurried.",Xin lỗi,Lời xin lỗi,,,true,2026-03-26 14:30:40.658877,2026-03-26 14:30:40.658877
706e6e46-de0f-41af-9aa2-60a7c6a6d7a4,b07f3d0e-a184-4cd0-937d-4f3cbd063d36,Please,Polite request,pliz,adverb,Please pass salt.,Vui lòng,Yêu cầu lịch sự,,,true,2026-03-26 14:30:40.658877,2026-03-26 14:30:40.658877
70b59490-4e5f-49f8-8bec-47da466c378e,81c08f3f-0705-472c-8a7e-682c4197dc80,See you later,Casual goodbye,ˌsi juː ˈleɪ.tɚ,phrase,See you later!,Gặp lại,Tạm biệt,,,true,2026-03-26 14:30:40.658877,2026-03-26 14:30:40.658877
70bb039a-cda5-4ba1-bd86-1113a29dc2f9,c326f285-fc07-4764-a284-b7222d917173,Grandmother,Mother of parent,ˈɡræn.ˌmʌð.ɚ,noun,Grandmother tells stories.,Bà,"Ngoại, nội",,,true,2026-03-26 14:30:40.658877,2026-03-26 14:30:40.658877
70c66602-3cc6-4147-b839-96d724784bf5,d4986ac8-fc5b-4d7c-9960-c7a32512ee69,Have nice day,Wishful farewell,ˌhæv ə ˌnaɪs ˈdeɪ,phrase,Have nice day!,Chúc ngày tốt,Lời chúc,,,true,2026-03-26 14:30:40.658877,2026-03-26 14:30:40.658877
712a1636-7599-4eac-b339-007888fdfb8f,81af8b32-9da0-4143-8743-6fdc051fac85,Good afternoon,Afternoon greeting,ˌɡʊd ˌæf.tɚˈnun,phrase,Good afternoon!,Chào chiều,Lời chào chiều,,,true,2026-03-26 14:30:40.658877,2026-03-26 14:30:40.658877
71b59269-7b66-42e7-b342-870b0a5e0ac4,d0d60af4-a86f-4442-a1a0-892d2a5cdbd3,Epistemology,Knowledge study,ˌɛp.ɪ.stəˈmɑl.ə.dʒi,noun,Epistemology knowledge.,Nhận thức luận,Nghiên cứu,,,true,2026-03-26 14:30:40.658877,2026-03-26 14:30:40.658877
71f7f359-7e49-46dc-b804-8c074a37f5f3,67df2b1f-aa96-48db-b64d-0d889f000e9a,Angry,Feeling rage,ˈæŋ.ɡri,adjective,She is angry us.,Tức giận,Cảm giác giận,,,true,2026-03-26 14:30:40.658877,2026-03-26 14:30:40.658877
7210406b-664e-49a1-a8b9-0f1306aa3e34,4a545b1d-d759-4331-b1c8-6619db4b1e87,Worried,Feeling anxiety,ˈwɝ.id,adjective,Worried exam.,Lo lắng,Cảm giác lo,,,true,2026-03-26 14:30:40.658877,2026-03-26 14:30:40.658877
721ca07d-4225-468c-b377-da4b45f0f74a,84b45efa-148b-4307-94b0-ebaae6c7b32a,Logic,Reasoning system,ˈlɑdʒ.ɪk,noun,Logic basis philosophy.,Lôgic,Hệ thống,,,true,2026-03-26 14:30:40.658877,2026-03-26 14:30:40.658877
721cd675-306f-4ca2-b3f1-5678e7890ace,2f78ac95-e536-4cc1-bd0e-e350497283ee,Family,Relatives group,ˈfæm.ə.li,noun,My family is happy.,Gia đình,Nhóm thân,,,true,2026-03-26 14:30:40.658877,2026-03-26 14:30:40.658877
7240f502-98f5-40df-b3aa-ee9fcee7a2d3,68cc7887-5460-44f9-a583-9dbf0e95b24d,Vice,Moral fault,vaɪs,noun,Vice unhappiness.,Tội lỗi,Lỗi đạo,,,true,2026-03-26 14:30:40.658877,2026-03-26 14:30:40.658877
72e5a910-721b-4e80-9fd2-0bc50ba27cd6,113a8d3e-ddda-4419-9a38-fde75df58c3e,Angry,Feeling rage,ˈæŋ.ɡri,adjective,She is angry us.,Tức giận,Cảm giác giận,,,true,2026-03-26 14:30:40.658877,2026-03-26 14:30:40.658877
731b91cd-612c-44a1-b84b-4934acd51c66,d57a850d-30c0-4988-a53f-fc9638884178,Ontology,Existence study,ɑnˈtɑl.ə.dʒi,noun,Ontology explores reality.,Bản thể luận,Sự tồn tại,,,true,2026-03-26 14:30:40.658877,2026-03-26 14:30:40.658877
73251692-a3e3-4746-915a-691a7eaec6f7,f46a14f4-283c-4d9b-b52b-76e8648d68c4,Virtue,Moral quality,ˈvɝ.tʃu,noun,Virtue happiness path.,Đức hạnh,Phẩm chất,,,true,2026-03-26 14:30:40.658877,2026-03-26 14:30:40.658877
734b8b0e-ce5c-4507-b8a0-e3bdf8ab7fb9,d0d60af4-a86f-4442-a1a0-892d2a5cdbd3,Existentialism,Existence philosophy,ˌɛɡ.zɪˈstɛn.ʃə.lɪz.əm,noun,Existentialism freedom.,Hiện sinh chủ,Triết học,,,true,2026-03-26 14:30:40.658877,2026-03-26 14:30:40.658877
7365a1e6-629f-4f12-9d5b-38e54a043e40,563bcdd8-3e04-4744-947b-08885bc9308b,Husband,Married man,ˈhʌz.bənd,noun,Her husband is doctor.,Chồng,Người đàn ông kết,,,true,2026-03-26 14:30:40.658877,2026-03-26 14:30:40.658877
736c652f-81df-41e5-b54d-87bca8e3ea0d,12c09afc-e4cd-4cc3-b911-1e5d9e07c387,Jealous,Feeling envy,ˈdʒɛl.əs,adjective,Jealous sister.,Ghen tị,Cảm giác ghen,,,true,2026-03-26 14:30:40.658877,2026-03-26 14:30:40.658877
739c7db4-cd2f-46e0-9539-d28666d6cf5d,9746df2b-8bde-432c-ab17-aac73f51c1f6,coach,person who trains athletes,/coach/,danh từ,coach example,coach,Một khái niệm liên quan đến sports,,,true,2026-03-18 23:27:06.141,2026-03-18 23:27:06.141
73a3e979-bcf7-47ca-a53c-55950b1c410d,a844c983-7824-498a-811d-ed90b6d6f9e1,cash,physical currency,/cash/,danh từ,cash example,cash,Một khái niệm liên quan đến shopping,,,true,2026-03-18 23:27:06.141,2026-03-18 23:27:06.141
73db815b-a3ed-406f-a71b-bdf527dedcef,0ceda941-9b55-403f-abf7-fb080315789d,saturday,the seventh day of the week; weekend day,ˈsætərdeɪ,danh từ,I play on Saturday,thứ bảy,Ngày thứ bảy của tuần; ngày của tuần,,,true,2026-03-18 23:22:53.645,2026-03-18 23:22:53.645
73ea6689-7a4f-40ac-a436-0155e758f4eb,be4596fe-4524-4164-9f6e-3ca16a48abc4,Goodbye,Farewell,ˌɡʊdˈbaɪ,interjection,"Goodbye, see you.",Tạm biệt,Lời tạm biệt,,,true,2026-03-26 14:30:40.658877,2026-03-26 14:30:40.658877
73f281e7-4e6f-463d-9dd9-f110d7cd7f11,71802fc1-9c2b-49d9-93ca-0140d294e318,medicine,substance to treat illness,/medicine/,danh từ,medicine example,medicine,Một khái niệm liên quan đến health,,,true,2026-03-18 23:27:06.141,2026-03-18 23:27:06.141
742c82a1-179e-4683-ac59-a02e6d5d8d4d,4a545b1d-d759-4331-b1c8-6619db4b1e87,Proud,Feeling pride,praʊd,adjective,I proud you.,Tự hào,Cảm giác hạnh,,,true,2026-03-26 14:30:40.658877,2026-03-26 14:30:40.658877
745df2d4-de5b-4998-b1ab-a34f6aadb1cb,a27485a8-7d88-47ed-8ce5-93266a425c11,Aesthetics,Beauty study,ɛsˈθɛt.ɪks,noun,Aesthetics beauty.,Thẩm mỹ,Nghiên cứu,,,true,2026-03-26 14:30:40.658877,2026-03-26 14:30:40.658877
7498528d-5cf4-43af-b420-18a622d6e5c7,efe6a928-8995-47cc-8e83-458a37872a80,Uncle,Parent brother,ˈʌŋ.kəl,noun,Uncle visits every week.,Chú bác,Anh em bố mẹ,,,true,2026-03-26 14:30:40.658877,2026-03-26 14:30:40.658877
74d9c902-f9b4-4843-b605-b1e2e338ff91,3bbde304-12b8-40b2-a620-510efc4a776f,Five,Number 5,faɪv,number,I have five fingers.,Năm,Số 5,,,true,2026-03-26 14:30:40.658877,2026-03-26 14:30:40.658877
74dc869e-12c4-4eaf-b15c-a1e6e50e7003,b317a1e7-1993-43b0-bb4d-84738612837c,Consciousness,Awareness self,ˈkɑn.ʃəs.nəs,noun,Consciousness mysterious.,Ý thức,Nhận thức,,,true,2026-03-26 14:30:40.658877,2026-03-26 14:30:40.658877
74faa963-8220-4762-8e25-33d023c6978d,37f72f2b-f802-4bb4-91cd-72dbad87ecde,Two,Number 2,tu,number,I have two dogs.,Hai,Số 2,,,true,2026-03-26 14:30:40.658877,2026-03-26 14:30:40.658877
75180a00-2c22-466c-94e0-f0e70019816d,501a150d-fbe9-48ce-be53-52a6f1aeb3ff,Excited,Feeling enthusiasm,ɪkˈsaɪ.tɪd,adjective,I excited trip.,Phấn khích,Cảm giác hạnh,,,true,2026-03-26 14:30:40.658877,2026-03-26 14:30:40.658877
7535386b-41c8-477e-ae09-dfa120fb7b34,808c58db-c3c6-41b1-91d8-61e689795ae6,evening,end of day after sunset,ˈiːvnɪŋ,danh từ,I watch movie at evening,buổi tối,Phần cuối ngày từ sau mặt trời lặn,,,true,2026-03-18 23:22:53.645,2026-03-18 23:22:53.645
754abd38-e0d5-4af5-97bd-922e0d838a75,d33c8d93-322e-4680-b491-2ce58f9bc75f,Logic,Reasoning system,ˈlɑdʒ.ɪk,noun,Logic basis philosophy.,Lôgic,Hệ thống,,,true,2026-03-26 14:30:40.658877,2026-03-26 14:30:40.658877
75618ce4-d4e6-412a-9e51-49c145714c04,81aeef50-eae8-4ff2-941c-b321e482e121,Metaphysics,Reality study,ˌmɛt.əˈfɪz.ɪks,noun,Metaphysics questions.,Siêu hình,Thực tại,,,true,2026-03-26 14:30:40.658877,2026-03-26 14:30:40.658877
7563f2b5-113a-4f57-a80b-37de106fdcb1,f5e165ea-d9f9-45d5-90d3-2acf41ea2d21,second,2nd position; after first,ˈsekənd,danh từ,She finished second,thứ hai,Vị trí sau thứ nhất; không phải thứ ba,,,true,2026-03-18 23:22:53.645,2026-03-18 23:22:53.645
757f0ca6-ce22-425a-95a3-25cae8605ffe,dd56df6c-e0c0-44a9-b706-28b5106b1978,Stoicism,Virtue philosophy,ˈstoʊ.ɪ.sɪz.əm,noun,Stoicism teaches acceptance.,Khắc kỷ,Triết học,,,true,2026-03-26 14:30:40.658877,2026-03-26 14:30:40.658877
75bc8c6f-8aea-4a00-b779-bd780b658006,59baddf7-e856-4276-9fab-c2cbd73c8911,Amazed,Feeling wonder,əˈmeɪzd,adjective,I amazed view.,Kinh ngạc,Cảm giác bất,,,true,2026-03-26 14:30:40.658877,2026-03-26 14:30:40.658877
75e76624-95ed-4665-9e63-c4c5b31b8e65,dd29c719-2106-4c8b-b503-aa3173b0b0df,Husband,Married man,ˈhʌz.bənd,noun,Her husband is doctor.,Chồng,Người đàn ông kết,,,true,2026-03-26 14:30:40.658877,2026-03-26 14:30:40.658877
75fbb030-3861-4366-b92b-dbef9cf855d5,ddea0c96-bacc-484f-9d4d-66d741cc51d8,Nice meet,Greeting stranger,ˌnaɪs tə ˈmit,phrase,Nice meet you.,Vui gặp,Chào người mới,,,true,2026-03-26 14:30:40.658877,2026-03-26 14:30:40.658877
76b2a061-48fd-4271-8d91-45c3d6eb5bdd,967cb953-d9f0-413d-9444-c2de97d17102,Tone,Overall mood in text,toʊn,noun,The poem is melancholic.,Giọng điệu,Tâm trạng chung,,,true,2026-03-26 14:30:40.658877,2026-03-26 14:30:40.658877
76d63561-ac1f-40a4-beef-70aa229ce9e0,23517e96-f9dd-4318-8b61-083c140556f8,Vice,Moral fault,vaɪs,noun,Vice unhappiness.,Tội lỗi,Lỗi đạo,,,true,2026-03-26 14:30:40.658877,2026-03-26 14:30:40.658877
76d774b7-2f76-40eb-be50-38b810372bd5,d33c8d93-322e-4680-b491-2ce58f9bc75f,Pragmatism,Results based,ˈpræɡ.mə.tɪz.əm,noun,Pragmatism results.,Thực dụng,Dựa trên,,,true,2026-03-26 14:30:40.658877,2026-03-26 14:30:40.658877
76e486cd-5ef9-48b6-a1b0-137e258bb484,b4326ceb-0fb7-49f5-aac6-a54bdd1d9163,Vice,Moral fault,vaɪs,noun,Vice unhappiness.,Tội lỗi,Lỗi đạo,,,true,2026-03-26 14:30:40.658877,2026-03-26 14:30:40.658877
76f839ad-7582-4a3f-9851-ce5cf020707f,79c47bf8-ccad-4d92-807d-c7cdafd034c0,Confused,Feeling bewilderment,kənˈfjuzd,adjective,Confused instructions.,Bối rối,Cảm giác bối,,,true,2026-03-26 14:30:40.658877,2026-03-26 14:30:40.658877
7706eedc-313c-4236-b436-fa5819361fd6,cc221d3d-60b1-4412-953e-65d4d427c9fc,Good afternoon,Afternoon greeting,ˌɡʊd ˌæf.tɚˈnun,phrase,Good afternoon!,Chào chiều,Lời chào chiều,,,true,2026-03-26 14:30:40.658877,2026-03-26 14:30:40.658877
77238180-842a-4eec-a846-ed477ed0e057,d33c8d93-322e-4680-b491-2ce58f9bc75f,Nihilism,Nothing meaning belief,ˈnaɪ.ə.lɪz.əm,noun,Nihilism values denies.,Vô chủ nghĩa,Niềm tin,,,true,2026-03-26 14:30:40.658877,2026-03-26 14:30:40.658877
774ab8c2-99f1-469f-8eee-0129a9fbe2ac,67c2c95b-aa85-4e49-a0b3-dfb7ee8a5b29,Relaxed,Feeling calmness,rɪˈlækst,adjective,Relaxed home.,Thư thái,Cảm giác calm,,,true,2026-03-26 14:30:40.658877,2026-03-26 14:30:40.658877
7756a7bb-6330-45b8-be92-df9c88272adf,0c65a440-ca84-4f96-a502-a5c9aebdef77,wine,alcoholic drink from grapes,waɪn,danh từ,Red wine is expensive,rượu vang,đồ uống có cồn từ nho,,,true,2026-03-18 23:26:07.668,2026-03-18 23:26:07.668
776edfcf-ce4a-4e57-9e38-521dfafa54d0,84b45efa-148b-4307-94b0-ebaae6c7b32a,Nihilism,Nothing meaning belief,ˈnaɪ.ə.lɪz.əm,noun,Nihilism values denies.,Vô chủ nghĩa,Niềm tin,,,true,2026-03-26 14:30:40.658877,2026-03-26 14:30:40.658877
778b4844-f477-4996-9079-321c57fc4fc1,f2867ff8-da21-42e1-ad58-ff38fa6324b8,Uncle,Parent brother,ˈʌŋ.kəl,noun,Uncle visits every week.,Chú bác,Anh em bố mẹ,,,true,2026-03-26 14:30:40.658877,2026-03-26 14:30:40.658877
77a362df-a463-4872-9176-50b5a1d41ab2,ddea0c96-bacc-484f-9d4d-66d741cc51d8,Welcome,Greet visitor,ˈwɛl.kəm,interjection,Welcome home!,Chào mừng,Lời chào mừng,,,true,2026-03-26 14:30:40.658877,2026-03-26 14:30:40.658877
77bb0c67-11ba-4713-9551-453b77ca0337,88643a0a-de0e-4726-8c56-ca9e62f3614a,Twelve,Number 12,twɛlv,number,Twelve months here.,Mười hai,Số 12,,,true,2026-03-26 14:30:40.658877,2026-03-26 14:30:40.658877
77d528ec-7c44-4bbe-a326-273299b75ebf,95ad0b6d-ecef-4e64-9d00-1f9a355214bb,Confused,Feeling bewilderment,kənˈfjuzd,adjective,Confused instructions.,Bối rối,Cảm giác bối,,,true,2026-03-26 14:30:40.658877,2026-03-26 14:30:40.658877
77e20ed2-80e9-46ec-87ec-b284a2fd358c,b4326ceb-0fb7-49f5-aac6-a54bdd1d9163,Existentialism,Existence philosophy,ˌɛɡ.zɪˈstɛn.ʃə.lɪz.əm,noun,Existentialism freedom.,Hiện sinh chủ,Triết học,,,true,2026-03-26 14:30:40.658877,2026-03-26 14:30:40.658877
77e5196c-f40b-44eb-be7d-54cd716a34c7,70c77765-6416-4d36-950a-7c93580b2fa0,Worried,Feeling anxiety,ˈwɝ.id,adjective,Worried exam.,Lo lắng,Cảm giác lo,,,true,2026-03-26 14:30:40.658877,2026-03-26 14:30:40.658877
77f9496b-2569-42d0-b926-651ea32a3ea8,967cb953-d9f0-413d-9444-c2de97d17102,Interpret,Explain meaning,ɪnˈtɚ.prət,verb,Readers interpret differently.,Diễn giải,Giải thích ý nghĩa,,,true,2026-03-26 14:30:40.658877,2026-03-26 14:30:40.658877
7806c18a-4ec8-4e1b-b0d7-bed7d6ced11b,ce34e158-9a8f-400a-a082-d921b3afdb61,Hundred,Number 100,ˈhʌn.drəd,number,One hundred students.,Trăm,Số 100,,,true,2026-03-26 14:30:40.658877,2026-03-26 14:30:40.658877
7852e245-eaa6-48a9-be50-2e662432297d,33b3b961-a831-48ce-bcba-4ec9b1406006,Sorry,Apologize,ˈsɑr.i,adjective,"Sorry, I hurried.",Xin lỗi,Lời xin lỗi,,,true,2026-03-26 14:30:40.658877,2026-03-26 14:30:40.658877
78621339-5248-42dd-9b7f-57e915be8522,bdace7d5-30a7-49fe-a09e-ea0657efb79d,butter,made from milk fat,ˈbʌtər,danh từ,Butter on bread,bơ,làm từ chất béo sữa,,,true,2026-03-18 23:26:07.668,2026-03-18 23:26:07.668
7895e7ab-02f3-40a3-bb99-bb2f6263aec4,aa794f3a-f98a-43df-8271-67b923f0f383,Scared,Feeling fear,skɛrd,adjective,Child scared dark.,Sợ,Cảm giác sợ,,,true,2026-03-26 14:30:40.658877,2026-03-26 14:30:40.658877
78c84fa0-5a0a-4815-afde-881da2ca4970,2bddc0bd-c221-4bc1-8b6f-72096e4a7674,Confused,Feeling bewilderment,kənˈfjuzd,adjective,Confused instructions.,Bối rối,Cảm giác bối,,,true,2026-03-26 14:30:40.658877,2026-03-26 14:30:40.658877
791bed0f-5c3c-49ee-bd82-4c213da0edbe,484c0e0d-e1af-4005-87ba-675dd65a4bae,Sister,Female sibling,ˈsɪs.tɚ,noun,My sister likes reading.,Chị em gái,Chị em gái,,,true,2026-03-26 14:30:40.658877,2026-03-26 14:30:40.658877
79220ee1-d8f5-4115-8614-2c3527a3b7b1,474d17e5-c32b-4585-9bfd-feefa44aa3a8,Metaphysics,Reality study,ˌmɛt.əˈfɪz.ɪks,noun,Metaphysics questions.,Siêu hình,Thực tại,,,true,2026-03-26 14:30:40.658877,2026-03-26 14:30:40.658877
7929a4d9-5fdb-4727-bdf3-88b408057b19,cdf5e6d8-efec-4421-8c70-814cd0fff4e7,money,medium of exchange,/money/,danh từ,money example,tiền,Một khái niệm liên quan đến finance,,,true,2026-03-18 23:27:06.141,2026-03-18 23:27:06.141
7930e6f4-74a4-4aa7-95b9-3ebb382a2dbe,34931917-34dc-4ea8-af60-d0d01b00cc86,profit,gain after expenses,/profit/,danh từ,profit example,profit,Một khái niệm liên quan đến business,,,true,2026-03-18 23:27:06.141,2026-03-18 23:27:06.141
793fb23f-165c-40c0-a232-a1cb5e3b5767,65b2fc5a-c86b-4f36-8107-f8ee0ebe5d78,Nice meet,Greeting stranger,ˌnaɪs tə ˈmit,phrase,Nice meet you.,Vui gặp,Chào người mới,,,true,2026-03-26 14:30:40.658877,2026-03-26 14:30:40.658877
79479160-7ca9-4823-b5cc-c7e36f72d91b,0a01cbc9-8eaf-40d0-85f9-f4ad9a7fd19c,Setting,Time and place,ˈsɛt.ɪŋ,noun,The setting is a village.,Bối cảnh,Thời gian địa điểm,,,true,2026-03-26 14:30:40.658877,2026-03-26 14:30:40.658877
796d3f8f-54fc-4b72-a785-a7e3f4571dd1,a844c983-7824-498a-811d-ed90b6d6f9e1,supermarket,large store with many items,/supermarket/,danh từ,supermarket example,supermarket,Một khái niệm liên quan đến shopping,,,true,2026-03-18 23:27:06.141,2026-03-18 23:27:06.141
79732cea-eb95-43a8-8738-9d9a4bb1adf3,306cd435-7556-4ca6-b508-0a5dfdec7100,Seven,Number 7,ˈsɛv.ən,number,I have seven  coins.,Bảy,Số 7,,,true,2026-03-26 14:30:40.658877,2026-03-26 14:30:40.658877
7987fd69-da8f-4a2d-90d2-ccc10ac3d40f,7cf8f06f-0441-4076-a651-76da132eb2bf,Five,Number 5,faɪv,number,I have five fingers.,Năm,Số 5,,,true,2026-03-26 14:30:40.658877,2026-03-26 14:30:40.658877
799abf11-2294-4ef3-8381-19b4ba0bd7fd,88443e68-aebe-44f0-800c-c17266b21ff9,Lonely,Feeling isolation,ˈloʊn.li,adjective,She lonely sometimes.,Cô đơn,Cảm giác cô,,,true,2026-03-26 14:30:40.658877,2026-03-26 14:30:40.658877
79a4cc8a-3b9f-49ff-ada4-8f07cd48ce5b,d33c8d93-322e-4680-b491-2ce58f9bc75f,Ontology,Existence study,ɑnˈtɑl.ə.dʒi,noun,Ontology explores reality.,Bản thể luận,Sự tồn tại,,,true,2026-03-26 14:30:40.658877,2026-03-26 14:30:40.658877
7a3c8c40-a686-40af-b135-17081a240f01,f3aaed13-86c6-49be-8f73-c117a646f1ff,Worried,Feeling anxiety,ˈwɝ.id,adjective,Worried exam.,Lo lắng,Cảm giác lo,,,true,2026-03-26 14:30:40.658877,2026-03-26 14:30:40.658877
7a454871-10d4-490b-9284-b7a46827eeb5,fed0d635-a1bb-4732-bb7a-b8caf4c21b12,travel,journeying from place to place,/travel/,danh từ,travel example,du lịch,Một khái niệm liên quan đến travel,,,true,2026-03-18 23:27:06.141,2026-03-18 23:27:06.141
7a615145-8cc3-4d86-b6c4-c84c40f71c2f,e1c6a531-951b-49e8-a205-ed0b9486f723,Stoicism,Virtue philosophy,ˈstoʊ.ɪ.sɪz.əm,noun,Stoicism teaches acceptance.,Khắc kỷ,Triết học,,,true,2026-03-26 14:30:40.658877,2026-03-26 14:30:40.658877
7a6e3c17-26c1-49ba-a224-76c5c2484c5d,ac13c7e8-492c-46d1-b46e-755272c6d9d6,Ontology,Existence study,ɑnˈtɑl.ə.dʒi,noun,Ontology explores reality.,Bản thể luận,Sự tồn tại,,,true,2026-03-26 14:30:40.658877,2026-03-26 14:30:40.658877
7a74517f-f2d3-4743-9f27-c9070d0994c9,dab29c7e-633e-4611-83f9-6a1781fed230,Aesthetics,Beauty study,ɛsˈθɛt.ɪks,noun,Aesthetics beauty.,Thẩm mỹ,Nghiên cứu,,,true,2026-03-26 14:30:40.658877,2026-03-26 14:30:40.658877
7aa3cc4d-d211-4604-b378-53568ae906b1,0c65a440-ca84-4f96-a502-a5c9aebdef77,beer,an alcoholic drink,bɪr,danh từ,He drinks beer,bia,đồ uống có cồn,,,true,2026-03-18 23:26:07.668,2026-03-18 23:26:07.668
7aa5cb6e-8a1a-4c62-b9c4-3b0133914a3c,c326f285-fc07-4764-a284-b7222d917173,Father,Male parent,ˈfɑ.ðɚ,noun,My father works hard.,Bố,Cha mẹ nam,,,true,2026-03-26 14:30:40.658877,2026-03-26 14:30:40.658877
7aec0f06-7fd3-4957-8070-79423f63760e,bdace7d5-30a7-49fe-a09e-ea0657efb79d,kiwi,a small brown fruit with green flesh and black seeds,ˈkiwi,danh từ,Kiwi has vitamin C,kiwi,Một quả nhỏ nâu với thịt xanh và hạt đen,,,true,2026-03-18 23:22:53.645,2026-03-18 23:22:53.645
7aee998f-4015-4aa4-a260-f338791576b9,563bcdd8-3e04-4744-947b-08885bc9308b,Cousin,Relative child,ˈkʌz.ən,noun,My cousin lives nearby.,Em họ,Con chú dì,,,true,2026-03-26 14:30:40.658877,2026-03-26 14:30:40.658877
7b1d6e8a-172b-4e8e-8878-c5dc26f75ff0,7e5d0907-64fa-482f-b968-a5efd9168a61,Dialectic,Argument method,daɪˈælɛk.tɪk,noun,Hegel dialectic used.,Biện luận,Phương pháp,,,true,2026-03-26 14:30:40.658877,2026-03-26 14:30:40.658877
7b205808-3e59-4413-ba70-4a141b5bf154,c93ab659-8f04-4947-b4fc-e9b66409b54f,Nihilism,Nothing meaning belief,ˈnaɪ.ə.lɪz.əm,noun,Nihilism values denies.,Vô chủ nghĩa,Niềm tin,,,true,2026-03-26 14:30:40.658877,2026-03-26 14:30:40.658877
7b39e3d4-594a-4425-a970-e948723a5959,1e983eef-be0a-4a27-abd9-c548efdf1633,Husband,Married man,ˈhʌz.bənd,noun,Her husband is doctor.,Chồng,Người đàn ông kết,,,true,2026-03-26 14:30:40.658877,2026-03-26 14:30:40.658877
7b3a9804-5a6a-4473-83a3-a25f34c69e43,65b2fc5a-c86b-4f36-8107-f8ee0ebe5d78,Good morning,Morning greeting,ˌɡʊd ˈmɔr.nɪŋ,phrase,Good morning today.,Chào sáng,Lời chào sáng,,,true,2026-03-26 14:30:40.658877,2026-03-26 14:30:40.658877
7b728ee4-eef0-460e-b8e2-667bb59dc55d,0a01cbc9-8eaf-40d0-85f9-f4ad9a7fd19c,Character,A person in a story,ˈkɛr.ɪk.tɚ,noun,The main character is brave.,Nhân vật,Người trong câu chuyện,,,true,2026-03-26 14:30:40.658877,2026-03-26 14:30:40.658877
7b7e3a39-e77c-468c-96af-98f1c8084a48,34931917-34dc-4ea8-af60-d0d01b00cc86,budget,plan for spending money,/budget/,danh từ,budget example,budget,Một khái niệm liên quan đến business,,,true,2026-03-18 23:27:06.141,2026-03-18 23:27:06.141
7bd6d814-2276-4220-b357-f76de6ec1241,2cf6f90d-7ccb-417b-929e-361097a98afa,Realism,Art depicting reality,ˈri.əl.ɪz.əm,noun,Realism focused people.,Hiện thực,Nghệ thuật thực tế,,,true,2026-03-26 14:30:40.658877,2026-03-26 14:30:40.658877
7be1161d-974b-4514-9a83-ccfb81f71456,c326f285-fc07-4764-a284-b7222d917173,Aunt,Parent sister,ænt,noun,Aunt bakes cakes.,Cô dì,Chị em bố mẹ,,,true,2026-03-26 14:30:40.658877,2026-03-26 14:30:40.658877
7bfd4828-8d4c-4c9f-80c2-c6589ac9aff5,69d16e3e-74ca-45eb-8c06-8cef65b85134,Existentialism,Existence philosophy,ˌɛɡ.zɪˈstɛn.ʃə.lɪz.əm,noun,Existentialism freedom.,Hiện sinh chủ,Triết học,,,true,2026-03-26 14:30:40.658877,2026-03-26 14:30:40.658877
7c169034-e9d5-4b9e-8c5f-bed45e2f86f7,34931917-34dc-4ea8-af60-d0d01b00cc86,business,commercial enterprise,/business/,danh từ,business example,kinh doanh,Một khái niệm liên quan đến business,,,true,2026-03-18 23:27:06.141,2026-03-18 23:27:06.141
7c3ff159-bd66-4fd9-943c-0c71b57cd21a,cdbc767d-9b38-4792-a420-be0b00b83339,Grandmother,Mother of parent,ˈɡræn.ˌmʌð.ɚ,noun,Grandmother tells stories.,Bà,"Ngoại, nội",,,true,2026-03-26 14:30:40.658877,2026-03-26 14:30:40.658877
7c60d14b-2bca-4b29-b827-92f17de30837,9c08d2d5-ab12-4b90-9273-35e16928fd20,Grandfather,Father of parent,ˈɡræn.ˌfɑ.ðɚ,noun,Grandfather is wise.,Ông,"Ngoại, nội",,,true,2026-03-26 14:30:40.658877,2026-03-26 14:30:40.658877
7c93481b-130b-4faa-8a65-f4763baf0d5e,65b2fc5a-c86b-4f36-8107-f8ee0ebe5d78,See you later,Casual goodbye,ˌsi juː ˈleɪ.tɚ,phrase,See you later!,Gặp lại,Tạm biệt,,,true,2026-03-26 14:30:40.658877,2026-03-26 14:30:40.658877
7c97be21-3508-4933-b6c4-cf6d4b2e2c72,113a8d3e-ddda-4419-9a38-fde75df58c3e,Jealous,Feeling envy,ˈdʒɛl.əs,adjective,Jealous sister.,Ghen tị,Cảm giác ghen,,,true,2026-03-26 14:30:40.658877,2026-03-26 14:30:40.658877
7ca9f213-56f6-461d-97b8-ac02dce48ddd,444c779c-e14e-4d61-8461-f6ecf6ddf27b,Amazed,Feeling wonder,əˈmeɪzd,adjective,I amazed view.,Kinh ngạc,Cảm giác bất,,,true,2026-03-26 14:30:40.658877,2026-03-26 14:30:40.658877
7ce9def2-0eb3-4ba6-abf3-96a6f8e31d59,bdace7d5-30a7-49fe-a09e-ea0657efb79d,pineapple,a tropical fruit with rough skin and sweet yellow flesh,ˈpaɪnæpəl,danh từ,Pineapple is sweet,dứa,Một quả nhiệt đới với da nhám và thịt vàng ngọt,,,true,2026-03-18 23:22:53.645,2026-03-18 23:22:53.645
7d1dcd5f-ca93-4aaa-a38b-7510866f5459,b16db79c-1b16-46bf-9bd8-3596a44d8609,Grandmother,Mother of parent,ˈɡræn.ˌmʌð.ɚ,noun,Grandmother tells stories.,Bà,"Ngoại, nội",,,true,2026-03-26 14:30:40.658877,2026-03-26 14:30:40.658877
7d4ed433-f0b3-4599-81f0-243aec9f98ad,b48f8788-ab02-4e87-a86b-e4cda07b2a8d,Mother,Female parent,ˈmʌð.ɚ,noun,My mother is kind.,Mẹ,Cha mẹ nữ,,,true,2026-03-26 14:30:40.658877,2026-03-26 14:30:40.658877
7d691c44-2a7f-4603-be4a-de30281b26e2,aa794f3a-f98a-43df-8271-67b923f0f383,Ashamed,Feeling shame,əˈʃeɪmd,adjective,He ashamed behavior.,Xấu hổ,Cảm giác xấu,,,true,2026-03-26 14:30:40.658877,2026-03-26 14:30:40.658877
7d6b626f-0129-45f5-9f4d-87a1e3b49bc5,ddea0c96-bacc-484f-9d4d-66d741cc51d8,Excuse me,Get attention,ɪkˈskjuz mi,phrase,"Excuse me, bathroom?",Xin lỗi,Kêu gọi sự chú ý,,,true,2026-03-26 14:30:40.658877,2026-03-26 14:30:40.658877
7da28893-0ff3-4251-9a83-cf63f59aa18e,d57a850d-30c0-4988-a53f-fc9638884178,Pragmatism,Results based,ˈpræɡ.mə.tɪz.əm,noun,Pragmatism results.,Thực dụng,Dựa trên,,,true,2026-03-26 14:30:40.658877,2026-03-26 14:30:40.658877
7db11264-cf17-43af-b3ca-325f7d8fe5a3,73f5c5b2-5c82-4434-bcef-a0ad0e5d7de5,Daughter,Female child,ˈdɔ.tɚ,noun,She has daughters.,Con gái,Đứa con nữ,,,true,2026-03-26 14:30:40.658877,2026-03-26 14:30:40.658877
7db85ab8-e361-4c37-bbf2-58a996c56057,f25b9620-2fc5-4079-8647-8f5dbf5ca619,smartphone,advanced mobile phone,/smartphone/,danh từ,smartphone example,smartphone,Một khái niệm liên quan đến technology,,,true,2026-03-18 23:27:06.141,2026-03-18 23:27:06.141
7dc104f0-227a-4327-80f1-5f1b429356e6,48adeeb4-ea05-4c89-95d1-7c278e83dedb,Aesthetics,Beauty study,ɛsˈθɛt.ɪks,noun,Aesthetics beauty.,Thẩm mỹ,Nghiên cứu,,,true,2026-03-26 14:30:40.658877,2026-03-26 14:30:40.658877
7dc22c08-9107-4158-95fc-74bfeeb1ec86,ef83ea3c-996c-4048-8968-7237e72a6e5d,Family,Relatives group,ˈfæm.ə.li,noun,My family is happy.,Gia đình,Nhóm thân,,,true,2026-03-26 14:30:40.658877,2026-03-26 14:30:40.658877
7dd57542-afe1-4e6a-859a-fe6384d61f96,f2546e9a-13dd-460f-97a6-4a9d4903e6be,Sad,Feeling sorrow,sæd,adjective,He feels sad loss.,Buồn,Cảm giác buồn,,,true,2026-03-26 14:30:40.658877,2026-03-26 14:30:40.658877
7dd6a007-50cc-4cfa-88ff-1ed45493ca54,68cc7887-5460-44f9-a583-9dbf0e95b24d,Existence,State being,ɪɡˈzɪs.təns,noun,Existence God debated.,Tồn tại,Trạng thái hiện,,,true,2026-03-26 14:30:40.658877,2026-03-26 14:30:40.658877
7e103406-c591-49b7-a5f6-d296cc8919a1,f5963936-9e64-4d38-bd67-8490e7b3a302,Cousin,Relative child,ˈkʌz.ən,noun,My cousin lives nearby.,Em họ,Con chú dì,,,true,2026-03-26 14:30:40.658877,2026-03-26 14:30:40.658877
7e2bc6d9-0d2c-41fb-af32-445d1c8c90bf,81aeef50-eae8-4ff2-941c-b321e482e121,Dialectic,Argument method,daɪˈælɛk.tɪk,noun,Hegel dialectic used.,Biện luận,Phương pháp,,,true,2026-03-26 14:30:40.658877,2026-03-26 14:30:40.658877
7e3958ba-8872-4f70-92b6-a4a8f26bc5e4,1768a53f-3b47-4afe-a231-feea190002ef,Nihilism,Nothing meaning belief,ˈnaɪ.ə.lɪz.əm,noun,Nihilism values denies.,Vô chủ nghĩa,Niềm tin,,,true,2026-03-26 14:30:40.658877,2026-03-26 14:30:40.658877
7e546f8c-a007-44a9-b0b0-9068c87df712,81af8b32-9da0-4143-8743-6fdc051fac85,Thank you,Express gratitude,ˈθæŋk juː,phrase,Thank you for help.,Cảm ơn,Tỏ lòng biết ơn,,,true,2026-03-26 14:30:40.658877,2026-03-26 14:30:40.658877
7f02386a-eb7a-40fb-9ad0-77219b2e8471,861b28e6-a21c-4b16-8250-0228c87f55b4,Four,Number 4,fɔr,number,I have four books.,Bốn,Số 4,,,true,2026-03-26 14:30:40.658877,2026-03-26 14:30:40.658877
7f071263-d586-4471-ab7d-e140930d3672,0f7467d0-de49-4732-a5eb-3d62ebbb0bf2,deer,a wild animal with horns; graceful and fast,dɪr,danh từ,Deer runs fast,hươu,Một con vật hoang dã với sừng; thanh thoát và nhanh,,,true,2026-03-18 23:22:53.645,2026-03-18 23:22:53.645
7f1c3b09-c29c-47e7-a511-768fa1487383,67c2c95b-aa85-4e49-a0b3-dfb7ee8a5b29,Proud,Feeling pride,praʊd,adjective,I proud you.,Tự hào,Cảm giác hạnh,,,true,2026-03-26 14:30:40.658877,2026-03-26 14:30:40.658877
7f1cc5c6-22f5-42f6-bd59-fc7cd36bc79f,41b7f321-295c-488c-af33-14211bb75fa7,Husband,Married man,ˈhʌz.bənd,noun,Her husband is doctor.,Chồng,Người đàn ông kết,,,true,2026-03-26 14:30:40.658877,2026-03-26 14:30:40.658877
7f3f7bfa-0f09-4915-80e1-4edaf2015023,f5963936-9e64-4d38-bd67-8490e7b3a302,Aunt,Parent sister,ænt,noun,Aunt bakes cakes.,Cô dì,Chị em bố mẹ,,,true,2026-03-26 14:30:40.658877,2026-03-26 14:30:40.658877
7f40787d-d185-4cac-b122-effbb918a10e,9746df2b-8bde-432c-ab17-aac73f51c1f6,swimming,moving through water,/swimming/,danh từ,swimming example,bơi lội,Một khái niệm liên quan đến sports,,,true,2026-03-18 23:27:06.141,2026-03-18 23:27:06.141
7f4ce23b-901e-4f74-b966-e217afe8bdbb,cf8c05bc-3687-4329-be42-38da0c0125ca,Aesthetics,Beauty study,ɛsˈθɛt.ɪks,noun,Aesthetics beauty.,Thẩm mỹ,Nghiên cứu,,,true,2026-03-26 14:30:40.658877,2026-03-26 14:30:40.658877
7f5c99e9-a60c-4f2a-bdef-8449f7b09299,cc221d3d-60b1-4412-953e-65d4d427c9fc,How are,Ask health,ˌhaʊ ɑr,phrase,How are today?,Khỏe không,Hỏi sức khỏe,,,true,2026-03-26 14:30:40.658877,2026-03-26 14:30:40.658877
7f6a3db2-9ad8-4acf-a9d9-e11064a5da7f,aa794f3a-f98a-43df-8271-67b923f0f383,Lonely,Feeling isolation,ˈloʊn.li,adjective,She lonely sometimes.,Cô đơn,Cảm giác cô,,,true,2026-03-26 14:30:40.658877,2026-03-26 14:30:40.658877
7f6e9528-2c0b-4c87-83af-b05e4c6f0967,c4423548-9463-45ef-bc70-285c0c8c3ea1,Epistemology,Knowledge study,ˌɛp.ɪ.stəˈmɑl.ə.dʒi,noun,Epistemology knowledge.,Nhận thức luận,Nghiên cứu,,,true,2026-03-26 14:30:40.658877,2026-03-26 14:30:40.658877
7f776be5-1950-478b-a5b2-8991bbda43cf,67df2b1f-aa96-48db-b64d-0d889f000e9a,Proud,Feeling pride,praʊd,adjective,I proud you.,Tự hào,Cảm giác hạnh,,,true,2026-03-26 14:30:40.658877,2026-03-26 14:30:40.658877
7f8127b0-8f65-404f-b3fe-4c2d8e83c7a7,12c09afc-e4cd-4cc3-b911-1e5d9e07c387,Confident,Feeling self belief,ˈkɑn.fɪ.dənt,adjective,Confident skills.,Tự tin,Cảm giác tin,,,true,2026-03-26 14:30:40.658877,2026-03-26 14:30:40.658877
7fa88d6c-e822-4b9e-b4c7-7e2374a89697,306cd435-7556-4ca6-b508-0a5dfdec7100,One,Number 1,wʌn,number,I have one cat.,Một,Số 1,,,true,2026-03-26 14:30:40.658877,2026-03-26 14:30:40.658877
7fc4cda7-1242-48b3-b51a-f88885ed8b86,c4f69ac2-b089-44ca-a48e-67f1636f0314,grandchild,child of your child; third generation,/grandchild/,danh từ,My grandchild is obedient,cháu,Con của con; thế hệ thứ ba,,,true,2026-03-18 23:22:53.645,2026-03-18 23:22:53.645
7fce3c6d-1884-4229-b94a-66da46797789,d4986ac8-fc5b-4d7c-9960-c7a32512ee69,Sorry,Apologize,ˈsɑr.i,adjective,"Sorry, I hurried.",Xin lỗi,Lời xin lỗi,,,true,2026-03-26 14:30:40.658877,2026-03-26 14:30:40.658877
7ffb1bf4-e35a-42df-8e22-43245d6f4923,3762124f-a01f-42b4-a821-e14298c128dc,One,Number 1,wʌn,number,I have one cat.,Một,Số 1,,,true,2026-03-26 14:30:40.658877,2026-03-26 14:30:40.658877
80478a13-786f-44b7-9d3a-25c5e9663a96,f25b9620-2fc5-4079-8647-8f5dbf5ca619,printer,device for making printouts,/printer/,danh từ,printer example,printer,Một khái niệm liên quan đến technology,,,true,2026-03-18 23:27:06.141,2026-03-18 23:27:06.141
8069e03e-868e-41d7-9e13-f06854805562,69d16e3e-74ca-45eb-8c06-8cef65b85134,Existence,State being,ɪɡˈzɪs.təns,noun,Existence God debated.,Tồn tại,Trạng thái hiện,,,true,2026-03-26 14:30:40.658877,2026-03-26 14:30:40.658877
8075559b-140d-4c9c-a6d4-bfd3b8fac7b6,4622c636-7957-4f30-9bc4-5fae81775631,kitchen,room for cooking,ˈkɪtʃən,danh từ,Modern kitchen,nhà bếp,phòng để nấu nướng,,,true,2026-03-18 23:26:07.668,2026-03-18 23:26:07.668
808f6009-ca55-4cc4-8fb2-4810fe135a6d,f2867ff8-da21-42e1-ad58-ff38fa6324b8,Family,Relatives group,ˈfæm.ə.li,noun,My family is happy.,Gia đình,Nhóm thân,,,true,2026-03-26 14:30:40.658877,2026-03-26 14:30:40.658877
809a3c62-6ccd-4616-95af-acb1630ef21c,95ad0b6d-ecef-4e64-9d00-1f9a355214bb,Worried,Feeling anxiety,ˈwɝ.id,adjective,Worried exam.,Lo lắng,Cảm giác lo,,,true,2026-03-26 14:30:40.658877,2026-03-26 14:30:40.658877
80b75b0f-182a-4262-9eab-cce4e585509e,c326f285-fc07-4764-a284-b7222d917173,Uncle,Parent brother,ˈʌŋ.kəl,noun,Uncle visits every week.,Chú bác,Anh em bố mẹ,,,true,2026-03-26 14:30:40.658877,2026-03-26 14:30:40.658877
80c0c446-1b28-47bf-a3a8-982c480b0979,f19c0271-02f0-46de-b01d-d124844bd385,Family,Relatives group,ˈfæm.ə.li,noun,My family is happy.,Gia đình,Nhóm thân,,,true,2026-03-26 14:30:40.658877,2026-03-26 14:30:40.658877
80e3a7b7-9b93-4e39-a23c-2e5437d56ec4,349e1df9-b9b6-4a64-ab4b-babd170cadc4,Eight,Number 8,eɪt,number,I have eight pens.,Tám,Số 8,,,true,2026-03-26 14:30:40.658877,2026-03-26 14:30:40.658877
811f7d2a-a8c3-4cf7-8b1f-c8b6e73e7d99,6099eea9-f4d6-4738-9662-d01b6f6f2a12,school,a place for learning and education,/school/,danh từ,school example,trường học,Một khái niệm liên quan đến school,,,true,2026-03-18 23:27:06.141,2026-03-18 23:27:06.141
8123291a-34d6-4936-bef3-bd3d6b12c5fe,d4986ac8-fc5b-4d7c-9960-c7a32512ee69,And you,Return greeting,ən juː,phrase,And you yourself?,Còn bạn,Trả lời chào,,,true,2026-03-26 14:30:40.658877,2026-03-26 14:30:40.658877
81910449-108a-4a2d-a495-0136f6a8b82b,f2867ff8-da21-42e1-ad58-ff38fa6324b8,Sister,Female sibling,ˈsɪs.tɚ,noun,My sister likes reading.,Chị em gái,Chị em gái,,,true,2026-03-26 14:30:40.658877,2026-03-26 14:30:40.658877
81d8d863-6e24-4147-9193-e57eb1b1c989,4e41fc79-f556-476c-b28f-f579df42a2ba,Have nice day,Wishful farewell,ˌhæv ə ˌnaɪs ˈdeɪ,phrase,Have nice day!,Chúc ngày tốt,Lời chúc,,,true,2026-03-26 14:30:40.658877,2026-03-26 14:30:40.658877
81fe0766-94db-4efa-80af-ff8d854290f3,c19483d2-a4f7-462e-a5b8-6fb57f61ef95,Cousin,Relative child,ˈkʌz.ən,noun,My cousin lives nearby.,Em họ,Con chú dì,,,true,2026-03-26 14:30:40.658877,2026-03-26 14:30:40.658877
82139634-2dd3-43dc-bf24-d4f4b0f3ff26,fed0d635-a1bb-4732-bb7a-b8caf4c21b12,luggage,bags for carrying belongings,/luggage/,danh từ,luggage example,luggage,Một khái niệm liên quan đến travel,,,true,2026-03-18 23:27:06.141,2026-03-18 23:27:06.141
822ae2c1-32cf-4349-8224-dc475ea9d300,ac13c7e8-492c-46d1-b46e-755272c6d9d6,Nihilism,Nothing meaning belief,ˈnaɪ.ə.lɪz.əm,noun,Nihilism values denies.,Vô chủ nghĩa,Niềm tin,,,true,2026-03-26 14:30:40.658877,2026-03-26 14:30:40.658877
8245cf0a-149f-4e7b-858d-8930b860edec,67df2b1f-aa96-48db-b64d-0d889f000e9a,Amazed,Feeling wonder,əˈmeɪzd,adjective,I amazed view.,Kinh ngạc,Cảm giác bất,,,true,2026-03-26 14:30:40.658877,2026-03-26 14:30:40.658877
827718e9-31a1-41b9-ad6b-cb38bfc7224a,0ceda941-9b55-403f-abf7-fb080315789d,season,"one of four periods of the year (spring, summer, autumn, winter)",ˈsiːzən,danh từ,Spring is a season,mùa,"Một trong bốn giai đoạn của năm (mùa xuân, hè, thu, đông)",,,true,2026-03-18 23:22:53.645,2026-03-18 23:22:53.645
827aec74-b1e7-4618-b5ad-0b9534560bb2,a27485a8-7d88-47ed-8ce5-93266a425c11,Nihilism,Nothing meaning belief,ˈnaɪ.ə.lɪz.əm,noun,Nihilism values denies.,Vô chủ nghĩa,Niềm tin,,,true,2026-03-26 14:30:40.658877,2026-03-26 14:30:40.658877
82858853-2a90-4bd4-99a2-7da99b1734bf,411c419a-c126-40a3-bbe9-068a951b9026,Eleven,Number 11,ɪˈlɛv.ən,number,Eleven players.,Mười một,Số 11,,,true,2026-03-26 14:30:40.658877,2026-03-26 14:30:40.658877
82b67cb5-a637-4ad2-b0ad-c40181e52917,67df2b1f-aa96-48db-b64d-0d889f000e9a,Sad,Feeling sorrow,sæd,adjective,He feels sad loss.,Buồn,Cảm giác buồn,,,true,2026-03-26 14:30:40.658877,2026-03-26 14:30:40.658877
82f1ae68-a462-46bf-9e5b-a740d3508dbf,a6f9ef68-d647-4df6-9121-19ec9c0fee72,I am fine,Good response,ˌaɪm ˈfaɪn,phrase,I am fine thanks.,Tôi khỏe,Phản hồi tốt,,,true,2026-03-26 14:30:40.658877,2026-03-26 14:30:40.658877
82f5843c-ac04-46a0-a4e4-74dab7d0a203,73f5c5b2-5c82-4434-bcef-a0ad0e5d7de5,Son,Male child,sʌn,noun,He has son.,Con trai,Đứa con nam,,,true,2026-03-26 14:30:40.658877,2026-03-26 14:30:40.658877
82fee2f0-8299-44cf-824b-41918c294db0,1e70a4e8-5e55-4666-9f9b-2ba140d9031b,nurse,person who assists doctor,/nurse/,danh từ,nurse example,nurse,Một khái niệm liên quan đến jobs,,,true,2026-03-18 23:27:06.141,2026-03-18 23:27:06.141
82fee801-3b3b-4364-ab52-4a1c40398eb5,5c7eeb64-bb5a-42f9-8b15-33d0428dd34d,Twelve,Number 12,twɛlv,number,Twelve months here.,Mười hai,Số 12,,,true,2026-03-26 14:30:40.658877,2026-03-26 14:30:40.658877
832bc2ef-688c-42cb-ab40-83d28e5aafdd,9c08d2d5-ab12-4b90-9273-35e16928fd20,Uncle,Parent brother,ˈʌŋ.kəl,noun,Uncle visits every week.,Chú bác,Anh em bố mẹ,,,true,2026-03-26 14:30:40.658877,2026-03-26 14:30:40.658877
834c811e-ed86-4e78-840d-621558048a30,c4f69ac2-b089-44ca-a48e-67f1636f0314,father,a male parent; dad; man who has children,ˈfɑːðər,danh từ,My father is kind,bố/cha,Người cha; người lớn tuổi nam giới nhất; người cha,,,true,2026-03-18 23:22:53.645,2026-03-18 23:22:53.645
8406d92a-bf1c-49b8-9b9e-f90e6428210f,6099eea9-f4d6-4738-9662-d01b6f6f2a12,chair,furniture for sitting,/chair/,danh từ,chair example,chair,Một khái niệm liên quan đến school,,,true,2026-03-18 23:27:06.141,2026-03-18 23:27:06.141
8424535c-0cf4-4c0b-9452-83e21587af8f,9746df2b-8bde-432c-ab17-aac73f51c1f6,volleyball,net ball sport,/volleyball/,danh từ,volleyball example,volleyball,Một khái niệm liên quan đến sports,,,true,2026-03-18 23:27:06.141,2026-03-18 23:27:06.141
842dbbd1-c24c-4099-814d-187d86be6467,0ceda941-9b55-403f-abf7-fb080315789d,may,the fifth month of the year; spring month,meɪ,danh từ,May has many flowers,tháng năm,Tháng thứ năm của năm; tháng mùa xuân,,,true,2026-03-18 23:22:53.645,2026-03-18 23:22:53.645
8455dfd5-af92-424a-8117-93598b81a2e5,67df2b1f-aa96-48db-b64d-0d889f000e9a,Confused,Feeling bewilderment,kənˈfjuzd,adjective,Confused instructions.,Bối rối,Cảm giác bối,,,true,2026-03-26 14:30:40.658877,2026-03-26 14:30:40.658877
84667f3b-faf6-47ec-9462-c783621b9c84,644fe377-999e-4856-ae36-3bbea5352c69,Brother,Male sibling,ˈbrʌð.ɚ,noun,My brother plays sports.,Anh em trai,Anh chị em,,,true,2026-03-26 14:30:40.658877,2026-03-26 14:30:40.658877
84e6e41e-034c-4d8b-b91f-09d05086e438,644fe377-999e-4856-ae36-3bbea5352c69,Father,Male parent,ˈfɑ.ðɚ,noun,My father works hard.,Bố,Cha mẹ nam,,,true,2026-03-26 14:30:40.658877,2026-03-26 14:30:40.658877
84ed463a-7984-407a-95ba-f5844eab75ce,d57a850d-30c0-4988-a53f-fc9638884178,Aesthetics,Beauty study,ɛsˈθɛt.ɪks,noun,Aesthetics beauty.,Thẩm mỹ,Nghiên cứu,,,true,2026-03-26 14:30:40.658877,2026-03-26 14:30:40.658877
8565bf5d-e8da-4f13-bf42-f566e63c0830,33b3b961-a831-48ce-bcba-4ec9b1406006,Welcome,Greet visitor,ˈwɛl.kəm,interjection,Welcome home!,Chào mừng,Lời chào mừng,,,true,2026-03-26 14:30:40.658877,2026-03-26 14:30:40.658877
856a0a34-7a3f-47cf-8695-7cb453cada46,73f5c5b2-5c82-4434-bcef-a0ad0e5d7de5,Baby,Young child,ˈbeɪ.bi,noun,Baby is sleeping.,Em bé,Trẻ sơ sinh,,,true,2026-03-26 14:30:40.658877,2026-03-26 14:30:40.658877
8571c27e-41ca-494e-b6ad-7f341266d572,88643a0a-de0e-4726-8c56-ca9e62f3614a,Thousand,Number 1000,ˈθaʊ.zənd,number,One thousand people.,Nghìn,Số 1000,,,true,2026-03-26 14:30:40.658877,2026-03-26 14:30:40.658877
85a6a784-d3a4-4a13-8789-2739f2a3b2e5,0f7467d0-de49-4732-a5eb-3d62ebbb0bf2,elephant,a very large animal with long trunk and big ears,ˈeləfənt,danh từ,Elephant eats a lot,voi,Một con vật rất lớn với vòi dài và tai to,,,true,2026-03-18 23:22:53.645,2026-03-18 23:22:53.645
85b0aeeb-d1ca-48c1-a500-ccffccbe93d7,6b254450-7004-433c-bf69-1fb053a62f52,Excited,Feeling enthusiasm,ɪkˈsaɪ.tɪd,adjective,I excited trip.,Phấn khích,Cảm giác hạnh,,,true,2026-03-26 14:30:40.658877,2026-03-26 14:30:40.658877
85c9f442-7df1-4a35-924d-7822d7f2bbc0,eb6906e7-a8e8-4b94-9da9-59a659e92fda,windy,with strong wind blowing,ˈwɪndi,danh từ,It is windy,gió,gió mạnh thổi,,,true,2026-03-18 23:26:07.668,2026-03-18 23:26:07.668
85e6a82f-805c-4276-a202-853d418ea81f,f19c0271-02f0-46de-b01d-d124844bd385,Cousin,Relative child,ˈkʌz.ən,noun,My cousin lives nearby.,Em họ,Con chú dì,,,true,2026-03-26 14:30:40.658877,2026-03-26 14:30:40.658877
85f75ff0-dcda-473c-b680-b9e7679918f0,f5e165ea-d9f9-45d5-90d3-2acf41ea2d21,seven,the number 7; seven days in week,ˈsevən,danh từ,Seven makes one week,số bảy,Số 7; bảy ngày trong tuần,,,true,2026-03-18 23:22:53.645,2026-03-18 23:22:53.645
8626b10a-05b7-44d2-9f27-d44715f29ff9,84b45efa-148b-4307-94b0-ebaae6c7b32a,Stoicism,Virtue philosophy,ˈstoʊ.ɪ.sɪz.əm,noun,Stoicism teaches acceptance.,Khắc kỷ,Triết học,,,true,2026-03-26 14:30:40.658877,2026-03-26 14:30:40.658877
862dfbaa-b3f6-4ad4-addd-a721e2b3b4eb,2bddc0bd-c221-4bc1-8b6f-72096e4a7674,Jealous,Feeling envy,ˈdʒɛl.əs,adjective,Jealous sister.,Ghen tị,Cảm giác ghen,,,true,2026-03-26 14:30:40.658877,2026-03-26 14:30:40.658877
865fd184-9d85-4eab-8724-48f4e0af150e,29889dcf-a772-4499-bf3b-826af93ea3b0,Angry,Feeling rage,ˈæŋ.ɡri,adjective,She is angry us.,Tức giận,Cảm giác giận,,,true,2026-03-26 14:30:40.658877,2026-03-26 14:30:40.658877
8664ac79-62ee-4568-9afd-ef2afb93ab8a,861b28e6-a21c-4b16-8250-0228c87f55b4,Five,Number 5,faɪv,number,I have five fingers.,Năm,Số 5,,,true,2026-03-26 14:30:40.658877,2026-03-26 14:30:40.658877
867af110-edf0-41b1-a90b-4dcad9cd4787,9746df2b-8bde-432c-ab17-aac73f51c1f6,skateboarding,riding on skateboard,/skateboarding/,danh từ,skateboarding example,skateboarding,Một khái niệm liên quan đến sports,,,true,2026-03-18 23:27:06.141,2026-03-18 23:27:06.141
868d5c24-e07e-41e7-b5b6-e219a085dc80,23517e96-f9dd-4318-8b61-083c140556f8,Existentialism,Existence philosophy,ˌɛɡ.zɪˈstɛn.ʃə.lɪz.əm,noun,Existentialism freedom.,Hiện sinh chủ,Triết học,,,true,2026-03-26 14:30:40.658877,2026-03-26 14:30:40.658877
868f21da-9d21-4e78-82d3-a567d7b79287,370abe73-2ce6-40b0-b3ef-82d8f9857e1f,Consciousness,Awareness self,ˈkɑn.ʃəs.nəs,noun,Consciousness mysterious.,Ý thức,Nhận thức,,,true,2026-03-26 14:30:40.658877,2026-03-26 14:30:40.658877
8693a472-e152-4a03-8270-733bf67bb09a,3190f865-ff2e-4de4-8878-b0a874c044ac,grateful,feeling of appreciation,/grateful/,danh từ,grateful example,grateful,Một khái niệm liên quan đến emotions,,,true,2026-03-18 23:27:06.141,2026-03-18 23:27:06.141
86afaaad-f1b7-476e-aa2d-8324caf8241a,349e1df9-b9b6-4a64-ab4b-babd170cadc4,Nine,Number 9,naɪn,number,I have nine flowers.,Chín,Số 9,,,true,2026-03-26 14:30:40.658877,2026-03-26 14:30:40.658877
86ecb2bc-1257-4fc6-ab03-34c3acf86c2f,88643a0a-de0e-4726-8c56-ca9e62f3614a,Hundred,Number 100,ˈhʌn.drəd,number,One hundred students.,Trăm,Số 100,,,true,2026-03-26 14:30:40.658877,2026-03-26 14:30:40.658877
8713fc6f-99f1-4454-99d2-ef66531da581,33b3b961-a831-48ce-bcba-4ec9b1406006,Hello,Polite greeting,həˈloʊ,interjection,"Hello, how are you?",Xin chào,Cách chào hỏi,,,true,2026-03-26 14:30:40.658877,2026-03-26 14:30:40.658877
87157374-4428-4d1a-858e-b960b0c7e0ab,48adeeb4-ea05-4c89-95d1-7c278e83dedb,Existentialism,Existence philosophy,ˌɛɡ.zɪˈstɛn.ʃə.lɪz.əm,noun,Existentialism freedom.,Hiện sinh chủ,Triết học,,,true,2026-03-26 14:30:40.658877,2026-03-26 14:30:40.658877
8728bb90-9520-47fa-a31a-2866a3a1dedb,568d01b2-5a64-4823-afa2-fd4664ca4c1c,Nine,Number 9,naɪn,number,I have nine flowers.,Chín,Số 9,,,true,2026-03-26 14:30:40.658877,2026-03-26 14:30:40.658877
874c6302-7514-4b12-8ea6-1a362a530454,dd29c719-2106-4c8b-b503-aa3173b0b0df,Mother,Female parent,ˈmʌð.ɚ,noun,My mother is kind.,Mẹ,Cha mẹ nữ,,,true,2026-03-26 14:30:40.658877,2026-03-26 14:30:40.658877
87559d1c-d870-4301-8eb2-ba13740a58e6,f3aaed13-86c6-49be-8f73-c117a646f1ff,Proud,Feeling pride,praʊd,adjective,I proud you.,Tự hào,Cảm giác hạnh,,,true,2026-03-26 14:30:40.658877,2026-03-26 14:30:40.658877
876f4148-9b5d-46ed-9ed8-71feb181f54a,6b254450-7004-433c-bf69-1fb053a62f52,Angry,Feeling rage,ˈæŋ.ɡri,adjective,She is angry us.,Tức giận,Cảm giác giận,,,true,2026-03-26 14:30:40.658877,2026-03-26 14:30:40.658877
87b41e6d-8b1f-4b91-a5a5-e883acf7d00e,f5e165ea-d9f9-45d5-90d3-2acf41ea2d21,two,the number 2; a pair of things,tuː,danh từ,I have two feet,số hai,Số 2; cặp của vật,,,true,2026-03-18 23:22:53.645,2026-03-18 23:22:53.645
87d58465-f5f1-4a22-b8ff-07d4cbba4974,a58554ec-5e72-4981-b30c-ce5f10aee993,Existence,State being,ɪɡˈzɪs.təns,noun,Existence God debated.,Tồn tại,Trạng thái hiện,,,true,2026-03-26 14:30:40.658877,2026-03-26 14:30:40.658877
87e66875-2f49-4239-8724-a5b644800374,c19483d2-a4f7-462e-a5b8-6fb57f61ef95,Daughter,Female child,ˈdɔ.tɚ,noun,She has daughters.,Con gái,Đứa con nữ,,,true,2026-03-26 14:30:40.658877,2026-03-26 14:30:40.658877
87e670b5-3295-488b-b172-2371e648b3d4,e62729fd-2c68-41d8-8dea-aec377434133,Epistemology,Knowledge study,ˌɛp.ɪ.stəˈmɑl.ə.dʒi,noun,Epistemology knowledge.,Nhận thức luận,Nghiên cứu,,,true,2026-03-26 14:30:40.658877,2026-03-26 14:30:40.658877
87eadd10-cf90-408f-b688-27ed169288be,81af8b32-9da0-4143-8743-6fdc051fac85,I am fine,Good response,ˌaɪm ˈfaɪn,phrase,I am fine thanks.,Tôi khỏe,Phản hồi tốt,,,true,2026-03-26 14:30:40.658877,2026-03-26 14:30:40.658877
87fc6bfc-195c-4d54-8cc8-e47e32ba3132,1e70a4e8-5e55-4666-9f9b-2ba140d9031b,musician,person who plays music,/musician/,danh từ,musician example,musician,Một khái niệm liên quan đến jobs,,,true,2026-03-18 23:27:06.141,2026-03-18 23:27:06.141
87fccb49-0d9b-4c2f-ad34-cadf7fcba7b4,a844c983-7824-498a-811d-ed90b6d6f9e1,discount,reduction in price,/discount/,danh từ,discount example,discount,Một khái niệm liên quan đến shopping,,,true,2026-03-18 23:27:06.141,2026-03-18 23:27:06.141
880e54e9-bf0a-4b4a-a107-5b86cfae935b,ce34e158-9a8f-400a-a082-d921b3afdb61,Two,Number 2,tu,number,I have two dogs.,Hai,Số 2,,,true,2026-03-26 14:30:40.658877,2026-03-26 14:30:40.658877
8811530d-32e2-47ad-949a-89157e36cf06,23517e96-f9dd-4318-8b61-083c140556f8,Epistemology,Knowledge study,ˌɛp.ɪ.stəˈmɑl.ə.dʒi,noun,Epistemology knowledge.,Nhận thức luận,Nghiên cứu,,,true,2026-03-26 14:30:40.658877,2026-03-26 14:30:40.658877
882171f6-a2cd-4251-949b-33ed0e07ae09,a844c983-7824-498a-811d-ed90b6d6f9e1,receipt,proof of purchase,/receipt/,danh từ,receipt example,receipt,Một khái niệm liên quan đến shopping,,,true,2026-03-18 23:27:06.141,2026-03-18 23:27:06.141
887e603b-8163-496a-a61e-cdad290866cc,bdace7d5-30a7-49fe-a09e-ea0657efb79d,salad,mixed vegetables usually raw,/salad/,danh từ,Caesar salad is fresh,salad,rau trộn thường sống,,,true,2026-03-18 23:26:07.668,2026-03-18 23:26:07.668
8892d111-9aac-45fa-bd8d-395c19352040,4e41fc79-f556-476c-b28f-f579df42a2ba,Good morning,Morning greeting,ˌɡʊd ˈmɔr.nɪŋ,phrase,Good morning today.,Chào sáng,Lời chào sáng,,,true,2026-03-26 14:30:40.658877,2026-03-26 14:30:40.658877
88b74151-a57e-40c0-aa4d-cfa8a2b1a359,563bcdd8-3e04-4744-947b-08885bc9308b,Grandmother,Mother of parent,ˈɡræn.ˌmʌð.ɚ,noun,Grandmother tells stories.,Bà,"Ngoại, nội",,,true,2026-03-26 14:30:40.658877,2026-03-26 14:30:40.658877
88dd20e2-df92-4fff-b21d-40e30ef7bb39,e0dc609f-c176-4fdb-93bf-e39d087671f5,Stoicism,Virtue philosophy,ˈstoʊ.ɪ.sɪz.əm,noun,Stoicism teaches acceptance.,Khắc kỷ,Triết học,,,true,2026-03-26 14:30:40.658877,2026-03-26 14:30:40.658877
88e12e6d-129e-4dae-acfd-4f4bd1c6443f,411c419a-c126-40a3-bbe9-068a951b9026,Thousand,Number 1000,ˈθaʊ.zənd,number,One thousand people.,Nghìn,Số 1000,,,true,2026-03-26 14:30:40.658877,2026-03-26 14:30:40.658877
8907b977-2774-41dc-bc1a-c6e63ae5372e,89da3255-c13a-4384-9292-e7a67b866ee0,Existentialism,Existence philosophy,ˌɛɡ.zɪˈstɛn.ʃə.lɪz.əm,noun,Existentialism freedom.,Hiện sinh chủ,Triết học,,,true,2026-03-26 14:30:40.658877,2026-03-26 14:30:40.658877
8920da2e-2365-4d76-a1e2-7b41b31a39dc,bdace7d5-30a7-49fe-a09e-ea0657efb79d,papaya,a tropical fruit with orange flesh and black seeds,pəˈpaɪə,danh từ,Papaya aids digestion,đu đủ,Một quả nhiệt đới với thịt cam và hạt đen,,,true,2026-03-18 23:22:53.645,2026-03-18 23:22:53.645
89349434-a1cf-48a5-9c56-3f6f26d1aefb,67df2b1f-aa96-48db-b64d-0d889f000e9a,Jealous,Feeling envy,ˈdʒɛl.əs,adjective,Jealous sister.,Ghen tị,Cảm giác ghen,,,true,2026-03-26 14:30:40.658877,2026-03-26 14:30:40.658877
89496048-4f47-48b5-ab39-474f282da883,1768a53f-3b47-4afe-a231-feea190002ef,Logic,Reasoning system,ˈlɑdʒ.ɪk,noun,Logic basis philosophy.,Lôgic,Hệ thống,,,true,2026-03-26 14:30:40.658877,2026-03-26 14:30:40.658877
8978e822-9683-45eb-9b13-fae8c1259477,37f72f2b-f802-4bb4-91cd-72dbad87ecde,Five,Number 5,faɪv,number,I have five fingers.,Năm,Số 5,,,true,2026-03-26 14:30:40.658877,2026-03-26 14:30:40.658877
8995b7e5-7787-431a-abac-3cd3b94f5af9,69d16e3e-74ca-45eb-8c06-8cef65b85134,Ethics,Moral principles,ˈɛθ.ɪks,noun,Ethics guide decisions.,Đạo đức,Nguyên tắc,,,true,2026-03-26 14:30:40.658877,2026-03-26 14:30:40.658877
899c244d-3e80-4557-8900-25d7c47df57f,3ee29751-c03a-4df1-b428-51e2797aba31,Epistemology,Knowledge study,ˌɛp.ɪ.stəˈmɑl.ə.dʒi,noun,Epistemology knowledge.,Nhận thức luận,Nghiên cứu,,,true,2026-03-26 14:30:40.658877,2026-03-26 14:30:40.658877
8a43bed3-bda7-4c41-8e8b-513dfd946628,59baddf7-e856-4276-9fab-c2cbd73c8911,Jealous,Feeling envy,ˈdʒɛl.əs,adjective,Jealous sister.,Ghen tị,Cảm giác ghen,,,true,2026-03-26 14:30:40.658877,2026-03-26 14:30:40.658877
8a50655f-e252-4e87-bb2b-8963a9f04ea3,411c419a-c126-40a3-bbe9-068a951b9026,Nine,Number 9,naɪn,number,I have nine flowers.,Chín,Số 9,,,true,2026-03-26 14:30:40.658877,2026-03-26 14:30:40.658877
8a58b659-1a05-4975-8c0b-a42ddac2c2de,c4f69ac2-b089-44ca-a48e-67f1636f0314,husband,a married man; male spouse,ˈhʌzbənd,danh từ,My husband loves family,chồng,Người đàn ông đã kết hôn; nam giới kết hôn với phụ nữ,,,true,2026-03-18 23:22:53.645,2026-03-18 23:22:53.645
8a97b40b-1476-4992-93e9-a3135ba8202b,dab29c7e-633e-4611-83f9-6a1781fed230,Existence,State being,ɪɡˈzɪs.təns,noun,Existence God debated.,Tồn tại,Trạng thái hiện,,,true,2026-03-26 14:30:40.658877,2026-03-26 14:30:40.658877
8ab8ddc1-6b44-484e-9ad8-00539a44bce6,88443e68-aebe-44f0-800c-c17266b21ff9,Ashamed,Feeling shame,əˈʃeɪmd,adjective,He ashamed behavior.,Xấu hổ,Cảm giác xấu,,,true,2026-03-26 14:30:40.658877,2026-03-26 14:30:40.658877
8ad4d70e-d98b-4678-aa9e-8a7098ae64d3,88443e68-aebe-44f0-800c-c17266b21ff9,Happy,Feeling joy,ˈhæp.i,adjective,I am happy today.,Vui,Cảm giác vui,,,true,2026-03-26 14:30:40.658877,2026-03-26 14:30:40.658877
8b06659a-6f10-4293-8e86-7407f60a2e01,2d825671-b231-4d6a-9c0c-5ec2fa5d7d70,Mother,Female parent,ˈmʌð.ɚ,noun,My mother is kind.,Mẹ,Cha mẹ nữ,,,true,2026-03-26 14:30:40.658877,2026-03-26 14:30:40.658877
8b21b2e6-a1a2-4f99-aa3d-c08a9bce272d,967cb953-d9f0-413d-9444-c2de97d17102,Author,Book writer,ˈɔ.θɚ,noun,The author wrote book.,Tác giả,Người viết sách,,,true,2026-03-26 14:30:40.658877,2026-03-26 14:30:40.658877
8b545c3e-4813-4ad4-a2df-356dde2889f1,411c419a-c126-40a3-bbe9-068a951b9026,Eight,Number 8,eɪt,number,I have eight pens.,Tám,Số 8,,,true,2026-03-26 14:30:40.658877,2026-03-26 14:30:40.658877
8b75930a-9098-455c-8fb3-2aa7380a80e8,f35e320a-ec1d-497e-90b9-830150a5f34d,Virtue,Moral quality,ˈvɝ.tʃu,noun,Virtue happiness path.,Đức hạnh,Phẩm chất,,,true,2026-03-26 14:30:40.658877,2026-03-26 14:30:40.658877
8b96cd7b-fd28-47d6-96f6-aec173b20dbc,37f72f2b-f802-4bb4-91cd-72dbad87ecde,Hundred,Number 100,ˈhʌn.drəd,number,One hundred students.,Trăm,Số 100,,,true,2026-03-26 14:30:40.658877,2026-03-26 14:30:40.658877
8ba416ad-662c-41f7-953d-06558c591644,37f72f2b-f802-4bb4-91cd-72dbad87ecde,Three,Number 3,θri,number,I have three birds.,Ba,Số 3,,,true,2026-03-26 14:30:40.658877,2026-03-26 14:30:40.658877
8bab5c67-4d9e-4ddd-9676-07ce74e8b992,8f558c2d-9555-4f2e-a822-5c74891ffe67,Nice meet,Greeting stranger,ˌnaɪs tə ˈmit,phrase,Nice meet you.,Vui gặp,Chào người mới,,,true,2026-03-26 14:30:40.658877,2026-03-26 14:30:40.658877
8bc6dbf4-0eed-4c61-a281-7a4ef59a34b6,0ceda941-9b55-403f-abf7-fb080315789d,sunday,the first day of the week; the day of rest,ˈsʌndeɪ,danh từ,Sunday is rest day,chủ nhật,Ngày đầu tiên của tuần; ngày nghỉ,,,true,2026-03-18 23:22:53.645,2026-03-18 23:22:53.645
8bd6a3fe-453f-4e1d-be31-b3bf1c063be0,3190f865-ff2e-4de4-8878-b0a874c044ac,proud,feeling of accomplishment,/proud/,danh từ,proud example,proud,Một khái niệm liên quan đến emotions,,,true,2026-03-18 23:27:06.141,2026-03-18 23:27:06.141
8bebe42c-a0b9-47dc-8938-dd06cac6202d,f5e165ea-d9f9-45d5-90d3-2acf41ea2d21,hundred,the number 100; ten times ten,ˈhʌndrəd,danh từ,Hundred is large number,số trăm,Số 100; mười nhân mười,,,true,2026-03-18 23:22:53.645,2026-03-18 23:22:53.645
8bec9480-6a71-4c50-879e-0a88b9031589,79c47bf8-ccad-4d92-807d-c7cdafd034c0,Relaxed,Feeling calmness,rɪˈlækst,adjective,Relaxed home.,Thư thái,Cảm giác calm,,,true,2026-03-26 14:30:40.658877,2026-03-26 14:30:40.658877
8bfb1a6b-663c-42f3-b205-963d8d4a9f7c,71802fc1-9c2b-49d9-93ca-0140d294e318,fever,high body temperature,/fever/,danh từ,fever example,fever,Một khái niệm liên quan đến health,,,true,2026-03-18 23:27:06.141,2026-03-18 23:27:06.141
8c1013ae-79aa-4d7b-8be9-6fdc155d0cbf,e62729fd-2c68-41d8-8dea-aec377434133,Aesthetics,Beauty study,ɛsˈθɛt.ɪks,noun,Aesthetics beauty.,Thẩm mỹ,Nghiên cứu,,,true,2026-03-26 14:30:40.658877,2026-03-26 14:30:40.658877
8c1c4372-673c-42fd-a02b-82a91a996b47,d33c8d93-322e-4680-b491-2ce58f9bc75f,Metaphysics,Reality study,ˌmɛt.əˈfɪz.ɪks,noun,Metaphysics questions.,Siêu hình,Thực tại,,,true,2026-03-26 14:30:40.658877,2026-03-26 14:30:40.658877
8c354766-5b01-4d2a-9533-f00d58dd342c,f5963936-9e64-4d38-bd67-8490e7b3a302,Daughter,Female child,ˈdɔ.tɚ,noun,She has daughters.,Con gái,Đứa con nữ,,,true,2026-03-26 14:30:40.658877,2026-03-26 14:30:40.658877
8c41db1f-777e-45b9-a121-23a93959721e,34931917-34dc-4ea8-af60-d0d01b00cc86,negotiation,discussion to reach agreement,/negotiation/,danh từ,negotiation example,negotiation,Một khái niệm liên quan đến business,,,true,2026-03-18 23:27:06.141,2026-03-18 23:27:06.141
8c4eca2b-8916-476b-af4e-31a7ddee97c8,a844c983-7824-498a-811d-ed90b6d6f9e1,market,place for buying and selling,/market/,danh từ,market example,chợ,Một khái niệm liên quan đến shopping,,,true,2026-03-18 23:27:06.141,2026-03-18 23:27:06.141
8c69ec5a-a6e0-49cd-9aa8-10eea033d60e,4a545b1d-d759-4331-b1c8-6619db4b1e87,Jealous,Feeling envy,ˈdʒɛl.əs,adjective,Jealous sister.,Ghen tị,Cảm giác ghen,,,true,2026-03-26 14:30:40.658877,2026-03-26 14:30:40.658877
8c710302-3980-485f-b442-bf8384db9183,a844c983-7824-498a-811d-ed90b6d6f9e1,expensive,costs a lot of money,/expensive/,danh từ,expensive example,expensive,Một khái niệm liên quan đến shopping,,,true,2026-03-18 23:27:06.141,2026-03-18 23:27:06.141
8ca43cf7-f8ed-44a8-a4aa-55722a135d38,ed55870d-2fd2-4ba1-b0aa-7a280a6cd587,Virtue,Moral quality,ˈvɝ.tʃu,noun,Virtue happiness path.,Đức hạnh,Phẩm chất,,,true,2026-03-26 14:30:40.658877,2026-03-26 14:30:40.658877
8caf183a-5c10-4326-b582-0a244b5d064e,f3aaed13-86c6-49be-8f73-c117a646f1ff,Sad,Feeling sorrow,sæd,adjective,He feels sad loss.,Buồn,Cảm giác buồn,,,true,2026-03-26 14:30:40.658877,2026-03-26 14:30:40.658877
8cbff0d3-319d-4425-8d02-7efde66c314d,205b1709-dae5-421b-b2ec-7bfd6528a0ea,Please,Polite request,pliz,adverb,Please pass salt.,Vui lòng,Yêu cầu lịch sự,,,true,2026-03-26 14:30:40.658877,2026-03-26 14:30:40.658877
8ce9947c-d9f9-44b6-bfa2-db2ff8f5ee0f,dd56df6c-e0c0-44a9-b706-28b5106b1978,Metaphysics,Reality study,ˌmɛt.əˈfɪz.ɪks,noun,Metaphysics questions.,Siêu hình,Thực tại,,,true,2026-03-26 14:30:40.658877,2026-03-26 14:30:40.658877
8d0adf48-5ca4-4c88-a178-189cfe366990,b317a1e7-1993-43b0-bb4d-84738612837c,Logic,Reasoning system,ˈlɑdʒ.ɪk,noun,Logic basis philosophy.,Lôgic,Hệ thống,,,true,2026-03-26 14:30:40.658877,2026-03-26 14:30:40.658877
8d532faf-cefd-45a4-ab91-c2f843bd5136,861b28e6-a21c-4b16-8250-0228c87f55b4,Thousand,Number 1000,ˈθaʊ.zənd,number,One thousand people.,Nghìn,Số 1000,,,true,2026-03-26 14:30:40.658877,2026-03-26 14:30:40.658877
8d605050-8cd2-476c-a08c-e313d912929a,e1c6a531-951b-49e8-a205-ed0b9486f723,Existence,State being,ɪɡˈzɪs.təns,noun,Existence God debated.,Tồn tại,Trạng thái hiện,,,true,2026-03-26 14:30:40.658877,2026-03-26 14:30:40.658877
8d616262-5fab-47d6-988a-2b27dc815459,68cc7887-5460-44f9-a583-9dbf0e95b24d,Metaphysics,Reality study,ˌmɛt.əˈfɪz.ɪks,noun,Metaphysics questions.,Siêu hình,Thực tại,,,true,2026-03-26 14:30:40.658877,2026-03-26 14:30:40.658877
8d75fa25-9038-404a-bdab-07a003a7a985,474d17e5-c32b-4585-9bfd-feefa44aa3a8,Nihilism,Nothing meaning belief,ˈnaɪ.ə.lɪz.əm,noun,Nihilism values denies.,Vô chủ nghĩa,Niềm tin,,,true,2026-03-26 14:30:40.658877,2026-03-26 14:30:40.658877
8d8b6107-fb4a-4289-9ced-40e6ea343757,eb6906e7-a8e8-4b94-9da9-59a659e92fda,cool,slightly cold temperature,/cool/,danh từ,Evening is cool,mát,nhiệt độ hơi lạnh,,,true,2026-03-18 23:26:07.668,2026-03-18 23:26:07.668
8d8ff67d-6e59-48f4-9045-455a6af5305b,dab29c7e-633e-4611-83f9-6a1781fed230,Logic,Reasoning system,ˈlɑdʒ.ɪk,noun,Logic basis philosophy.,Lôgic,Hệ thống,,,true,2026-03-26 14:30:40.658877,2026-03-26 14:30:40.658877
8dc0681f-c9bd-4a9c-a339-140ade7e6ea5,444c779c-e14e-4d61-8461-f6ecf6ddf27b,Sad,Feeling sorrow,sæd,adjective,He feels sad loss.,Buồn,Cảm giác buồn,,,true,2026-03-26 14:30:40.658877,2026-03-26 14:30:40.658877
8ddb2ed7-babb-4dfb-9e20-8610c1cd8c3e,d57a850d-30c0-4988-a53f-fc9638884178,Vice,Moral fault,vaɪs,noun,Vice unhappiness.,Tội lỗi,Lỗi đạo,,,true,2026-03-26 14:30:40.658877,2026-03-26 14:30:40.658877
8de07bfc-d28f-4bcd-9189-40f40263fff4,cdbc767d-9b38-4792-a420-be0b00b83339,Husband,Married man,ˈhʌz.bənd,noun,Her husband is doctor.,Chồng,Người đàn ông kết,,,true,2026-03-26 14:30:40.658877,2026-03-26 14:30:40.658877
8de3aa84-00f9-4e2d-a59e-10880c74280d,89da3255-c13a-4384-9292-e7a67b866ee0,Existence,State being,ɪɡˈzɪs.təns,noun,Existence God debated.,Tồn tại,Trạng thái hiện,,,true,2026-03-26 14:30:40.658877,2026-03-26 14:30:40.658877
8e066e00-adf5-446e-908b-5cad6c801d3a,923f19cb-bd8c-4b71-b762-0f409c965762,Pragmatism,Results based,ˈpræɡ.mə.tɪz.əm,noun,Pragmatism results.,Thực dụng,Dựa trên,,,true,2026-03-26 14:30:40.658877,2026-03-26 14:30:40.658877
8e2a383b-c618-4f9a-a905-faca514d3b5c,69d16e3e-74ca-45eb-8c06-8cef65b85134,Ontology,Existence study,ɑnˈtɑl.ə.dʒi,noun,Ontology explores reality.,Bản thể luận,Sự tồn tại,,,true,2026-03-26 14:30:40.658877,2026-03-26 14:30:40.658877
8e77c9f0-d792-4b50-bf0e-bb014cab7beb,0a01cbc9-8eaf-40d0-85f9-f4ad9a7fd19c,Metaphor,Comparison unlike things,ˈmɛt.ə.fɔr,noun,Time is a metaphor.,Ẩn dụ,So sánh hai thứ,,,true,2026-03-26 14:30:40.658877,2026-03-26 14:30:40.658877
8e7ec403-9334-49ea-9795-6757b478dcda,644fe377-999e-4856-ae36-3bbea5352c69,Aunt,Parent sister,ænt,noun,Aunt bakes cakes.,Cô dì,Chị em bố mẹ,,,true,2026-03-26 14:30:40.658877,2026-03-26 14:30:40.658877
8e84c785-9d25-41e0-86ee-d465bc945adc,3ea443f8-3295-449b-9410-9f7a9062bdb4,Son,Male child,sʌn,noun,He has son.,Con trai,Đứa con nam,,,true,2026-03-26 14:30:40.658877,2026-03-26 14:30:40.658877
8e917ce9-1ad4-4cde-99a7-7cfc0b63a999,2d825671-b231-4d6a-9c0c-5ec2fa5d7d70,Sister,Female sibling,ˈsɪs.tɚ,noun,My sister likes reading.,Chị em gái,Chị em gái,,,true,2026-03-26 14:30:40.658877,2026-03-26 14:30:40.658877
8ed0a99d-3649-4379-ab0c-7a01a3c7b36c,3190f865-ff2e-4de4-8878-b0a874c044ac,anxious,feeling of worry,/anxious/,danh từ,anxious example,anxious,Một khái niệm liên quan đến emotions,,,true,2026-03-18 23:27:06.141,2026-03-18 23:27:06.141
8f1dd277-ae97-4410-9cf1-a87ca7082a86,444c779c-e14e-4d61-8461-f6ecf6ddf27b,Worried,Feeling anxiety,ˈwɝ.id,adjective,Worried exam.,Lo lắng,Cảm giác lo,,,true,2026-03-26 14:30:40.658877,2026-03-26 14:30:40.658877
8f375803-d6e3-47ec-b4d2-0e9edfe3d802,1a91724d-2d99-4c3f-a140-ea1e6c617aeb,Thousand,Number 1000,ˈθaʊ.zənd,number,One thousand people.,Nghìn,Số 1000,,,true,2026-03-26 14:30:40.658877,2026-03-26 14:30:40.658877
8f4762ad-8f13-45c4-9eb1-f4a49f263ec1,41b7f321-295c-488c-af33-14211bb75fa7,Aunt,Parent sister,ænt,noun,Aunt bakes cakes.,Cô dì,Chị em bố mẹ,,,true,2026-03-26 14:30:40.658877,2026-03-26 14:30:40.658877
8f6065fc-644a-466e-af90-0af1d4140050,e1c6a531-951b-49e8-a205-ed0b9486f723,Aesthetics,Beauty study,ɛsˈθɛt.ɪks,noun,Aesthetics beauty.,Thẩm mỹ,Nghiên cứu,,,true,2026-03-26 14:30:40.658877,2026-03-26 14:30:40.658877
8f6b7e01-003b-4537-a399-c0dd88b540b5,faf4d62d-4fb0-4373-8fd4-3a5360963de1,Confused,Feeling bewilderment,kənˈfjuzd,adjective,Confused instructions.,Bối rối,Cảm giác bối,,,true,2026-03-26 14:30:40.658877,2026-03-26 14:30:40.658877
8f767298-b564-4bb0-9de9-5b3ca811b936,169b29f8-cd25-4fd5-9e0c-bcf9fdd56b6a,Good morning,Morning greeting,ˌɡʊd ˈmɔr.nɪŋ,phrase,Good morning today.,Chào sáng,Lời chào sáng,,,true,2026-03-26 14:30:40.658877,2026-03-26 14:30:40.658877
8fa49214-a6fc-4d69-ac04-e8415a41f4ee,859a1e12-e633-40e5-b4e2-b7e9dfd2a7d7,crimson,a deep red color; a rich dark red,ˈkrɪzmən,danh từ,Dark red roses,màu đỏ sậm,Một màu đỏ sâu; một màu đỏ giàu có tối,,,true,2026-03-18 23:22:53.645,2026-03-18 23:22:53.645
8fb89735-3ed3-47f7-9fe7-fce63f93685c,8f558c2d-9555-4f2e-a822-5c74891ffe67,Please,Polite request,pliz,adverb,Please pass salt.,Vui lòng,Yêu cầu lịch sự,,,true,2026-03-26 14:30:40.658877,2026-03-26 14:30:40.658877
9009242b-7b15-43f4-86ab-1c90ae93471b,cdf5e6d8-efec-4421-8c70-814cd0fff4e7,salary,regular payment for work,/salary/,danh từ,salary example,salary,Một khái niệm liên quan đến finance,,,true,2026-03-18 23:27:06.141,2026-03-18 23:27:06.141
901db1a4-bb24-4a2b-ae54-d8b27449283d,cc221d3d-60b1-4412-953e-65d4d427c9fc,Excuse me,Get attention,ɪkˈskjuz mi,phrase,"Excuse me, bathroom?",Xin lỗi,Kêu gọi sự chú ý,,,true,2026-03-26 14:30:40.658877,2026-03-26 14:30:40.658877
902be13b-9bd7-4d4f-840b-2d4516e2c1c2,4e41fc79-f556-476c-b28f-f579df42a2ba,Please,Polite request,pliz,adverb,Please pass salt.,Vui lòng,Yêu cầu lịch sự,,,true,2026-03-26 14:30:40.658877,2026-03-26 14:30:40.658877
90317dc6-a591-4cac-b8d5-9f545ce74044,81af8b32-9da0-4143-8743-6fdc051fac85,Sorry,Apologize,ˈsɑr.i,adjective,"Sorry, I hurried.",Xin lỗi,Lời xin lỗi,,,true,2026-03-26 14:30:40.658877,2026-03-26 14:30:40.658877
906d65ff-1893-4226-897a-3eabf1f33d50,113a8d3e-ddda-4419-9a38-fde75df58c3e,Scared,Feeling fear,skɛrd,adjective,Child scared dark.,Sợ,Cảm giác sợ,,,true,2026-03-26 14:30:40.658877,2026-03-26 14:30:40.658877
907f4300-befa-4b67-8028-4d749d4638a3,bced27c8-2c20-4107-bf2d-2dfe46687373,Mother,Female parent,ˈmʌð.ɚ,noun,My mother is kind.,Mẹ,Cha mẹ nữ,,,true,2026-03-26 14:30:40.658877,2026-03-26 14:30:40.658877
90c6cdf6-4ba3-4cfa-b279-1f8cbebfcf77,1e70a4e8-5e55-4666-9f9b-2ba140d9031b,manager,person who supervises workers,/manager/,danh từ,manager example,manager,Một khái niệm liên quan đến jobs,,,true,2026-03-18 23:27:06.141,2026-03-18 23:27:06.141
90c83a9b-a1b4-4f92-88f9-e30a17935351,2f78ac95-e536-4cc1-bd0e-e350497283ee,Husband,Married man,ˈhʌz.bənd,noun,Her husband is doctor.,Chồng,Người đàn ông kết,,,true,2026-03-26 14:30:40.658877,2026-03-26 14:30:40.658877
90ca075a-8fe9-4721-9166-7a7abb7a5cec,be4596fe-4524-4164-9f6e-3ca16a48abc4,Welcome,Greet visitor,ˈwɛl.kəm,interjection,Welcome home!,Chào mừng,Lời chào mừng,,,true,2026-03-26 14:30:40.658877,2026-03-26 14:30:40.658877
911514de-6d2f-4fec-a9b7-2045fe47559a,84b45efa-148b-4307-94b0-ebaae6c7b32a,Epistemology,Knowledge study,ˌɛp.ɪ.stəˈmɑl.ə.dʒi,noun,Epistemology knowledge.,Nhận thức luận,Nghiên cứu,,,true,2026-03-26 14:30:40.658877,2026-03-26 14:30:40.658877
91165fd3-10ff-43e4-9c05-b6a6a56815de,41b7f321-295c-488c-af33-14211bb75fa7,Baby,Young child,ˈbeɪ.bi,noun,Baby is sleeping.,Em bé,Trẻ sơ sinh,,,true,2026-03-26 14:30:40.658877,2026-03-26 14:30:40.658877
912dd7c9-448a-407c-abd5-d5a90e13feab,23517e96-f9dd-4318-8b61-083c140556f8,Metaphysics,Reality study,ˌmɛt.əˈfɪz.ɪks,noun,Metaphysics questions.,Siêu hình,Thực tại,,,true,2026-03-26 14:30:40.658877,2026-03-26 14:30:40.658877
916b06fa-1b6f-4c85-9888-35ac9fabad87,f2546e9a-13dd-460f-97a6-4a9d4903e6be,Relaxed,Feeling calmness,rɪˈlækst,adjective,Relaxed home.,Thư thái,Cảm giác calm,,,true,2026-03-26 14:30:40.658877,2026-03-26 14:30:40.658877
9179856b-a306-4dae-9886-7b8f617ab9e0,d5b49957-9ff7-450f-ae5b-da190b021f76,Excuse me,Get attention,ɪkˈskjuz mi,phrase,"Excuse me, bathroom?",Xin lỗi,Kêu gọi sự chú ý,,,true,2026-03-26 14:30:40.658877,2026-03-26 14:30:40.658877
9195b5c1-7b38-4d0e-81a3-314ee5b020b8,819c177f-eeaa-482b-9a10-e90cca890e76,Happy,Feeling joy,ˈhæp.i,adjective,I am happy today.,Vui,Cảm giác vui,,,true,2026-03-26 14:30:40.658877,2026-03-26 14:30:40.658877
91cbb192-1765-4822-a40d-d834f418fdc7,88443e68-aebe-44f0-800c-c17266b21ff9,Scared,Feeling fear,skɛrd,adjective,Child scared dark.,Sợ,Cảm giác sợ,,,true,2026-03-26 14:30:40.658877,2026-03-26 14:30:40.658877
91d396c0-8d27-4c54-a876-0c8087728bbb,34931917-34dc-4ea8-af60-d0d01b00cc86,contract,legal agreement,/contract/,danh từ,contract example,contract,Một khái niệm liên quan đến business,,,true,2026-03-18 23:27:06.141,2026-03-18 23:27:06.141
92133927-e456-4a99-b2ca-f23156f4dd8d,861b28e6-a21c-4b16-8250-0228c87f55b4,Twenty,Number 20,ˈtwɛn.ti,number,I have twenty dollars.,Hai mươi,Số 20,,,true,2026-03-26 14:30:40.658877,2026-03-26 14:30:40.658877
9219fb2f-7617-49dd-80c9-b839c0ed0ed4,68cc7887-5460-44f9-a583-9dbf0e95b24d,Ethics,Moral principles,ˈɛθ.ɪks,noun,Ethics guide decisions.,Đạo đức,Nguyên tắc,,,true,2026-03-26 14:30:40.658877,2026-03-26 14:30:40.658877
921e1a52-68ff-44d8-8f38-c29433cea4ff,484c0e0d-e1af-4005-87ba-675dd65a4bae,Baby,Young child,ˈbeɪ.bi,noun,Baby is sleeping.,Em bé,Trẻ sơ sinh,,,true,2026-03-26 14:30:40.658877,2026-03-26 14:30:40.658877
92268d87-f139-4996-91f4-86ade4d415e6,3190f865-ff2e-4de4-8878-b0a874c044ac,sad,feeling of sorrow,/sad/,danh từ,sad example,buồn,Một khái niệm liên quan đến emotions,,,true,2026-03-18 23:27:06.141,2026-03-18 23:27:06.141
925f1a83-8717-45dc-9496-0b86d6e3c680,3190f865-ff2e-4de4-8878-b0a874c044ac,calm,feeling of peace,/calm/,danh từ,calm example,calm,Một khái niệm liên quan đến emotions,,,true,2026-03-18 23:27:06.141,2026-03-18 23:27:06.141
928067c9-93ec-4dec-b2e9-981fae8c8059,9c08d2d5-ab12-4b90-9273-35e16928fd20,Father,Male parent,ˈfɑ.ðɚ,noun,My father works hard.,Bố,Cha mẹ nam,,,true,2026-03-26 14:30:40.658877,2026-03-26 14:30:40.658877
92bae5ec-2d1f-4bba-aaa4-819656a50ea8,306cd435-7556-4ca6-b508-0a5dfdec7100,Twenty,Number 20,ˈtwɛn.ti,number,I have twenty dollars.,Hai mươi,Số 20,,,true,2026-03-26 14:30:40.658877,2026-03-26 14:30:40.658877
92c525da-77a9-4646-b0d8-63b19eef3f86,fed0d635-a1bb-4732-bb7a-b8caf4c21b12,trip,journey to a destination,/trip/,danh từ,trip example,trip,Một khái niệm liên quan đến travel,,,true,2026-03-18 23:27:06.141,2026-03-18 23:27:06.141
931f317d-f03d-4c3b-aec3-fe109e0ecd2e,484c0e0d-e1af-4005-87ba-675dd65a4bae,Aunt,Parent sister,ænt,noun,Aunt bakes cakes.,Cô dì,Chị em bố mẹ,,,true,2026-03-26 14:30:40.658877,2026-03-26 14:30:40.658877
9337b9a3-176a-4d3b-83eb-962b40d35a6f,f25b9620-2fc5-4079-8647-8f5dbf5ca619,computer,electronic device for processing,/computer/,danh từ,computer example,máy tính,Một khái niệm liên quan đến technology,,,true,2026-03-18 23:27:06.141,2026-03-18 23:27:06.141
93738931-bc3c-474f-a4a6-800a41f044ea,73f5c5b2-5c82-4434-bcef-a0ad0e5d7de5,Mother,Female parent,ˈmʌð.ɚ,noun,My mother is kind.,Mẹ,Cha mẹ nữ,,,true,2026-03-26 14:30:40.658877,2026-03-26 14:30:40.658877
938ba216-0206-41b0-804d-0ce457e75e92,0ceda941-9b55-403f-abf7-fb080315789d,september,the ninth month of the year; autumn month,sebˈtembər,danh từ,September leaves fall,tháng chín,Tháng thứ chín của năm; tháng mùa thu,,,true,2026-03-18 23:22:53.645,2026-03-18 23:22:53.645
93b3be5c-16db-45a8-b22b-58f84d6a3ea1,a27485a8-7d88-47ed-8ce5-93266a425c11,Consciousness,Awareness self,ˈkɑn.ʃəs.nəs,noun,Consciousness mysterious.,Ý thức,Nhận thức,,,true,2026-03-26 14:30:40.658877,2026-03-26 14:30:40.658877
93bf7778-efb2-4397-9a62-5b07b923dee7,aa794f3a-f98a-43df-8271-67b923f0f383,Excited,Feeling enthusiasm,ɪkˈsaɪ.tɪd,adjective,I excited trip.,Phấn khích,Cảm giác hạnh,,,true,2026-03-26 14:30:40.658877,2026-03-26 14:30:40.658877
93c521d5-056f-46d4-8f1d-89bb50f0dbfd,cf8c05bc-3687-4329-be42-38da0c0125ca,Existentialism,Existence philosophy,ˌɛɡ.zɪˈstɛn.ʃə.lɪz.əm,noun,Existentialism freedom.,Hiện sinh chủ,Triết học,,,true,2026-03-26 14:30:40.658877,2026-03-26 14:30:40.658877
93ca49b5-d946-4c3b-a1d1-c7bb2b247f64,faf4d62d-4fb0-4373-8fd4-3a5360963de1,Lonely,Feeling isolation,ˈloʊn.li,adjective,She lonely sometimes.,Cô đơn,Cảm giác cô,,,true,2026-03-26 14:30:40.658877,2026-03-26 14:30:40.658877
93cb84a7-1cc2-4155-a0cc-4f1d80c49b33,a58554ec-5e72-4981-b30c-ce5f10aee993,Metaphysics,Reality study,ˌmɛt.əˈfɪz.ɪks,noun,Metaphysics questions.,Siêu hình,Thực tại,,,true,2026-03-26 14:30:40.658877,2026-03-26 14:30:40.658877
93f62086-c854-4c51-bb13-857f2c6aee73,ed55870d-2fd2-4ba1-b0aa-7a280a6cd587,Dialectic,Argument method,daɪˈælɛk.tɪk,noun,Hegel dialectic used.,Biện luận,Phương pháp,,,true,2026-03-26 14:30:40.658877,2026-03-26 14:30:40.658877
9417ac26-1e22-4637-b6a5-db0c5d5cc48f,afa3e499-8717-431c-93a3-3d851d68fc7e,Sister,Female sibling,ˈsɪs.tɚ,noun,My sister likes reading.,Chị em gái,Chị em gái,,,true,2026-03-26 14:30:40.658877,2026-03-26 14:30:40.658877
941e21af-62d4-475a-9a6a-2f79fa0747e3,c1c8f750-8c0e-4b88-89d9-149307fdb3e2,gardening,growing plants for pleasure,/gardening/,danh từ,gardening example,gardening,Một khái niệm liên quan đến hobbies,,,true,2026-03-18 23:27:06.141,2026-03-18 23:27:06.141
944245bf-9693-4d39-9ec3-49d827a159ba,f3aaed13-86c6-49be-8f73-c117a646f1ff,Happy,Feeling joy,ˈhæp.i,adjective,I am happy today.,Vui,Cảm giác vui,,,true,2026-03-26 14:30:40.658877,2026-03-26 14:30:40.658877
94502fb4-0a30-4a86-beb6-9e766dd48646,48adeeb4-ea05-4c89-95d1-7c278e83dedb,Pragmatism,Results based,ˈpræɡ.mə.tɪz.əm,noun,Pragmatism results.,Thực dụng,Dựa trên,,,true,2026-03-26 14:30:40.658877,2026-03-26 14:30:40.658877
9472013d-f86a-42aa-bc60-a255dba5c2d3,8f558c2d-9555-4f2e-a822-5c74891ffe67,Good morning,Morning greeting,ˌɡʊd ˈmɔr.nɪŋ,phrase,Good morning today.,Chào sáng,Lời chào sáng,,,true,2026-03-26 14:30:40.658877,2026-03-26 14:30:40.658877
94881862-6cc8-48fa-bc3b-756cbaa8496c,3190f865-ff2e-4de4-8878-b0a874c044ac,disappointed,feeling of letdown,/disappointed/,danh từ,disappointed example,disappointed,Một khái niệm liên quan đến emotions,,,true,2026-03-18 23:27:06.141,2026-03-18 23:27:06.141
94afc2d0-6fd5-41df-8dc2-e8ef6ee7ba97,f2867ff8-da21-42e1-ad58-ff38fa6324b8,Husband,Married man,ˈhʌz.bənd,noun,Her husband is doctor.,Chồng,Người đàn ông kết,,,true,2026-03-26 14:30:40.658877,2026-03-26 14:30:40.658877
94c7d140-64f0-411a-8916-4a1e7c40c4d8,d33c8d93-322e-4680-b491-2ce58f9bc75f,Consciousness,Awareness self,ˈkɑn.ʃəs.nəs,noun,Consciousness mysterious.,Ý thức,Nhận thức,,,true,2026-03-26 14:30:40.658877,2026-03-26 14:30:40.658877
94f1103d-2b3b-4721-8a66-7a1fe7b86dcd,764cc2ce-f217-4c78-9799-04685ba95ab7,tie,a strip worn around neck,taɪ,danh từ,Red tie with suit,cravat,dải quần áo mặc quanh cổ,,,true,2026-03-18 23:26:07.668,2026-03-18 23:26:07.668
94f322dc-0a7e-4f14-ad34-0add11a263c1,dd37cd9c-fd13-43c8-8f32-cc50a38476a0,Ontology,Existence study,ɑnˈtɑl.ə.dʒi,noun,Ontology explores reality.,Bản thể luận,Sự tồn tại,,,true,2026-03-26 14:30:40.658877,2026-03-26 14:30:40.658877
950cc687-613d-4730-81e2-fa56d3efd348,84b45efa-148b-4307-94b0-ebaae6c7b32a,Metaphysics,Reality study,ˌmɛt.əˈfɪz.ɪks,noun,Metaphysics questions.,Siêu hình,Thực tại,,,true,2026-03-26 14:30:40.658877,2026-03-26 14:30:40.658877
95143e27-c6a2-42d4-b179-829371e0b84f,861b28e6-a21c-4b16-8250-0228c87f55b4,Twelve,Number 12,twɛlv,number,Twelve months here.,Mười hai,Số 12,,,true,2026-03-26 14:30:40.658877,2026-03-26 14:30:40.658877
951b1e7b-8e2e-41fa-9573-b21b11c4c448,7cf8f06f-0441-4076-a651-76da132eb2bf,Eight,Number 8,eɪt,number,I have eight pens.,Tám,Số 8,,,true,2026-03-26 14:30:40.658877,2026-03-26 14:30:40.658877
9527daf9-c34e-440e-9afe-2802cfff64ab,d5b49957-9ff7-450f-ae5b-da190b021f76,Have nice day,Wishful farewell,ˌhæv ə ˌnaɪs ˈdeɪ,phrase,Have nice day!,Chúc ngày tốt,Lời chúc,,,true,2026-03-26 14:30:40.658877,2026-03-26 14:30:40.658877
9557b975-2914-4cfb-a847-597881a80c6e,29889dcf-a772-4499-bf3b-826af93ea3b0,Confident,Feeling self belief,ˈkɑn.fɪ.dənt,adjective,Confident skills.,Tự tin,Cảm giác tin,,,true,2026-03-26 14:30:40.658877,2026-03-26 14:30:40.658877
955c770f-4290-4826-928a-694788752692,b48f8788-ab02-4e87-a86b-e4cda07b2a8d,Husband,Married man,ˈhʌz.bənd,noun,Her husband is doctor.,Chồng,Người đàn ông kết,,,true,2026-03-26 14:30:40.658877,2026-03-26 14:30:40.658877
959af079-904e-48d7-adf1-fad33ffb13e7,c4423548-9463-45ef-bc70-285c0c8c3ea1,Metaphysics,Reality study,ˌmɛt.əˈfɪz.ɪks,noun,Metaphysics questions.,Siêu hình,Thực tại,,,true,2026-03-26 14:30:40.658877,2026-03-26 14:30:40.658877
95bc7535-c486-4a1f-b981-acbcd463aa48,ff02df4a-ece1-4847-923b-0f9273cb89be,Tired,Feeling exhaustion,ˈtaɪɚd,adjective,I tired after work.,Mệt,Cảm giác mỏi,,,true,2026-03-26 14:30:40.658877,2026-03-26 14:30:40.658877
95dd261c-a776-411b-8866-7e51ebd17919,d5b49957-9ff7-450f-ae5b-da190b021f76,See you later,Casual goodbye,ˌsi juː ˈleɪ.tɚ,phrase,See you later!,Gặp lại,Tạm biệt,,,true,2026-03-26 14:30:40.658877,2026-03-26 14:30:40.658877
95e5963b-23eb-45f7-a32b-2b4b76e82a68,ff02df4a-ece1-4847-923b-0f9273cb89be,Scared,Feeling fear,skɛrd,adjective,Child scared dark.,Sợ,Cảm giác sợ,,,true,2026-03-26 14:30:40.658877,2026-03-26 14:30:40.658877
95e891e6-9502-4f7b-a65d-def69652d1df,411c419a-c126-40a3-bbe9-068a951b9026,Twenty,Number 20,ˈtwɛn.ti,number,I have twenty dollars.,Hai mươi,Số 20,,,true,2026-03-26 14:30:40.658877,2026-03-26 14:30:40.658877
95f23857-c8bd-4572-99e2-ee57c83791d9,bdace7d5-30a7-49fe-a09e-ea0657efb79d,strawberry,a small red fruit with seeds on the outside,ˈstrɔːberi,danh từ,Strawberries are sweet,dâu tây,Một quả nhỏ màu đỏ với hạt ở ngoài,,,true,2026-03-18 23:22:53.645,2026-03-18 23:22:53.645
95fd4a61-b010-4530-9535-09fa0c73ae37,9c08d2d5-ab12-4b90-9273-35e16928fd20,Sister,Female sibling,ˈsɪs.tɚ,noun,My sister likes reading.,Chị em gái,Chị em gái,,,true,2026-03-26 14:30:40.658877,2026-03-26 14:30:40.658877
963ba81c-2725-429f-939e-9e8261e426e9,e1c6a531-951b-49e8-a205-ed0b9486f723,Existentialism,Existence philosophy,ˌɛɡ.zɪˈstɛn.ʃə.lɪz.əm,noun,Existentialism freedom.,Hiện sinh chủ,Triết học,,,true,2026-03-26 14:30:40.658877,2026-03-26 14:30:40.658877
965d65d5-a5e9-4a4a-b24e-acb10f9f007a,afa3e499-8717-431c-93a3-3d851d68fc7e,Aunt,Parent sister,ænt,noun,Aunt bakes cakes.,Cô dì,Chị em bố mẹ,,,true,2026-03-26 14:30:40.658877,2026-03-26 14:30:40.658877
967e7c3e-4932-47cc-b76f-6acc969dd5ee,444c779c-e14e-4d61-8461-f6ecf6ddf27b,Ashamed,Feeling shame,əˈʃeɪmd,adjective,He ashamed behavior.,Xấu hổ,Cảm giác xấu,,,true,2026-03-26 14:30:40.658877,2026-03-26 14:30:40.658877
96940a63-df2e-4b61-96bf-a971d3f1de2a,306cd435-7556-4ca6-b508-0a5dfdec7100,Two,Number 2,tu,number,I have two dogs.,Hai,Số 2,,,true,2026-03-26 14:30:40.658877,2026-03-26 14:30:40.658877
969a6c75-44c7-4630-986d-c234f6c2b7d7,349e1df9-b9b6-4a64-ab4b-babd170cadc4,Twelve,Number 12,twɛlv,number,Twelve months here.,Mười hai,Số 12,,,true,2026-03-26 14:30:40.658877,2026-03-26 14:30:40.658877
969cdfed-c6a6-4da0-9a67-c9dfaf9db9e7,cf8c05bc-3687-4329-be42-38da0c0125ca,Dialectic,Argument method,daɪˈælɛk.tɪk,noun,Hegel dialectic used.,Biện luận,Phương pháp,,,true,2026-03-26 14:30:40.658877,2026-03-26 14:30:40.658877
96b4907b-b303-4e81-8bae-57e86f2a2bfc,1e70a4e8-5e55-4666-9f9b-2ba140d9031b,accountant,person who manages accounts,/accountant/,danh từ,accountant example,accountant,Một khái niệm liên quan đến jobs,,,true,2026-03-18 23:27:06.141,2026-03-18 23:27:06.141
96b75cb3-9418-4ac7-92fa-7b09e2c227d2,b16db79c-1b16-46bf-9bd8-3596a44d8609,Cousin,Relative child,ˈkʌz.ən,noun,My cousin lives nearby.,Em họ,Con chú dì,,,true,2026-03-26 14:30:40.658877,2026-03-26 14:30:40.658877
96b84177-5798-4d02-acd0-6b4a1f29ff04,0a01cbc9-8eaf-40d0-85f9-f4ad9a7fd19c,Symbolism,Using symbols to represent,ˈsɪm.bəl.ɪz.əm,noun,Poetry uses symbolism.,Tượng trưng,Dùng ký hiệu,,,true,2026-03-26 14:30:40.658877,2026-03-26 14:30:40.658877
96cd798b-d044-4ea4-b65f-6e4abce091d5,967cb953-d9f0-413d-9444-c2de97d17102,Nonfiction,Factual literature,nɑnˈfɪk.ʃən,noun,Nonfiction provides facts.,Tác phẩm thực,Văn học sự thật,,,true,2026-03-26 14:30:40.658877,2026-03-26 14:30:40.658877
96e6c9a2-c2a6-4076-aa4e-25f0b0767f5e,29889dcf-a772-4499-bf3b-826af93ea3b0,Relaxed,Feeling calmness,rɪˈlækst,adjective,Relaxed home.,Thư thái,Cảm giác calm,,,true,2026-03-26 14:30:40.658877,2026-03-26 14:30:40.658877
971a3c21-806a-47c2-a341-b475be660341,62e76fe1-bd25-4280-b7de-7e2e3dd35126,Logic,Reasoning system,ˈlɑdʒ.ɪk,noun,Logic basis philosophy.,Lôgic,Hệ thống,,,true,2026-03-26 14:30:40.658877,2026-03-26 14:30:40.658877
971b7f68-f0c1-4b63-999d-de8bae5d61ba,59baddf7-e856-4276-9fab-c2cbd73c8911,Sad,Feeling sorrow,sæd,adjective,He feels sad loss.,Buồn,Cảm giác buồn,,,true,2026-03-26 14:30:40.658877,2026-03-26 14:30:40.658877
971e8ad2-5caf-4460-adb9-16f6329320f3,0a01cbc9-8eaf-40d0-85f9-f4ad9a7fd19c,Novel,A long fictional story,nɑˈvɛl,noun,The novel was published.,Tiểu thuyết,Một bộ truyện,,,true,2026-03-26 14:30:40.658877,2026-03-26 14:30:40.658877
9723790a-5e46-4ba9-ab9e-9a9cf23acd7d,37f72f2b-f802-4bb4-91cd-72dbad87ecde,Four,Number 4,fɔr,number,I have four books.,Bốn,Số 4,,,true,2026-03-26 14:30:40.658877,2026-03-26 14:30:40.658877
97454a5d-8b15-4896-bd8e-03cc0fdf6302,0ceda941-9b55-403f-abf7-fb080315789d,date,a specific day of the month; the day and month of an event,deɪt,danh từ,Today is March 18,ngày tháng,Một ngày cụ thể của tháng; ngày và tháng của một sự kiện,,,true,2026-03-18 23:22:53.645,2026-03-18 23:22:53.645
9755bea3-9c85-45f6-8951-7480e83c7875,ce34e158-9a8f-400a-a082-d921b3afdb61,Thousand,Number 1000,ˈθaʊ.zənd,number,One thousand people.,Nghìn,Số 1000,,,true,2026-03-26 14:30:40.658877,2026-03-26 14:30:40.658877
975dd7f8-cdb7-4575-9ecc-8ae82a747fef,5dd944a2-6707-4592-a3c4-99c480de8197,Worried,Feeling anxiety,ˈwɝ.id,adjective,Worried exam.,Lo lắng,Cảm giác lo,,,true,2026-03-26 14:30:40.658877,2026-03-26 14:30:40.658877
9784ecd2-62f9-4cfc-963a-b9471c2552b9,48adeeb4-ea05-4c89-95d1-7c278e83dedb,Dialectic,Argument method,daɪˈælɛk.tɪk,noun,Hegel dialectic used.,Biện luận,Phương pháp,,,true,2026-03-26 14:30:40.658877,2026-03-26 14:30:40.658877
97d62e6e-1e16-4a3c-ba7c-cfdf0052d3df,b48f8788-ab02-4e87-a86b-e4cda07b2a8d,Father,Male parent,ˈfɑ.ðɚ,noun,My father works hard.,Bố,Cha mẹ nam,,,true,2026-03-26 14:30:40.658877,2026-03-26 14:30:40.658877
98105301-4792-4da5-b2ed-d6407f883807,59baddf7-e856-4276-9fab-c2cbd73c8911,Tired,Feeling exhaustion,ˈtaɪɚd,adjective,I tired after work.,Mệt,Cảm giác mỏi,,,true,2026-03-26 14:30:40.658877,2026-03-26 14:30:40.658877
981f2823-a086-4510-97fe-ecf1ada93224,f5963936-9e64-4d38-bd67-8490e7b3a302,Husband,Married man,ˈhʌz.bənd,noun,Her husband is doctor.,Chồng,Người đàn ông kết,,,true,2026-03-26 14:30:40.658877,2026-03-26 14:30:40.658877
982deb89-f3b0-4edc-ab6b-e97b20f0f78a,205b1709-dae5-421b-b2ec-7bfd6528a0ea,And you,Return greeting,ən juː,phrase,And you yourself?,Còn bạn,Trả lời chào,,,true,2026-03-26 14:30:40.658877,2026-03-26 14:30:40.658877
98347c22-985b-44e8-be30-6935cea7adc8,7cf8f06f-0441-4076-a651-76da132eb2bf,Ten,Number 10,tɛn,number,I have ten dollars.,Mười,Số 10,,,true,2026-03-26 14:30:40.658877,2026-03-26 14:30:40.658877
9868537c-21f8-4650-9ac1-3cb9c49a1a37,ad3e6677-2586-40ff-bd67-b5e6acd96ad7,Relaxed,Feeling calmness,rɪˈlækst,adjective,Relaxed home.,Thư thái,Cảm giác calm,,,true,2026-03-26 14:30:40.658877,2026-03-26 14:30:40.658877
986f28f8-5383-43b0-a4d8-df55eac90c2e,f2546e9a-13dd-460f-97a6-4a9d4903e6be,Proud,Feeling pride,praʊd,adjective,I proud you.,Tự hào,Cảm giác hạnh,,,true,2026-03-26 14:30:40.658877,2026-03-26 14:30:40.658877
98c0daf1-55f6-4835-835a-68d953a333c0,c4f69ac2-b089-44ca-a48e-67f1636f0314,brother,a male sibling; boy with same parents,ˈbrʌðər,danh từ,My brother is older,anh/em trai,Người anh nam hoặc em trai; nam với cùng cha mẹ,,,true,2026-03-18 23:22:53.645,2026-03-18 23:22:53.645
98e4e8e5-9760-4909-834b-67b6d57b3815,d5b49957-9ff7-450f-ae5b-da190b021f76,Thank you,Express gratitude,ˈθæŋk juː,phrase,Thank you for help.,Cảm ơn,Tỏ lòng biết ơn,,,true,2026-03-26 14:30:40.658877,2026-03-26 14:30:40.658877
98ed634e-da66-42c1-ba58-5146977bd02c,12c09afc-e4cd-4cc3-b911-1e5d9e07c387,Tired,Feeling exhaustion,ˈtaɪɚd,adjective,I tired after work.,Mệt,Cảm giác mỏi,,,true,2026-03-26 14:30:40.658877,2026-03-26 14:30:40.658877
98f12518-fe59-4c43-8d87-452f7f9979fa,3190f865-ff2e-4de4-8878-b0a874c044ac,happy,feeling of joy and pleasure,/happy/,danh từ,happy example,vui,Một khái niệm liên quan đến emotions,,,true,2026-03-18 23:27:06.141,2026-03-18 23:27:06.141
99192bf6-a1a8-43a0-b5fa-598e730ffd3d,0a01cbc9-8eaf-40d0-85f9-f4ad9a7fd19c,Plot,The sequence of events,plɑt,noun,The plot was exciting.,Cốt truyện,Dãy events,,,true,2026-03-26 14:30:40.658877,2026-03-26 14:30:40.658877
9921d0b2-7aa3-4b98-a25e-7f46a1e3cade,a6f9ef68-d647-4df6-9121-19ec9c0fee72,Sorry,Apologize,ˈsɑr.i,adjective,"Sorry, I hurried.",Xin lỗi,Lời xin lỗi,,,true,2026-03-26 14:30:40.658877,2026-03-26 14:30:40.658877
9960fa0c-a058-4a05-a7a1-98098af14e9b,a844c983-7824-498a-811d-ed90b6d6f9e1,free,no cost required,/free/,danh từ,free example,free,Một khái niệm liên quan đến shopping,,,true,2026-03-18 23:27:06.141,2026-03-18 23:27:06.141
99741b51-ace0-4869-9a5c-6eb73c395114,c93ab659-8f04-4947-b4fc-e9b66409b54f,Logic,Reasoning system,ˈlɑdʒ.ɪk,noun,Logic basis philosophy.,Lôgic,Hệ thống,,,true,2026-03-26 14:30:40.658877,2026-03-26 14:30:40.658877
998eab93-b25c-4b70-915b-65f6f9319167,f2546e9a-13dd-460f-97a6-4a9d4903e6be,Happy,Feeling joy,ˈhæp.i,adjective,I am happy today.,Vui,Cảm giác vui,,,true,2026-03-26 14:30:40.658877,2026-03-26 14:30:40.658877
999c2fc8-1702-4a49-a8bb-3ee5e950dcf6,474d17e5-c32b-4585-9bfd-feefa44aa3a8,Virtue,Moral quality,ˈvɝ.tʃu,noun,Virtue happiness path.,Đức hạnh,Phẩm chất,,,true,2026-03-26 14:30:40.658877,2026-03-26 14:30:40.658877
99e8283f-29d0-4891-82cf-a043ce1b5222,81aeef50-eae8-4ff2-941c-b321e482e121,Pragmatism,Results based,ˈpræɡ.mə.tɪz.əm,noun,Pragmatism results.,Thực dụng,Dựa trên,,,true,2026-03-26 14:30:40.658877,2026-03-26 14:30:40.658877
99f86f72-9fc6-46b5-b963-bcb2dce42340,f46a14f4-283c-4d9b-b52b-76e8648d68c4,Existentialism,Existence philosophy,ˌɛɡ.zɪˈstɛn.ʃə.lɪz.əm,noun,Existentialism freedom.,Hiện sinh chủ,Triết học,,,true,2026-03-26 14:30:40.658877,2026-03-26 14:30:40.658877
9a03547c-eb92-45d5-8495-cf55442b6098,113a8d3e-ddda-4419-9a38-fde75df58c3e,Amazed,Feeling wonder,əˈmeɪzd,adjective,I amazed view.,Kinh ngạc,Cảm giác bất,,,true,2026-03-26 14:30:40.658877,2026-03-26 14:30:40.658877
9a2f89b0-0799-4463-8936-9ed1b4af8341,81af8b32-9da0-4143-8743-6fdc051fac85,Welcome,Greet visitor,ˈwɛl.kəm,interjection,Welcome home!,Chào mừng,Lời chào mừng,,,true,2026-03-26 14:30:40.658877,2026-03-26 14:30:40.658877
9a5ac79a-da1f-4a79-a69c-3234a4d4b6ab,b317a1e7-1993-43b0-bb4d-84738612837c,Nihilism,Nothing meaning belief,ˈnaɪ.ə.lɪz.əm,noun,Nihilism values denies.,Vô chủ nghĩa,Niềm tin,,,true,2026-03-26 14:30:40.658877,2026-03-26 14:30:40.658877
9a682ebb-3f54-4daa-a8dc-fd5adf201550,5dd944a2-6707-4592-a3c4-99c480de8197,Confused,Feeling bewilderment,kənˈfjuzd,adjective,Confused instructions.,Bối rối,Cảm giác bối,,,true,2026-03-26 14:30:40.658877,2026-03-26 14:30:40.658877
9a6974ea-62ca-4c31-bac5-950cc9b505e9,69d16e3e-74ca-45eb-8c06-8cef65b85134,Nihilism,Nothing meaning belief,ˈnaɪ.ə.lɪz.əm,noun,Nihilism values denies.,Vô chủ nghĩa,Niềm tin,,,true,2026-03-26 14:30:40.658877,2026-03-26 14:30:40.658877
9abd4fae-df15-4036-bb2f-64b052098695,5ff5c9d7-f265-4925-88c7-c44b7ae1e531,nose,organ for smelling,noʊz,danh từ,Small nose,mũi,cơ quan ngửi thơm,,,true,2026-03-18 23:26:07.668,2026-03-18 23:26:07.668
9ac87d8d-c0a6-4900-b201-815af70ad051,65b2fc5a-c86b-4f36-8107-f8ee0ebe5d78,Please,Polite request,pliz,adverb,Please pass salt.,Vui lòng,Yêu cầu lịch sự,,,true,2026-03-26 14:30:40.658877,2026-03-26 14:30:40.658877
9b0c11a6-ab28-44a4-82c6-3e546bc44d01,faf4d62d-4fb0-4373-8fd4-3a5360963de1,Angry,Feeling rage,ˈæŋ.ɡri,adjective,She is angry us.,Tức giận,Cảm giác giận,,,true,2026-03-26 14:30:40.658877,2026-03-26 14:30:40.658877
9b14f242-af34-423b-96f7-57effd12bab8,c326f285-fc07-4764-a284-b7222d917173,Son,Male child,sʌn,noun,He has son.,Con trai,Đứa con nam,,,true,2026-03-26 14:30:40.658877,2026-03-26 14:30:40.658877
9b34da54-11fe-4eca-8ff6-dc2e28ed7b00,37f72f2b-f802-4bb4-91cd-72dbad87ecde,Six,Number 6,sɪks,number,I have six apples.,Sáu,Số 6,,,true,2026-03-26 14:30:40.658877,2026-03-26 14:30:40.658877
9b519c62-2c90-4f5b-9a4e-3ff3a6279574,0ceda941-9b55-403f-abf7-fb080315789d,april,the fourth month of the year; spring month,ˈeɪprəl,danh từ,April is warm,tháng tư,Tháng thứ tư của năm; tháng mùa xuân,,,true,2026-03-18 23:22:53.645,2026-03-18 23:22:53.645
9bb134f2-a93d-4acb-9c0c-0d276c309326,34931917-34dc-4ea8-af60-d0d01b00cc86,customer,person buying goods or services,/customer/,danh từ,customer example,customer,Một khái niệm liên quan đến business,,,true,2026-03-18 23:27:06.141,2026-03-18 23:27:06.141
9beafbe3-9649-4b22-aa73-7c46b9fd2c2f,34931917-34dc-4ea8-af60-d0d01b00cc86,supplier,provider of goods or services,/supplier/,danh từ,supplier example,supplier,Một khái niệm liên quan đến business,,,true,2026-03-18 23:27:06.141,2026-03-18 23:27:06.141
9c03f5db-fa25-40f8-8066-67413a2bf093,c1c8f750-8c0e-4b88-89d9-149307fdb3e2,drawing,creating images with pencil,/drawing/,danh từ,drawing example,drawing,Một khái niệm liên quan đến hobbies,,,true,2026-03-18 23:27:06.141,2026-03-18 23:27:06.141
9c4754a3-cffb-4066-a774-4ddf8e8dc659,81af8b32-9da0-4143-8743-6fdc051fac85,Excuse me,Get attention,ɪkˈskjuz mi,phrase,"Excuse me, bathroom?",Xin lỗi,Kêu gọi sự chú ý,,,true,2026-03-26 14:30:40.658877,2026-03-26 14:30:40.658877
9c64d089-8fb6-4704-a825-b8d407052c21,9746df2b-8bde-432c-ab17-aac73f51c1f6,wrestling,combat by grappling,/wrestling/,danh từ,wrestling example,wrestling,Một khái niệm liên quan đến sports,,,true,2026-03-18 23:27:06.141,2026-03-18 23:27:06.141
9c88a281-51ad-43e1-abc6-9cc18fa88b5a,ce34e158-9a8f-400a-a082-d921b3afdb61,Seven,Number 7,ˈsɛv.ən,number,I have seven  coins.,Bảy,Số 7,,,true,2026-03-26 14:30:40.658877,2026-03-26 14:30:40.658877
9c903a78-f776-432d-96df-a0368784d011,c19483d2-a4f7-462e-a5b8-6fb57f61ef95,Grandfather,Father of parent,ˈɡræn.ˌfɑ.ðɚ,noun,Grandfather is wise.,Ông,"Ngoại, nội",,,true,2026-03-26 14:30:40.658877,2026-03-26 14:30:40.658877
9ce0c1b7-707d-4c18-87ca-f0e569a98c51,cdf5e6d8-efec-4421-8c70-814cd0fff4e7,credit,ability to borrow money,/credit/,danh từ,credit example,credit,Một khái niệm liên quan đến finance,,,true,2026-03-18 23:27:06.141,2026-03-18 23:27:06.141
9cff2af2-a473-40d1-8b4d-b7a0080f55ff,f25b9620-2fc5-4079-8647-8f5dbf5ca619,app,software application for devices,/app/,danh từ,app example,app,Một khái niệm liên quan đến technology,,,true,2026-03-18 23:27:06.141,2026-03-18 23:27:06.141
9d0ceacc-bb46-44b2-a4f1-5e9b5a778c05,0c65a440-ca84-4f96-a502-a5c9aebdef77,soda,a fizzy sweet drink,ˈsoʊdə,danh từ,Kids like soda,soda,đồ uống có ga ngọt,,,true,2026-03-18 23:26:07.668,2026-03-18 23:26:07.668
9d598c42-f8aa-4623-ad1d-6791ead9e55f,9c08d2d5-ab12-4b90-9273-35e16928fd20,Son,Male child,sʌn,noun,He has son.,Con trai,Đứa con nam,,,true,2026-03-26 14:30:40.658877,2026-03-26 14:30:40.658877
9d6a9bf1-a7ec-40bb-bd61-135c6aba87c2,b48f8788-ab02-4e87-a86b-e4cda07b2a8d,Uncle,Parent brother,ˈʌŋ.kəl,noun,Uncle visits every week.,Chú bác,Anh em bố mẹ,,,true,2026-03-26 14:30:40.658877,2026-03-26 14:30:40.658877
9d6ab1cb-b988-4baf-9294-69b73e75fc71,2cf6f90d-7ccb-417b-929e-361097a98afa,Romanticism,Emotion and imagination,roʊˈmæn.tə.sɪz.əm,noun,Romanticism valued passion.,Lãng mạn,Cảm xúc trí tưởng,,,true,2026-03-26 14:30:40.658877,2026-03-26 14:30:40.658877
9d6bc0e0-dff6-436c-960b-edf7a271d3b0,d33c8d93-322e-4680-b491-2ce58f9bc75f,Vice,Moral fault,vaɪs,noun,Vice unhappiness.,Tội lỗi,Lỗi đạo,,,true,2026-03-26 14:30:40.658877,2026-03-26 14:30:40.658877
9d70e341-e81e-4da4-903f-5da7a364bb78,0f7467d0-de49-4732-a5eb-3d62ebbb0bf2,lion,a large wild cat; king of animals; has mane,ˈlaɪən,danh từ,Lion roars loud,sư tử,Một con mèo hoang lớn; vua của các loài vật; có bộ lông,,,true,2026-03-18 23:22:53.645,2026-03-18 23:22:53.645
9d778ddc-8409-454c-82c3-2bcfbfe52ba8,a27485a8-7d88-47ed-8ce5-93266a425c11,Ontology,Existence study,ɑnˈtɑl.ə.dʒi,noun,Ontology explores reality.,Bản thể luận,Sự tồn tại,,,true,2026-03-26 14:30:40.658877,2026-03-26 14:30:40.658877
9da8c9b6-9725-4656-b78b-e9491ccc9edf,6b254450-7004-433c-bf69-1fb053a62f52,Jealous,Feeling envy,ˈdʒɛl.əs,adjective,Jealous sister.,Ghen tị,Cảm giác ghen,,,true,2026-03-26 14:30:40.658877,2026-03-26 14:30:40.658877
9daee27d-84cc-4083-a3e7-6120fe6502c2,0f7467d0-de49-4732-a5eb-3d62ebbb0bf2,horse,a large animal to ride; strong and fast,hɔːrs,danh từ,Horse runs fast,ngựa,Một con vật lớn để cưỡi; mạnh và nhanh,,,true,2026-03-18 23:22:53.645,2026-03-18 23:22:53.645
9dbb5df7-97f7-44e6-9cfa-6b58b13ae2f8,0c65a440-ca84-4f96-a502-a5c9aebdef77,juice,a drink made from fruits,dʒuːs,danh từ,Orange juice is healthy,nước trái cây,đồ uống làm từ trái cây,,,true,2026-03-18 23:26:07.668,2026-03-18 23:26:07.668
9de2384a-b4c6-49aa-b768-99c867df0357,89da3255-c13a-4384-9292-e7a67b866ee0,Metaphysics,Reality study,ˌmɛt.əˈfɪz.ɪks,noun,Metaphysics questions.,Siêu hình,Thực tại,,,true,2026-03-26 14:30:40.658877,2026-03-26 14:30:40.658877
9e0cbf7b-9284-4b37-b129-a3f46178d57c,0f7467d0-de49-4732-a5eb-3d62ebbb0bf2,monkey,a small animal with tail; very intelligent,ˈmʌŋki,danh từ,Monkey is active,khỉ,Một con vật nhỏ với đuôi dài; rất thông minh,,,true,2026-03-18 23:22:53.645,2026-03-18 23:22:53.645
9e31a790-8715-403d-a85e-19fb53a9e9dd,67df2b1f-aa96-48db-b64d-0d889f000e9a,Confident,Feeling self belief,ˈkɑn.fɪ.dənt,adjective,Confident skills.,Tự tin,Cảm giác tin,,,true,2026-03-26 14:30:40.658877,2026-03-26 14:30:40.658877
9e3ca011-bffc-4ddc-b25c-7c725409c041,0ceda941-9b55-403f-abf7-fb080315789d,period,a length of time; a span of years or months,ˈpɪriəd,danh từ,Three year period,khoảng thời gian,Một khoảng thời gian; một giai đoạn năm hoặc tháng,,,true,2026-03-18 23:22:53.645,2026-03-18 23:22:53.645
9e5431b1-e60a-4bdf-acee-f0f3b45788d7,205b1709-dae5-421b-b2ec-7bfd6528a0ea,Excuse me,Get attention,ɪkˈskjuz mi,phrase,"Excuse me, bathroom?",Xin lỗi,Kêu gọi sự chú ý,,,true,2026-03-26 14:30:40.658877,2026-03-26 14:30:40.658877
9e68a46c-766d-43f4-9e00-06101ba08a32,f46a14f4-283c-4d9b-b52b-76e8648d68c4,Logic,Reasoning system,ˈlɑdʒ.ɪk,noun,Logic basis philosophy.,Lôgic,Hệ thống,,,true,2026-03-26 14:30:40.658877,2026-03-26 14:30:40.658877
9e96fc3e-4b36-486c-bb66-f81ccf81e5f8,923f19cb-bd8c-4b71-b762-0f409c965762,Aesthetics,Beauty study,ɛsˈθɛt.ɪks,noun,Aesthetics beauty.,Thẩm mỹ,Nghiên cứu,,,true,2026-03-26 14:30:40.658877,2026-03-26 14:30:40.658877
9ecf5b4d-4c98-4c5c-9691-cb8a94338fde,88643a0a-de0e-4726-8c56-ca9e62f3614a,Nine,Number 9,naɪn,number,I have nine flowers.,Chín,Số 9,,,true,2026-03-26 14:30:40.658877,2026-03-26 14:30:40.658877
9ed19198-bd2f-416c-ace6-d9ce7580112e,819c177f-eeaa-482b-9a10-e90cca890e76,Excited,Feeling enthusiasm,ɪkˈsaɪ.tɪd,adjective,I excited trip.,Phấn khích,Cảm giác hạnh,,,true,2026-03-26 14:30:40.658877,2026-03-26 14:30:40.658877
9f11a8e5-2ed3-4223-b053-ef87e85443f9,d5b49957-9ff7-450f-ae5b-da190b021f76,Hello,Polite greeting,həˈloʊ,interjection,"Hello, how are you?",Xin chào,Cách chào hỏi,,,true,2026-03-26 14:30:40.658877,2026-03-26 14:30:40.658877
9f19b3aa-8cbf-44ee-9d80-88ff0b2094b9,4a545b1d-d759-4331-b1c8-6619db4b1e87,Excited,Feeling enthusiasm,ɪkˈsaɪ.tɪd,adjective,I excited trip.,Phấn khích,Cảm giác hạnh,,,true,2026-03-26 14:30:40.658877,2026-03-26 14:30:40.658877
9f1ba73b-8907-48c6-b660-5a9a83d315bc,71802fc1-9c2b-49d9-93ca-0140d294e318,hospital,place for treatment,/hospital/,danh từ,hospital example,hospital,Một khái niệm liên quan đến health,,,true,2026-03-18 23:27:06.141,2026-03-18 23:27:06.141
9f1ffe2c-bbd7-42d5-9270-37674e374996,169b29f8-cd25-4fd5-9e0c-bcf9fdd56b6a,Thank you,Express gratitude,ˈθæŋk juː,phrase,Thank you for help.,Cảm ơn,Tỏ lòng biết ơn,,,true,2026-03-26 14:30:40.658877,2026-03-26 14:30:40.658877
9f4a87c8-bc45-459c-b9e2-f36b89338d53,b16db79c-1b16-46bf-9bd8-3596a44d8609,Brother,Male sibling,ˈbrʌð.ɚ,noun,My brother plays sports.,Anh em trai,Anh chị em,,,true,2026-03-26 14:30:40.658877,2026-03-26 14:30:40.658877
9f732ead-baa1-4142-ab60-39f741ebe9cc,cc221d3d-60b1-4412-953e-65d4d427c9fc,I am fine,Good response,ˌaɪm ˈfaɪn,phrase,I am fine thanks.,Tôi khỏe,Phản hồi tốt,,,true,2026-03-26 14:30:40.658877,2026-03-26 14:30:40.658877
9f742058-cf77-4acd-9660-b207a1ccd227,48adeeb4-ea05-4c89-95d1-7c278e83dedb,Consciousness,Awareness self,ˈkɑn.ʃəs.nəs,noun,Consciousness mysterious.,Ý thức,Nhận thức,,,true,2026-03-26 14:30:40.658877,2026-03-26 14:30:40.658877
9fc4580a-25dd-4972-886d-7712af9516fc,73ca6f19-8411-46ab-ae0d-39b4da6198c8,Existentialism,Existence philosophy,ˌɛɡ.zɪˈstɛn.ʃə.lɪz.əm,noun,Existentialism freedom.,Hiện sinh chủ,Triết học,,,true,2026-03-26 14:30:40.658877,2026-03-26 14:30:40.658877
9fd79e3b-f6c1-4d4f-b9e2-fdfdfc5bd097,370abe73-2ce6-40b0-b3ef-82d8f9857e1f,Aesthetics,Beauty study,ɛsˈθɛt.ɪks,noun,Aesthetics beauty.,Thẩm mỹ,Nghiên cứu,,,true,2026-03-26 14:30:40.658877,2026-03-26 14:30:40.658877
a060388b-dd25-4403-88d8-f57bc320a30f,349e1df9-b9b6-4a64-ab4b-babd170cadc4,Four,Number 4,fɔr,number,I have four books.,Bốn,Số 4,,,true,2026-03-26 14:30:40.658877,2026-03-26 14:30:40.658877
a08266f8-80ca-413e-a67a-c7f110a41912,73f5c5b2-5c82-4434-bcef-a0ad0e5d7de5,Father,Male parent,ˈfɑ.ðɚ,noun,My father works hard.,Bố,Cha mẹ nam,,,true,2026-03-26 14:30:40.658877,2026-03-26 14:30:40.658877
a0c3ba17-e023-4c6d-92cd-acc05f6a136d,ef83ea3c-996c-4048-8968-7237e72a6e5d,Grandfather,Father of parent,ˈɡræn.ˌfɑ.ðɚ,noun,Grandfather is wise.,Ông,"Ngoại, nội",,,true,2026-03-26 14:30:40.658877,2026-03-26 14:30:40.658877
a15a2809-5306-41bc-bdc1-c8d9ad6053e9,dd29c719-2106-4c8b-b503-aa3173b0b0df,Baby,Young child,ˈbeɪ.bi,noun,Baby is sleeping.,Em bé,Trẻ sơ sinh,,,true,2026-03-26 14:30:40.658877,2026-03-26 14:30:40.658877
a18ae9e3-815f-44de-91d8-4198a30b326a,306cd435-7556-4ca6-b508-0a5dfdec7100,Ten,Number 10,tɛn,number,I have ten dollars.,Mười,Số 10,,,true,2026-03-26 14:30:40.658877,2026-03-26 14:30:40.658877
a1d05a56-9ee7-4570-832a-0a80e71dc389,9746df2b-8bde-432c-ab17-aac73f51c1f6,cycling,riding a bicycle,/cycling/,danh từ,cycling example,cycling,Một khái niệm liên quan đến sports,,,true,2026-03-18 23:27:06.141,2026-03-18 23:27:06.141
a1d3e149-aace-4048-879b-701eb0f0e31e,370abe73-2ce6-40b0-b3ef-82d8f9857e1f,Metaphysics,Reality study,ˌmɛt.əˈfɪz.ɪks,noun,Metaphysics questions.,Siêu hình,Thực tại,,,true,2026-03-26 14:30:40.658877,2026-03-26 14:30:40.658877
a2067f3d-35b7-4048-ae87-2166e7b49211,b48f8788-ab02-4e87-a86b-e4cda07b2a8d,Family,Relatives group,ˈfæm.ə.li,noun,My family is happy.,Gia đình,Nhóm thân,,,true,2026-03-26 14:30:40.658877,2026-03-26 14:30:40.658877
a2702db3-23ad-4d63-9517-d1b25425b3e5,69d16e3e-74ca-45eb-8c06-8cef65b85134,Virtue,Moral quality,ˈvɝ.tʃu,noun,Virtue happiness path.,Đức hạnh,Phẩm chất,,,true,2026-03-26 14:30:40.658877,2026-03-26 14:30:40.658877
a27647a1-9a74-48c3-b4e0-b6647ac09cb6,568d01b2-5a64-4823-afa2-fd4664ca4c1c,Four,Number 4,fɔr,number,I have four books.,Bốn,Số 4,,,true,2026-03-26 14:30:40.658877,2026-03-26 14:30:40.658877
a2856a54-e102-4416-8a6b-e84ab19dc235,a58554ec-5e72-4981-b30c-ce5f10aee993,Virtue,Moral quality,ˈvɝ.tʃu,noun,Virtue happiness path.,Đức hạnh,Phẩm chất,,,true,2026-03-26 14:30:40.658877,2026-03-26 14:30:40.658877
a2a3c3c0-de40-411f-b730-1e6d0f209816,205b1709-dae5-421b-b2ec-7bfd6528a0ea,Nice meet,Greeting stranger,ˌnaɪs tə ˈmit,phrase,Nice meet you.,Vui gặp,Chào người mới,,,true,2026-03-26 14:30:40.658877,2026-03-26 14:30:40.658877
a301397a-153e-41dd-a1a3-535aca4f5a8a,0ceda941-9b55-403f-abf7-fb080315789d,year,a period of 12 months or 365 days,jɪr,danh từ,2024 is leap year,năm,Một khoảng thời gian 12 tháng hoặc 365 ngày,,,true,2026-03-18 23:22:53.645,2026-03-18 23:22:53.645
a3099703-65f9-4fcc-afdf-b876a0ff2e4f,59baddf7-e856-4276-9fab-c2cbd73c8911,Ashamed,Feeling shame,əˈʃeɪmd,adjective,He ashamed behavior.,Xấu hổ,Cảm giác xấu,,,true,2026-03-26 14:30:40.658877,2026-03-26 14:30:40.658877
a31abebb-54f5-4f94-9583-3916e41a40b7,411c419a-c126-40a3-bbe9-068a951b9026,Seven,Number 7,ˈsɛv.ən,number,I have seven  coins.,Bảy,Số 7,,,true,2026-03-26 14:30:40.658877,2026-03-26 14:30:40.658877
a320bdc1-bc26-441f-9a8a-93a672bb731c,2d825671-b231-4d6a-9c0c-5ec2fa5d7d70,Uncle,Parent brother,ˈʌŋ.kəl,noun,Uncle visits every week.,Chú bác,Anh em bố mẹ,,,true,2026-03-26 14:30:40.658877,2026-03-26 14:30:40.658877
a33cdf8b-0bb3-4a86-8bc0-82746112d155,89da3255-c13a-4384-9292-e7a67b866ee0,Vice,Moral fault,vaɪs,noun,Vice unhappiness.,Tội lỗi,Lỗi đạo,,,true,2026-03-26 14:30:40.658877,2026-03-26 14:30:40.658877
a3651ab0-c0c0-4c9f-9777-b78614d930c9,4622c636-7957-4f30-9bc4-5fae81775631,wall,vertical surface,wɔːl,danh từ,White wall,bức tường,bề mặt thẳng đứng,,,true,2026-03-18 23:26:07.668,2026-03-18 23:26:07.668
a392408d-46eb-461d-9656-43db987a2240,ac13c7e8-492c-46d1-b46e-755272c6d9d6,Epistemology,Knowledge study,ˌɛp.ɪ.stəˈmɑl.ə.dʒi,noun,Epistemology knowledge.,Nhận thức luận,Nghiên cứu,,,true,2026-03-26 14:30:40.658877,2026-03-26 14:30:40.658877
a3b50dae-5c2c-44a9-9092-1bdba2d23d95,0c65a440-ca84-4f96-a502-a5c9aebdef77,tea,a hot or cold drink made from leaves,tiː,danh từ,She likes tea,trà,đồ uống nóng hoặc lạnh làm từ lá,,,true,2026-03-18 23:26:07.668,2026-03-18 23:26:07.668
a3bcf844-f686-404c-a076-32e444e2bc6a,73ca6f19-8411-46ab-ae0d-39b4da6198c8,Metaphysics,Reality study,ˌmɛt.əˈfɪz.ɪks,noun,Metaphysics questions.,Siêu hình,Thực tại,,,true,2026-03-26 14:30:40.658877,2026-03-26 14:30:40.658877
a3fbec28-e4b2-4c36-a2f2-517f0691bd4b,5c7eeb64-bb5a-42f9-8b15-33d0428dd34d,Six,Number 6,sɪks,number,I have six apples.,Sáu,Số 6,,,true,2026-03-26 14:30:40.658877,2026-03-26 14:30:40.658877
a407ac87-a1a0-4947-b6dd-68e0ac3d6c7d,5c7eeb64-bb5a-42f9-8b15-33d0428dd34d,Five,Number 5,faɪv,number,I have five fingers.,Năm,Số 5,,,true,2026-03-26 14:30:40.658877,2026-03-26 14:30:40.658877
a43d121b-4af6-4b78-8c18-fed9920d7882,a27485a8-7d88-47ed-8ce5-93266a425c11,Vice,Moral fault,vaɪs,noun,Vice unhappiness.,Tội lỗi,Lỗi đạo,,,true,2026-03-26 14:30:40.658877,2026-03-26 14:30:40.658877
a4421825-12b0-4913-ab02-85200c50aa05,1e983eef-be0a-4a27-abd9-c548efdf1633,Wife,Married woman,waɪf,noun,His wife is teacher.,Vợ,Người phụ nữ kết,,,true,2026-03-26 14:30:40.658877,2026-03-26 14:30:40.658877
a479c62c-0b63-4db9-91da-4bc660643fc2,faf4d62d-4fb0-4373-8fd4-3a5360963de1,Scared,Feeling fear,skɛrd,adjective,Child scared dark.,Sợ,Cảm giác sợ,,,true,2026-03-26 14:30:40.658877,2026-03-26 14:30:40.658877
a494844d-0c44-475e-9891-35e109f8fa04,79c47bf8-ccad-4d92-807d-c7cdafd034c0,Worried,Feeling anxiety,ˈwɝ.id,adjective,Worried exam.,Lo lắng,Cảm giác lo,,,true,2026-03-26 14:30:40.658877,2026-03-26 14:30:40.658877
a49b096b-22df-4515-a58c-04aca17ae2d0,71802fc1-9c2b-49d9-93ca-0140d294e318,pain,physical suffering,/pain/,danh từ,pain example,pain,Một khái niệm liên quan đến health,,,true,2026-03-18 23:27:06.141,2026-03-18 23:27:06.141
a4ead270-5ba8-4107-a398-4bbe56ee4376,a27485a8-7d88-47ed-8ce5-93266a425c11,Dialectic,Argument method,daɪˈælɛk.tɪk,noun,Hegel dialectic used.,Biện luận,Phương pháp,,,true,2026-03-26 14:30:40.658877,2026-03-26 14:30:40.658877
a4f1c2d3-292f-49a7-9435-0bdbc6f51893,79c47bf8-ccad-4d92-807d-c7cdafd034c0,Happy,Feeling joy,ˈhæp.i,adjective,I am happy today.,Vui,Cảm giác vui,,,true,2026-03-26 14:30:40.658877,2026-03-26 14:30:40.658877
a511bb99-4810-468f-8715-a01e7cfb9f07,411c419a-c126-40a3-bbe9-068a951b9026,Five,Number 5,faɪv,number,I have five fingers.,Năm,Số 5,,,true,2026-03-26 14:30:40.658877,2026-03-26 14:30:40.658877
a5189b97-318b-4f3e-82bb-8d079183a099,84b45efa-148b-4307-94b0-ebaae6c7b32a,Existentialism,Existence philosophy,ˌɛɡ.zɪˈstɛn.ʃə.lɪz.əm,noun,Existentialism freedom.,Hiện sinh chủ,Triết học,,,true,2026-03-26 14:30:40.658877,2026-03-26 14:30:40.658877
a51fb7a6-9bfa-4656-9f59-b87055c21327,e1c6a531-951b-49e8-a205-ed0b9486f723,Logic,Reasoning system,ˈlɑdʒ.ɪk,noun,Logic basis philosophy.,Lôgic,Hệ thống,,,true,2026-03-26 14:30:40.658877,2026-03-26 14:30:40.658877
a539eb4c-7364-49c9-929f-054612f01d6f,474d17e5-c32b-4585-9bfd-feefa44aa3a8,Consciousness,Awareness self,ˈkɑn.ʃəs.nəs,noun,Consciousness mysterious.,Ý thức,Nhận thức,,,true,2026-03-26 14:30:40.658877,2026-03-26 14:30:40.658877
a55d4c3c-9706-44e5-af8d-e04968bb5b2c,563bcdd8-3e04-4744-947b-08885bc9308b,Grandfather,Father of parent,ˈɡræn.ˌfɑ.ðɚ,noun,Grandfather is wise.,Ông,"Ngoại, nội",,,true,2026-03-26 14:30:40.658877,2026-03-26 14:30:40.658877
a60d58b2-88c6-4788-85ed-67e82880ffd9,dd37cd9c-fd13-43c8-8f32-cc50a38476a0,Pragmatism,Results based,ˈpræɡ.mə.tɪz.əm,noun,Pragmatism results.,Thực dụng,Dựa trên,,,true,2026-03-26 14:30:40.658877,2026-03-26 14:30:40.658877
a60e9969-36ac-44c0-b6c8-553f497b22d9,67c2c95b-aa85-4e49-a0b3-dfb7ee8a5b29,Tired,Feeling exhaustion,ˈtaɪɚd,adjective,I tired after work.,Mệt,Cảm giác mỏi,,,true,2026-03-26 14:30:40.658877,2026-03-26 14:30:40.658877
a62b716f-f9e4-4d59-98c5-967991665310,fed0d635-a1bb-4732-bb7a-b8caf4c21b12,hotel,place for overnight lodging,/hotel/,danh từ,hotel example,khách sạn,Một khái niệm liên quan đến travel,,,true,2026-03-18 23:27:06.141,2026-03-18 23:27:06.141
a63bb50b-cae5-47ea-9794-bf92d212a29c,65b2fc5a-c86b-4f36-8107-f8ee0ebe5d78,Goodbye,Farewell,ˌɡʊdˈbaɪ,interjection,"Goodbye, see you.",Tạm biệt,Lời tạm biệt,,,true,2026-03-26 14:30:40.658877,2026-03-26 14:30:40.658877
a644e602-9044-4ace-bfac-c888f2d49f1c,48adeeb4-ea05-4c89-95d1-7c278e83dedb,Virtue,Moral quality,ˈvɝ.tʃu,noun,Virtue happiness path.,Đức hạnh,Phẩm chất,,,true,2026-03-26 14:30:40.658877,2026-03-26 14:30:40.658877
a66c8c12-503e-4ff7-8470-814b4e6aa882,84b45efa-148b-4307-94b0-ebaae6c7b32a,Pragmatism,Results based,ˈpræɡ.mə.tɪz.əm,noun,Pragmatism results.,Thực dụng,Dựa trên,,,true,2026-03-26 14:30:40.658877,2026-03-26 14:30:40.658877
a696609c-3920-4626-b84e-dc56a3a3e273,411c419a-c126-40a3-bbe9-068a951b9026,Twelve,Number 12,twɛlv,number,Twelve months here.,Mười hai,Số 12,,,true,2026-03-26 14:30:40.658877,2026-03-26 14:30:40.658877
a6a05595-1279-4ad0-9f6c-d46143176742,bdace7d5-30a7-49fe-a09e-ea0657efb79d,meat,animal flesh eaten as food,miːt,danh từ,Grilled meat is tasty,thịt,thịt động vật ăn làm thực phẩm,,,true,2026-03-18 23:26:07.668,2026-03-18 23:26:07.668
a6b4a657-321c-41b5-9d0e-31bebdad2733,bdace7d5-30a7-49fe-a09e-ea0657efb79d,pasta,Italian noodle dish,ˈpæstə,danh từ,Spaghetti is pasta,mì ống,món mì Ý,,,true,2026-03-18 23:26:07.668,2026-03-18 23:26:07.668
a6ed4c94-72ab-4f96-8c75-4fb64bea0a4d,70c77765-6416-4d36-950a-7c93580b2fa0,Jealous,Feeling envy,ˈdʒɛl.əs,adjective,Jealous sister.,Ghen tị,Cảm giác ghen,,,true,2026-03-26 14:30:40.658877,2026-03-26 14:30:40.658877
a6f75a49-4834-4b2d-b28f-e26950273a8c,ff02df4a-ece1-4847-923b-0f9273cb89be,Proud,Feeling pride,praʊd,adjective,I proud you.,Tự hào,Cảm giác hạnh,,,true,2026-03-26 14:30:40.658877,2026-03-26 14:30:40.658877
a7149dbe-5e94-4704-a084-a7be39fdea09,7e5d0907-64fa-482f-b968-a5efd9168a61,Consciousness,Awareness self,ˈkɑn.ʃəs.nəs,noun,Consciousness mysterious.,Ý thức,Nhận thức,,,true,2026-03-26 14:30:40.658877,2026-03-26 14:30:40.658877
a73628b5-df5f-4a01-bc42-ca5c4d2ca2fb,d0d60af4-a86f-4442-a1a0-892d2a5cdbd3,Dialectic,Argument method,daɪˈælɛk.tɪk,noun,Hegel dialectic used.,Biện luận,Phương pháp,,,true,2026-03-26 14:30:40.658877,2026-03-26 14:30:40.658877
a75a4f65-ba14-4e03-9ffc-a316c9507bf3,f5963936-9e64-4d38-bd67-8490e7b3a302,Uncle,Parent brother,ˈʌŋ.kəl,noun,Uncle visits every week.,Chú bác,Anh em bố mẹ,,,true,2026-03-26 14:30:40.658877,2026-03-26 14:30:40.658877
a7720d01-b51e-4a78-bfff-a36e1ce02484,bced27c8-2c20-4107-bf2d-2dfe46687373,Husband,Married man,ˈhʌz.bənd,noun,Her husband is doctor.,Chồng,Người đàn ông kết,,,true,2026-03-26 14:30:40.658877,2026-03-26 14:30:40.658877
a7c6c2cd-cd8b-4fe5-a5d0-c4f30f559275,bdace7d5-30a7-49fe-a09e-ea0657efb79d,watermelon,a large round fruit with green skin and pink flesh,ˈwɔːtərmelən,danh từ,Watermelon is cool,dưa hấu,Một quả tròn lớn với da xanh và thịt hồng,,,true,2026-03-18 23:22:53.645,2026-03-18 23:22:53.645
a80ad32f-50a2-44d2-b747-b3d7ad897dd7,aa794f3a-f98a-43df-8271-67b923f0f383,Confused,Feeling bewilderment,kənˈfjuzd,adjective,Confused instructions.,Bối rối,Cảm giác bối,,,true,2026-03-26 14:30:40.658877,2026-03-26 14:30:40.658877
a80d165b-d363-4fd9-8c90-82676fe091f5,d57a850d-30c0-4988-a53f-fc9638884178,Existence,State being,ɪɡˈzɪs.təns,noun,Existence God debated.,Tồn tại,Trạng thái hiện,,,true,2026-03-26 14:30:40.658877,2026-03-26 14:30:40.658877
a81248a8-85e1-462b-9bc3-d391b9f2cf26,3ee29751-c03a-4df1-b428-51e2797aba31,Virtue,Moral quality,ˈvɝ.tʃu,noun,Virtue happiness path.,Đức hạnh,Phẩm chất,,,true,2026-03-26 14:30:40.658877,2026-03-26 14:30:40.658877
a8437a50-46de-4308-87f4-af02cd1934ad,444c779c-e14e-4d61-8461-f6ecf6ddf27b,Lonely,Feeling isolation,ˈloʊn.li,adjective,She lonely sometimes.,Cô đơn,Cảm giác cô,,,true,2026-03-26 14:30:40.658877,2026-03-26 14:30:40.658877
a845ff36-391b-4272-9a0f-b22a837aa2a1,8f558c2d-9555-4f2e-a822-5c74891ffe67,Excuse me,Get attention,ɪkˈskjuz mi,phrase,"Excuse me, bathroom?",Xin lỗi,Kêu gọi sự chú ý,,,true,2026-03-26 14:30:40.658877,2026-03-26 14:30:40.658877
a8564dcb-db8a-4c56-868b-d640684e78a5,41b7f321-295c-488c-af33-14211bb75fa7,Family,Relatives group,ˈfæm.ə.li,noun,My family is happy.,Gia đình,Nhóm thân,,,true,2026-03-26 14:30:40.658877,2026-03-26 14:30:40.658877
a87c1cef-dc00-4cd6-8959-4a96db30a0ab,e0dc609f-c176-4fdb-93bf-e39d087671f5,Pragmatism,Results based,ˈpræɡ.mə.tɪz.əm,noun,Pragmatism results.,Thực dụng,Dựa trên,,,true,2026-03-26 14:30:40.658877,2026-03-26 14:30:40.658877
a88248ac-aa1f-4e9b-9565-cfc36022732b,ac13c7e8-492c-46d1-b46e-755272c6d9d6,Stoicism,Virtue philosophy,ˈstoʊ.ɪ.sɪz.əm,noun,Stoicism teaches acceptance.,Khắc kỷ,Triết học,,,true,2026-03-26 14:30:40.658877,2026-03-26 14:30:40.658877
a88a8722-c4c7-41c4-b49f-cd99cd353ab7,5ff5c9d7-f265-4925-88c7-c44b7ae1e531,heart,organ pumping blood,hɑːrt,danh từ,Heart beat fast,trái tim,cơ quan bơm máu,,,true,2026-03-18 23:26:07.668,2026-03-18 23:26:07.668
a88b0ca0-907c-43cf-8204-cedcc65d049e,501a150d-fbe9-48ce-be53-52a6f1aeb3ff,Relaxed,Feeling calmness,rɪˈlækst,adjective,Relaxed home.,Thư thái,Cảm giác calm,,,true,2026-03-26 14:30:40.658877,2026-03-26 14:30:40.658877
a89c9138-b279-47d9-a64b-f641ec788c1c,89da3255-c13a-4384-9292-e7a67b866ee0,Consciousness,Awareness self,ˈkɑn.ʃəs.nəs,noun,Consciousness mysterious.,Ý thức,Nhận thức,,,true,2026-03-26 14:30:40.658877,2026-03-26 14:30:40.658877
a8d14ce9-94e9-4255-bc45-4eff1a3d963d,a6f9ef68-d647-4df6-9121-19ec9c0fee72,Nice meet,Greeting stranger,ˌnaɪs tə ˈmit,phrase,Nice meet you.,Vui gặp,Chào người mới,,,true,2026-03-26 14:30:40.658877,2026-03-26 14:30:40.658877
a8d1596b-bd6e-4d5c-bd47-58010dfbe0a8,dd56df6c-e0c0-44a9-b706-28b5106b1978,Existentialism,Existence philosophy,ˌɛɡ.zɪˈstɛn.ʃə.lɪz.əm,noun,Existentialism freedom.,Hiện sinh chủ,Triết học,,,true,2026-03-26 14:30:40.658877,2026-03-26 14:30:40.658877
a8eb6e56-88bb-4b7b-9d2b-d0e1e4b63700,dab29c7e-633e-4611-83f9-6a1781fed230,Virtue,Moral quality,ˈvɝ.tʃu,noun,Virtue happiness path.,Đức hạnh,Phẩm chất,,,true,2026-03-26 14:30:40.658877,2026-03-26 14:30:40.658877
a8f7d631-dcf1-4c2a-a02b-edcc59d7c36e,62e76fe1-bd25-4280-b7de-7e2e3dd35126,Ethics,Moral principles,ˈɛθ.ɪks,noun,Ethics guide decisions.,Đạo đức,Nguyên tắc,,,true,2026-03-26 14:30:40.658877,2026-03-26 14:30:40.658877
a8f90ad5-7c35-434a-a4b8-bbe639ca653e,71802fc1-9c2b-49d9-93ca-0140d294e318,injection,medicine given with needle,/injection/,danh từ,injection example,injection,Một khái niệm liên quan đến health,,,true,2026-03-18 23:27:06.141,2026-03-18 23:27:06.141
a9267008-2292-4c53-83d8-a0356252d0b7,f5963936-9e64-4d38-bd67-8490e7b3a302,Son,Male child,sʌn,noun,He has son.,Con trai,Đứa con nam,,,true,2026-03-26 14:30:40.658877,2026-03-26 14:30:40.658877
a930cdc1-85a9-4ba2-8d71-0405c66721d0,568d01b2-5a64-4823-afa2-fd4664ca4c1c,Thousand,Number 1000,ˈθaʊ.zənd,number,One thousand people.,Nghìn,Số 1000,,,true,2026-03-26 14:30:40.658877,2026-03-26 14:30:40.658877
a93c5048-36be-444d-838f-29ab91779e84,819c177f-eeaa-482b-9a10-e90cca890e76,Jealous,Feeling envy,ˈdʒɛl.əs,adjective,Jealous sister.,Ghen tị,Cảm giác ghen,,,true,2026-03-26 14:30:40.658877,2026-03-26 14:30:40.658877
a9899f59-8cf4-49db-b5af-8b95470f0db7,d57a850d-30c0-4988-a53f-fc9638884178,Nihilism,Nothing meaning belief,ˈnaɪ.ə.lɪz.əm,noun,Nihilism values denies.,Vô chủ nghĩa,Niềm tin,,,true,2026-03-26 14:30:40.658877,2026-03-26 14:30:40.658877
a992c1a3-c8ab-40d4-9d9b-00b0981d0c28,73f5c5b2-5c82-4434-bcef-a0ad0e5d7de5,Grandfather,Father of parent,ˈɡræn.ˌfɑ.ðɚ,noun,Grandfather is wise.,Ông,"Ngoại, nội",,,true,2026-03-26 14:30:40.658877,2026-03-26 14:30:40.658877
a9ac1251-1218-45bb-9d92-2a5c32592f7d,ef83ea3c-996c-4048-8968-7237e72a6e5d,Baby,Young child,ˈbeɪ.bi,noun,Baby is sleeping.,Em bé,Trẻ sơ sinh,,,true,2026-03-26 14:30:40.658877,2026-03-26 14:30:40.658877
a9ad0e5f-9509-4100-b6b3-dc1cb2d1f05f,2f78ac95-e536-4cc1-bd0e-e350497283ee,Uncle,Parent brother,ˈʌŋ.kəl,noun,Uncle visits every week.,Chú bác,Anh em bố mẹ,,,true,2026-03-26 14:30:40.658877,2026-03-26 14:30:40.658877
a9bde25e-546d-4ca3-996b-6889a2160483,2f78ac95-e536-4cc1-bd0e-e350497283ee,Father,Male parent,ˈfɑ.ðɚ,noun,My father works hard.,Bố,Cha mẹ nam,,,true,2026-03-26 14:30:40.658877,2026-03-26 14:30:40.658877
a9d1063b-3314-4ee9-9a15-4cc6804900c1,b07f3d0e-a184-4cd0-937d-4f3cbd063d36,Have nice day,Wishful farewell,ˌhæv ə ˌnaɪs ˈdeɪ,phrase,Have nice day!,Chúc ngày tốt,Lời chúc,,,true,2026-03-26 14:30:40.658877,2026-03-26 14:30:40.658877
a9d6c3f0-4847-4d40-b6a2-e8ee5b25f005,b16db79c-1b16-46bf-9bd8-3596a44d8609,Mother,Female parent,ˈmʌð.ɚ,noun,My mother is kind.,Mẹ,Cha mẹ nữ,,,true,2026-03-26 14:30:40.658877,2026-03-26 14:30:40.658877
a9f0b21a-e10f-460c-8820-3e8cc7bfd4e9,501a150d-fbe9-48ce-be53-52a6f1aeb3ff,Proud,Feeling pride,praʊd,adjective,I proud you.,Tự hào,Cảm giác hạnh,,,true,2026-03-26 14:30:40.658877,2026-03-26 14:30:40.658877
a9f73328-79f0-44a1-991b-6381bbe10fb5,62e76fe1-bd25-4280-b7de-7e2e3dd35126,Ontology,Existence study,ɑnˈtɑl.ə.dʒi,noun,Ontology explores reality.,Bản thể luận,Sự tồn tại,,,true,2026-03-26 14:30:40.658877,2026-03-26 14:30:40.658877
aa2fabf3-e700-4456-818d-d4bbf1372442,95ad0b6d-ecef-4e64-9d00-1f9a355214bb,Amazed,Feeling wonder,əˈmeɪzd,adjective,I amazed view.,Kinh ngạc,Cảm giác bất,,,true,2026-03-26 14:30:40.658877,2026-03-26 14:30:40.658877
aa4326d8-47c7-45e5-aaa3-130ce92e2689,e0dc609f-c176-4fdb-93bf-e39d087671f5,Existence,State being,ɪɡˈzɪs.təns,noun,Existence God debated.,Tồn tại,Trạng thái hiện,,,true,2026-03-26 14:30:40.658877,2026-03-26 14:30:40.658877
aaac657b-3c7a-4a69-8270-8f5130ee4fd4,67df2b1f-aa96-48db-b64d-0d889f000e9a,Worried,Feeling anxiety,ˈwɝ.id,adjective,Worried exam.,Lo lắng,Cảm giác lo,,,true,2026-03-26 14:30:40.658877,2026-03-26 14:30:40.658877
aab0b7fa-d333-48c9-be46-6efb426a3198,444c779c-e14e-4d61-8461-f6ecf6ddf27b,Confused,Feeling bewilderment,kənˈfjuzd,adjective,Confused instructions.,Bối rối,Cảm giác bối,,,true,2026-03-26 14:30:40.658877,2026-03-26 14:30:40.658877
aac8ba6a-549e-4297-87a2-2bd278741cce,f2867ff8-da21-42e1-ad58-ff38fa6324b8,Aunt,Parent sister,ænt,noun,Aunt bakes cakes.,Cô dì,Chị em bố mẹ,,,true,2026-03-26 14:30:40.658877,2026-03-26 14:30:40.658877
aaeff84f-de37-4374-924f-f7240da1757b,5ff5c9d7-f265-4925-88c7-c44b7ae1e531,finger,digit on hand,ˈfɪŋɡər,danh từ,Five fingers,ngón tay,chữ số trên tay,,,true,2026-03-18 23:26:07.668,2026-03-18 23:26:07.668
aaf02e13-e244-4ea4-9df4-5ac24d96e1b7,a27485a8-7d88-47ed-8ce5-93266a425c11,Metaphysics,Reality study,ˌmɛt.əˈfɪz.ɪks,noun,Metaphysics questions.,Siêu hình,Thực tại,,,true,2026-03-26 14:30:40.658877,2026-03-26 14:30:40.658877
ab040acf-585f-455c-ae85-5046a915985b,d33c8d93-322e-4680-b491-2ce58f9bc75f,Existence,State being,ɪɡˈzɪs.təns,noun,Existence God debated.,Tồn tại,Trạng thái hiện,,,true,2026-03-26 14:30:40.658877,2026-03-26 14:30:40.658877
ab271738-5f2e-4a20-80f6-ed53fb9797ba,d5b49957-9ff7-450f-ae5b-da190b021f76,I am fine,Good response,ˌaɪm ˈfaɪn,phrase,I am fine thanks.,Tôi khỏe,Phản hồi tốt,,,true,2026-03-26 14:30:40.658877,2026-03-26 14:30:40.658877
ab32e5a6-c70d-4186-abdd-1387fdbfd2c1,484c0e0d-e1af-4005-87ba-675dd65a4bae,Mother,Female parent,ˈmʌð.ɚ,noun,My mother is kind.,Mẹ,Cha mẹ nữ,,,true,2026-03-26 14:30:40.658877,2026-03-26 14:30:40.658877
ab78d100-50ce-484d-8cde-7f77a601a578,1a91724d-2d99-4c3f-a140-ea1e6c617aeb,Six,Number 6,sɪks,number,I have six apples.,Sáu,Số 6,,,true,2026-03-26 14:30:40.658877,2026-03-26 14:30:40.658877
ab85e4af-e048-49d9-bd5c-087393f61348,b07f3d0e-a184-4cd0-937d-4f3cbd063d36,Excuse me,Get attention,ɪkˈskjuz mi,phrase,"Excuse me, bathroom?",Xin lỗi,Kêu gọi sự chú ý,,,true,2026-03-26 14:30:40.658877,2026-03-26 14:30:40.658877
ab87ea50-8dbb-4885-97a9-f7070ea06351,67c2c95b-aa85-4e49-a0b3-dfb7ee8a5b29,Scared,Feeling fear,skɛrd,adjective,Child scared dark.,Sợ,Cảm giác sợ,,,true,2026-03-26 14:30:40.658877,2026-03-26 14:30:40.658877
abdfabc6-bb5a-4be5-b0d8-f62745a446a8,4e41fc79-f556-476c-b28f-f579df42a2ba,See you later,Casual goodbye,ˌsi juː ˈleɪ.tɚ,phrase,See you later!,Gặp lại,Tạm biệt,,,true,2026-03-26 14:30:40.658877,2026-03-26 14:30:40.658877
abf9f567-3b00-4f26-b992-c03579f3f199,6099eea9-f4d6-4738-9662-d01b6f6f2a12,homework,work given to do at home,/homework/,danh từ,homework example,homework,Một khái niệm liên quan đến school,,,true,2026-03-18 23:27:06.141,2026-03-18 23:27:06.141
ac700e36-701c-4921-badf-e7ebcf3cfba1,e0dc609f-c176-4fdb-93bf-e39d087671f5,Nihilism,Nothing meaning belief,ˈnaɪ.ə.lɪz.əm,noun,Nihilism values denies.,Vô chủ nghĩa,Niềm tin,,,true,2026-03-26 14:30:40.658877,2026-03-26 14:30:40.658877
ac877626-17b5-46f6-9092-e107187fdf91,dd29c719-2106-4c8b-b503-aa3173b0b0df,Uncle,Parent brother,ˈʌŋ.kəl,noun,Uncle visits every week.,Chú bác,Anh em bố mẹ,,,true,2026-03-26 14:30:40.658877,2026-03-26 14:30:40.658877
ac8c2462-82d3-443d-b329-3fe98e2c0099,1768a53f-3b47-4afe-a231-feea190002ef,Consciousness,Awareness self,ˈkɑn.ʃəs.nəs,noun,Consciousness mysterious.,Ý thức,Nhận thức,,,true,2026-03-26 14:30:40.658877,2026-03-26 14:30:40.658877
ac9bbcd4-b5ff-4545-ad81-8b6108babca4,71802fc1-9c2b-49d9-93ca-0140d294e318,cold,common respiratory illness,/cold/,danh từ,cold example,cold,Một khái niệm liên quan đến health,,,true,2026-03-18 23:27:06.141,2026-03-18 23:27:06.141
ac9bea35-c437-4217-87a3-aab88321ca7c,d4986ac8-fc5b-4d7c-9960-c7a32512ee69,See you later,Casual goodbye,ˌsi juː ˈleɪ.tɚ,phrase,See you later!,Gặp lại,Tạm biệt,,,true,2026-03-26 14:30:40.658877,2026-03-26 14:30:40.658877
acdf60a5-782b-475b-942c-c5e39422f590,33b3b961-a831-48ce-bcba-4ec9b1406006,Nice meet,Greeting stranger,ˌnaɪs tə ˈmit,phrase,Nice meet you.,Vui gặp,Chào người mới,,,true,2026-03-26 14:30:40.658877,2026-03-26 14:30:40.658877
ad159267-cb38-4c1b-88a0-b014b6288bc6,1e70a4e8-5e55-4666-9f9b-2ba140d9031b,lawyer,person who practices law,/lawyer/,danh từ,lawyer example,lawyer,Một khái niệm liên quan đến jobs,,,true,2026-03-18 23:27:06.141,2026-03-18 23:27:06.141
ad322081-522e-49b8-9b2a-059ffaab3beb,cdf5e6d8-efec-4421-8c70-814cd0fff4e7,bill,paper currency,/bill/,danh từ,bill example,bill,Một khái niệm liên quan đến finance,,,true,2026-03-18 23:27:06.141,2026-03-18 23:27:06.141
ad3f2799-fb85-4294-8ce2-087812e37ae2,efe6a928-8995-47cc-8e83-458a37872a80,Wife,Married woman,waɪf,noun,His wife is teacher.,Vợ,Người phụ nữ kết,,,true,2026-03-26 14:30:40.658877,2026-03-26 14:30:40.658877
ad439ca1-ea00-4555-9e0a-3476df7b4276,859a1e12-e633-40e5-b4e2-b7e9dfd2a7d7,maroon,a dark brownish-red color,məˈruːn,danh từ,Maroon jacket,màu nâu tím,Một màu nâu đỏ tối,,,true,2026-03-18 23:22:53.645,2026-03-18 23:22:53.645
ad581993-dc68-43c8-8f14-411171262ffc,568d01b2-5a64-4823-afa2-fd4664ca4c1c,Ten,Number 10,tɛn,number,I have ten dollars.,Mười,Số 10,,,true,2026-03-26 14:30:40.658877,2026-03-26 14:30:40.658877
ad919990-334c-4408-8f86-a7fb0cbab983,dd37cd9c-fd13-43c8-8f32-cc50a38476a0,Aesthetics,Beauty study,ɛsˈθɛt.ɪks,noun,Aesthetics beauty.,Thẩm mỹ,Nghiên cứu,,,true,2026-03-26 14:30:40.658877,2026-03-26 14:30:40.658877
ad9ab945-d988-4f25-84ce-5d42d11c4431,fed0d635-a1bb-4732-bb7a-b8caf4c21b12,ticket,document for travel access,/ticket/,danh từ,ticket example,ticket,Một khái niệm liên quan đến travel,,,true,2026-03-18 23:27:06.141,2026-03-18 23:27:06.141
adb7f45c-5c82-4488-8e6c-bef8a9de04de,b48f8788-ab02-4e87-a86b-e4cda07b2a8d,Grandmother,Mother of parent,ˈɡræn.ˌmʌð.ɚ,noun,Grandmother tells stories.,Bà,"Ngoại, nội",,,true,2026-03-26 14:30:40.658877,2026-03-26 14:30:40.658877
adc98acb-c0e8-4e2b-b684-a7ed7c48d7d4,c4423548-9463-45ef-bc70-285c0c8c3ea1,Logic,Reasoning system,ˈlɑdʒ.ɪk,noun,Logic basis philosophy.,Lôgic,Hệ thống,,,true,2026-03-26 14:30:40.658877,2026-03-26 14:30:40.658877
adeddd0e-2936-4f78-811d-3f5fc7d747b5,d4986ac8-fc5b-4d7c-9960-c7a32512ee69,Goodbye,Farewell,ˌɡʊdˈbaɪ,interjection,"Goodbye, see you.",Tạm biệt,Lời tạm biệt,,,true,2026-03-26 14:30:40.658877,2026-03-26 14:30:40.658877
ae1ee18e-90fa-4acd-bffe-9b95e93a031c,923f19cb-bd8c-4b71-b762-0f409c965762,Metaphysics,Reality study,ˌmɛt.əˈfɪz.ɪks,noun,Metaphysics questions.,Siêu hình,Thực tại,,,true,2026-03-26 14:30:40.658877,2026-03-26 14:30:40.658877
ae3769ea-b805-48f0-bafc-f09e88057995,a6f9ef68-d647-4df6-9121-19ec9c0fee72,Thank you,Express gratitude,ˈθæŋk juː,phrase,Thank you for help.,Cảm ơn,Tỏ lòng biết ơn,,,true,2026-03-26 14:30:40.658877,2026-03-26 14:30:40.658877
ae62afaa-8421-4400-8eb2-2d19c9118bbd,0ceda941-9b55-403f-abf7-fb080315789d,march,the third month of the year; first month of spring,mɑːrtʃ,danh từ,March flowers bloom,tháng ba,Tháng thứ ba của năm; tháng đầu tiên của mùa xuân,,,true,2026-03-18 23:22:53.645,2026-03-18 23:22:53.645
ae7069c8-aee6-419d-8c13-238f6d9e349a,f5e165ea-d9f9-45d5-90d3-2acf41ea2d21,nine,the number 9; nine things,naɪn,danh từ,Nine students in class,số chín,Số 9; chín vật,,,true,2026-03-18 23:22:53.645,2026-03-18 23:22:53.645
aebbe376-c411-4ad6-a844-afd416bd9cb5,3190f865-ff2e-4de4-8878-b0a874c044ac,stressed,feeling of pressure,/stressed/,danh từ,stressed example,stressed,Một khái niệm liên quan đến emotions,,,true,2026-03-18 23:27:06.141,2026-03-18 23:27:06.141
aed4c9b9-2fbf-424d-82c5-cd5b8d5a609d,81aeef50-eae8-4ff2-941c-b321e482e121,Nihilism,Nothing meaning belief,ˈnaɪ.ə.lɪz.əm,noun,Nihilism values denies.,Vô chủ nghĩa,Niềm tin,,,true,2026-03-26 14:30:40.658877,2026-03-26 14:30:40.658877
aef80bab-d604-4a58-847a-2b7d2ffb0398,2d825671-b231-4d6a-9c0c-5ec2fa5d7d70,Father,Male parent,ˈfɑ.ðɚ,noun,My father works hard.,Bố,Cha mẹ nam,,,true,2026-03-26 14:30:40.658877,2026-03-26 14:30:40.658877
aefeca00-30f7-4759-9c65-c9ba3e3ff883,805d2653-cac0-438b-953b-cb1f832c4321,Vice,Moral fault,vaɪs,noun,Vice unhappiness.,Tội lỗi,Lỗi đạo,,,true,2026-03-26 14:30:40.658877,2026-03-26 14:30:40.658877
af359d54-12f8-4043-a2e8-805802ef9354,bdace7d5-30a7-49fe-a09e-ea0657efb79d,vegetable,edible plant parts,/vegetable/,danh từ,Green vegetables are healthy,rau,phần cây có thể ăn,,,true,2026-03-18 23:26:07.668,2026-03-18 23:26:07.668
af768a56-07c4-4928-88a9-c85cfd28b66a,6099eea9-f4d6-4738-9662-d01b6f6f2a12,chalk,writing material for board,/chalk/,danh từ,chalk example,chalk,Một khái niệm liên quan đến school,,,true,2026-03-18 23:27:06.141,2026-03-18 23:27:06.141
af86039c-0262-43fc-b23c-b41ea3e7ec6a,4a545b1d-d759-4331-b1c8-6619db4b1e87,Happy,Feeling joy,ˈhæp.i,adjective,I am happy today.,Vui,Cảm giác vui,,,true,2026-03-26 14:30:40.658877,2026-03-26 14:30:40.658877
af88ed10-7dcc-443c-911c-37ecb1c87221,73f5c5b2-5c82-4434-bcef-a0ad0e5d7de5,Brother,Male sibling,ˈbrʌð.ɚ,noun,My brother plays sports.,Anh em trai,Anh chị em,,,true,2026-03-26 14:30:40.658877,2026-03-26 14:30:40.658877
afe81d3b-9a0a-4fcd-945b-35adc44764e0,a6f9ef68-d647-4df6-9121-19ec9c0fee72,See you later,Casual goodbye,ˌsi juː ˈleɪ.tɚ,phrase,See you later!,Gặp lại,Tạm biệt,,,true,2026-03-26 14:30:40.658877,2026-03-26 14:30:40.658877
aff584f6-1214-4bed-b6df-68521f929dca,f19c0271-02f0-46de-b01d-d124844bd385,Daughter,Female child,ˈdɔ.tɚ,noun,She has daughters.,Con gái,Đứa con nữ,,,true,2026-03-26 14:30:40.658877,2026-03-26 14:30:40.658877
b0495d72-816e-4c4b-8669-e5a9d5f02450,bced27c8-2c20-4107-bf2d-2dfe46687373,Wife,Married woman,waɪf,noun,His wife is teacher.,Vợ,Người phụ nữ kết,,,true,2026-03-26 14:30:40.658877,2026-03-26 14:30:40.658877
b07fa99b-f128-4455-9d6e-a03c44481826,7e5d0907-64fa-482f-b968-a5efd9168a61,Pragmatism,Results based,ˈpræɡ.mə.tɪz.əm,noun,Pragmatism results.,Thực dụng,Dựa trên,,,true,2026-03-26 14:30:40.658877,2026-03-26 14:30:40.658877
b0e41b7e-3ea4-4639-9823-6775de87eb8e,808c58db-c3c6-41b1-91d8-61e689795ae6,midnight,12 midnight; middle of night,ˈmɪdnaɪt,danh từ,Midnight is 12pm,nửa đêm,Lúc 12 giờ đêm; giữa đêm,,,true,2026-03-18 23:22:53.645,2026-03-18 23:22:53.645
b10f7fe0-ac60-4301-817c-b2130f7def8d,faf4d62d-4fb0-4373-8fd4-3a5360963de1,Happy,Feeling joy,ˈhæp.i,adjective,I am happy today.,Vui,Cảm giác vui,,,true,2026-03-26 14:30:40.658877,2026-03-26 14:30:40.658877
b11c94cc-8adc-46da-8265-52d9203a20bb,cf8c05bc-3687-4329-be42-38da0c0125ca,Existence,State being,ɪɡˈzɪs.təns,noun,Existence God debated.,Tồn tại,Trạng thái hiện,,,true,2026-03-26 14:30:40.658877,2026-03-26 14:30:40.658877
b15fd877-f8b8-4442-8785-36da27fec0c0,644fe377-999e-4856-ae36-3bbea5352c69,Wife,Married woman,waɪf,noun,His wife is teacher.,Vợ,Người phụ nữ kết,,,true,2026-03-26 14:30:40.658877,2026-03-26 14:30:40.658877
b179bcd0-e345-4273-a831-c163918f6b23,0ceda941-9b55-403f-abf7-fb080315789d,november,the eleventh month of the year; autumn month,noʊˈvembər,danh từ,November is getting cold,tháng mười một,Tháng thứ mười một của năm; tháng mùa thu,,,true,2026-03-18 23:22:53.645,2026-03-18 23:22:53.645
b18b4f87-52e7-4da1-ae67-9454f1ca2573,12c09afc-e4cd-4cc3-b911-1e5d9e07c387,Confused,Feeling bewilderment,kənˈfjuzd,adjective,Confused instructions.,Bối rối,Cảm giác bối,,,true,2026-03-26 14:30:40.658877,2026-03-26 14:30:40.658877
b1c2d56a-51b4-4717-b56a-99ab9c93e11d,3762124f-a01f-42b4-a821-e14298c128dc,Twenty,Number 20,ˈtwɛn.ti,number,I have twenty dollars.,Hai mươi,Số 20,,,true,2026-03-26 14:30:40.658877,2026-03-26 14:30:40.658877
b1e1d450-52d3-4028-9f39-b38d02d18373,73ca6f19-8411-46ab-ae0d-39b4da6198c8,Epistemology,Knowledge study,ˌɛp.ɪ.stəˈmɑl.ə.dʒi,noun,Epistemology knowledge.,Nhận thức luận,Nghiên cứu,,,true,2026-03-26 14:30:40.658877,2026-03-26 14:30:40.658877
b1f68de5-47dd-4277-8d33-224148cfb74e,370abe73-2ce6-40b0-b3ef-82d8f9857e1f,Ethics,Moral principles,ˈɛθ.ɪks,noun,Ethics guide decisions.,Đạo đức,Nguyên tắc,,,true,2026-03-26 14:30:40.658877,2026-03-26 14:30:40.658877
b25c60bb-ba0b-4b44-83ee-65730dca8d4b,67c2c95b-aa85-4e49-a0b3-dfb7ee8a5b29,Confused,Feeling bewilderment,kənˈfjuzd,adjective,Confused instructions.,Bối rối,Cảm giác bối,,,true,2026-03-26 14:30:40.658877,2026-03-26 14:30:40.658877
b2ad5e29-5372-4932-b0ff-c66155e173dc,fed0d635-a1bb-4732-bb7a-b8caf4c21b12,beach,sandy shore by ocean,/beach/,danh từ,beach example,beach,Một khái niệm liên quan đến travel,,,true,2026-03-18 23:27:06.141,2026-03-18 23:27:06.141
b2d63724-56fb-42de-a931-312657a0812e,dd37cd9c-fd13-43c8-8f32-cc50a38476a0,Existentialism,Existence philosophy,ˌɛɡ.zɪˈstɛn.ʃə.lɪz.əm,noun,Existentialism freedom.,Hiện sinh chủ,Triết học,,,true,2026-03-26 14:30:40.658877,2026-03-26 14:30:40.658877
b3058a2a-37d6-4424-b111-5f86f70dafdd,2bddc0bd-c221-4bc1-8b6f-72096e4a7674,Excited,Feeling enthusiasm,ɪkˈsaɪ.tɪd,adjective,I excited trip.,Phấn khích,Cảm giác hạnh,,,true,2026-03-26 14:30:40.658877,2026-03-26 14:30:40.658877
b3262f56-8864-4647-b35d-5f49642496f6,cdf5e6d8-efec-4421-8c70-814cd0fff4e7,balance,total amount in account,/balance/,danh từ,balance example,balance,Một khái niệm liên quan đến finance,,,true,2026-03-18 23:27:06.141,2026-03-18 23:27:06.141
b328bff0-6969-47c7-b7ad-79af2fc7a79a,5c7eeb64-bb5a-42f9-8b15-33d0428dd34d,Twenty,Number 20,ˈtwɛn.ti,number,I have twenty dollars.,Hai mươi,Số 20,,,true,2026-03-26 14:30:40.658877,2026-03-26 14:30:40.658877
b32ee879-4366-4680-b8dd-a5a85d352104,29889dcf-a772-4499-bf3b-826af93ea3b0,Happy,Feeling joy,ˈhæp.i,adjective,I am happy today.,Vui,Cảm giác vui,,,true,2026-03-26 14:30:40.658877,2026-03-26 14:30:40.658877
b344041a-8caa-4aa1-b473-d5f8ca135c4b,e1c6a531-951b-49e8-a205-ed0b9486f723,Epistemology,Knowledge study,ˌɛp.ɪ.stəˈmɑl.ə.dʒi,noun,Epistemology knowledge.,Nhận thức luận,Nghiên cứu,,,true,2026-03-26 14:30:40.658877,2026-03-26 14:30:40.658877
b349cc7b-eea9-4518-b094-a094855318ef,9c08d2d5-ab12-4b90-9273-35e16928fd20,Cousin,Relative child,ˈkʌz.ən,noun,My cousin lives nearby.,Em họ,Con chú dì,,,true,2026-03-26 14:30:40.658877,2026-03-26 14:30:40.658877
b37f6cf0-7d1e-4571-848a-6745e99ab538,967cb953-d9f0-413d-9444-c2de97d17102,Imagery,Descriptive sensory language,ˈɪm.ə.dʒer.i,noun,Poetry uses vivid imagery.,Hình ảnh,Ngôn ngữ mô tả,,,true,2026-03-26 14:30:40.658877,2026-03-26 14:30:40.658877
b38d2209-32d1-4ffa-a390-ec59016b54c9,967cb953-d9f0-413d-9444-c2de97d17102,Foreshadowing,Hint of future,ˌfɔrˈʃæd.oʊ.ɪŋ,noun,Author uses foreshadowing.,Báo trước,Gợi ý tương lai,,,true,2026-03-26 14:30:40.658877,2026-03-26 14:30:40.658877
b3c13f36-2849-436f-9eb6-0492abd896ed,f19c0271-02f0-46de-b01d-d124844bd385,Father,Male parent,ˈfɑ.ðɚ,noun,My father works hard.,Bố,Cha mẹ nam,,,true,2026-03-26 14:30:40.658877,2026-03-26 14:30:40.658877
b3d4faec-b5da-465e-84f5-e35f8db627a3,b4326ceb-0fb7-49f5-aac6-a54bdd1d9163,Nihilism,Nothing meaning belief,ˈnaɪ.ə.lɪz.əm,noun,Nihilism values denies.,Vô chủ nghĩa,Niềm tin,,,true,2026-03-26 14:30:40.658877,2026-03-26 14:30:40.658877
b3e3f72a-f759-4bf7-a5b5-19d5ab5ba7be,81aeef50-eae8-4ff2-941c-b321e482e121,Logic,Reasoning system,ˈlɑdʒ.ɪk,noun,Logic basis philosophy.,Lôgic,Hệ thống,,,true,2026-03-26 14:30:40.658877,2026-03-26 14:30:40.658877
b3eb6e79-01e5-4160-bccf-ce5aec2ca274,2cf6f90d-7ccb-417b-929e-361097a98afa,Baroque,Ornate elaborate style,bəˈrok,noun,Baroque is elaborate.,Baroque,Phong cách chi tiết,,,true,2026-03-26 14:30:40.658877,2026-03-26 14:30:40.658877
b3ecb5a0-3751-43e4-a484-ed12b8815512,805d2653-cac0-438b-953b-cb1f832c4321,Stoicism,Virtue philosophy,ˈstoʊ.ɪ.sɪz.əm,noun,Stoicism teaches acceptance.,Khắc kỷ,Triết học,,,true,2026-03-26 14:30:40.658877,2026-03-26 14:30:40.658877
b431d641-3e6e-49b5-8b74-a35ef9c94a90,f2867ff8-da21-42e1-ad58-ff38fa6324b8,Baby,Young child,ˈbeɪ.bi,noun,Baby is sleeping.,Em bé,Trẻ sơ sinh,,,true,2026-03-26 14:30:40.658877,2026-03-26 14:30:40.658877
b439571a-e085-4228-b82b-f77315957666,ad3e6677-2586-40ff-bd67-b5e6acd96ad7,Sad,Feeling sorrow,sæd,adjective,He feels sad loss.,Buồn,Cảm giác buồn,,,true,2026-03-26 14:30:40.658877,2026-03-26 14:30:40.658877
b4579ddb-b072-4b6e-bcd3-04a9d304e361,b48f8788-ab02-4e87-a86b-e4cda07b2a8d,Cousin,Relative child,ˈkʌz.ən,noun,My cousin lives nearby.,Em họ,Con chú dì,,,true,2026-03-26 14:30:40.658877,2026-03-26 14:30:40.658877
b461ef3d-2c16-400f-b091-1f115edb33cb,efe6a928-8995-47cc-8e83-458a37872a80,Grandfather,Father of parent,ˈɡræn.ˌfɑ.ðɚ,noun,Grandfather is wise.,Ông,"Ngoại, nội",,,true,2026-03-26 14:30:40.658877,2026-03-26 14:30:40.658877
b4a78a0b-e01a-4425-823b-a1a42c87e245,b07f3d0e-a184-4cd0-937d-4f3cbd063d36,How are,Ask health,ˌhaʊ ɑr,phrase,How are today?,Khỏe không,Hỏi sức khỏe,,,true,2026-03-26 14:30:40.658877,2026-03-26 14:30:40.658877
b4ac176b-f6d7-446f-a0bb-0849b567f747,4622c636-7957-4f30-9bc4-5fae81775631,attic,room under roof,/attic/,danh từ,Attic storage,gác mái,phòng dưới mái nhà,,,true,2026-03-18 23:26:07.668,2026-03-18 23:26:07.668
b4bb4d78-4991-4e5c-8323-07105a388cdc,563bcdd8-3e04-4744-947b-08885bc9308b,Family,Relatives group,ˈfæm.ə.li,noun,My family is happy.,Gia đình,Nhóm thân,,,true,2026-03-26 14:30:40.658877,2026-03-26 14:30:40.658877
b4d00f7b-223f-45b4-bc66-9b5e69031034,33b3b961-a831-48ce-bcba-4ec9b1406006,Have nice day,Wishful farewell,ˌhæv ə ˌnaɪs ˈdeɪ,phrase,Have nice day!,Chúc ngày tốt,Lời chúc,,,true,2026-03-26 14:30:40.658877,2026-03-26 14:30:40.658877
b4d25d3f-1eca-49c7-86f6-ae6df7112779,f3aaed13-86c6-49be-8f73-c117a646f1ff,Relaxed,Feeling calmness,rɪˈlækst,adjective,Relaxed home.,Thư thái,Cảm giác calm,,,true,2026-03-26 14:30:40.658877,2026-03-26 14:30:40.658877
b4e53b3b-6445-4937-a3f8-00123b6d1ac6,5ff5c9d7-f265-4925-88c7-c44b7ae1e531,toe,digit on foot,toʊ,danh từ,I have ten toes,ngón chân,chữ số trên chân,,,true,2026-03-18 23:26:07.668,2026-03-18 23:26:07.668
b4e86e92-5117-4326-81ce-23a6e6138f29,808c58db-c3c6-41b1-91d8-61e689795ae6,morning,early part of day from sunrise to noon,ˈmɔːrnɪŋ,danh từ,I wake up in morning,buổi sáng,Phần đầu ngày từ mặt trời mọc đến trưa,,,true,2026-03-18 23:22:53.645,2026-03-18 23:22:53.645
b4eea0ee-c8a6-4340-8fa4-21a60b702037,2f78ac95-e536-4cc1-bd0e-e350497283ee,Cousin,Relative child,ˈkʌz.ən,noun,My cousin lives nearby.,Em họ,Con chú dì,,,true,2026-03-26 14:30:40.658877,2026-03-26 14:30:40.658877
b4f162c4-4637-4001-bb93-7ad1a2ec0432,12c09afc-e4cd-4cc3-b911-1e5d9e07c387,Angry,Feeling rage,ˈæŋ.ɡri,adjective,She is angry us.,Tức giận,Cảm giác giận,,,true,2026-03-26 14:30:40.658877,2026-03-26 14:30:40.658877
b51b8fda-5654-4012-b5aa-acc8b5686a9c,41b7f321-295c-488c-af33-14211bb75fa7,Father,Male parent,ˈfɑ.ðɚ,noun,My father works hard.,Bố,Cha mẹ nam,,,true,2026-03-26 14:30:40.658877,2026-03-26 14:30:40.658877
b53288e5-21ee-43f9-a41d-938f65c8bbbb,1a91724d-2d99-4c3f-a140-ea1e6c617aeb,Two,Number 2,tu,number,I have two dogs.,Hai,Số 2,,,true,2026-03-26 14:30:40.658877,2026-03-26 14:30:40.658877
b542004d-eb1d-4fea-9d93-7f85bc884015,764cc2ce-f217-4c78-9799-04685ba95ab7,shoes,worn on feet for protection,ʃuːz,danh từ,Sports shoes are comfortable,giày,mặc trên chân để bảo vệ,,,true,2026-03-18 23:26:07.668,2026-03-18 23:26:07.668
b54d0409-f086-492e-930e-cab416d30f47,a27485a8-7d88-47ed-8ce5-93266a425c11,Stoicism,Virtue philosophy,ˈstoʊ.ɪ.sɪz.əm,noun,Stoicism teaches acceptance.,Khắc kỷ,Triết học,,,true,2026-03-26 14:30:40.658877,2026-03-26 14:30:40.658877
b5697581-3cd0-4741-8aef-2df8931adc4f,859a1e12-e633-40e5-b4e2-b7e9dfd2a7d7,violet,a purple color; the color at the end of rainbow,ˈvaɪələt,danh từ,Violet at rainbow end,màu tím nhạt,Một màu tím; màu ở cuối cầu vồng,,,true,2026-03-18 23:22:53.645,2026-03-18 23:22:53.645
b57db713-6a52-4305-8956-43007ae27d9a,70c77765-6416-4d36-950a-7c93580b2fa0,Ashamed,Feeling shame,əˈʃeɪmd,adjective,He ashamed behavior.,Xấu hổ,Cảm giác xấu,,,true,2026-03-26 14:30:40.658877,2026-03-26 14:30:40.658877
b58d781d-a5e6-494a-8684-3bcc95647fcf,fed0d635-a1bb-4732-bb7a-b8caf4c21b12,forest,large area with trees,/forest/,danh từ,forest example,forest,Một khái niệm liên quan đến travel,,,true,2026-03-18 23:27:06.141,2026-03-18 23:27:06.141
b59db674-013d-49fa-8728-2fba626fd02a,3ee29751-c03a-4df1-b428-51e2797aba31,Metaphysics,Reality study,ˌmɛt.əˈfɪz.ɪks,noun,Metaphysics questions.,Siêu hình,Thực tại,,,true,2026-03-26 14:30:40.658877,2026-03-26 14:30:40.658877
b5d3d04a-37a3-4f6f-9cb1-3c506ee2dd2b,faf4d62d-4fb0-4373-8fd4-3a5360963de1,Amazed,Feeling wonder,əˈmeɪzd,adjective,I amazed view.,Kinh ngạc,Cảm giác bất,,,true,2026-03-26 14:30:40.658877,2026-03-26 14:30:40.658877
b5f8dbf9-51d1-43e0-a6e9-ac8635f34ace,9746df2b-8bde-432c-ab17-aac73f51c1f6,football,popular ball sport,/football/,danh từ,football example,bóng đá,Một khái niệm liên quan đến sports,,,true,2026-03-18 23:27:06.141,2026-03-18 23:27:06.141
b63e6138-044c-45b8-996e-7b0be42cc47d,474d17e5-c32b-4585-9bfd-feefa44aa3a8,Ontology,Existence study,ɑnˈtɑl.ə.dʒi,noun,Ontology explores reality.,Bản thể luận,Sự tồn tại,,,true,2026-03-26 14:30:40.658877,2026-03-26 14:30:40.658877
b67a5604-772b-497d-94d1-e3ef463e2ea0,68cc7887-5460-44f9-a583-9dbf0e95b24d,Aesthetics,Beauty study,ɛsˈθɛt.ɪks,noun,Aesthetics beauty.,Thẩm mỹ,Nghiên cứu,,,true,2026-03-26 14:30:40.658877,2026-03-26 14:30:40.658877
b6ccbb52-5571-41a3-a823-1394e1fea6e3,9746df2b-8bde-432c-ab17-aac73f51c1f6,hockey,fast paced ice or field sport,/hockey/,danh từ,hockey example,hockey,Một khái niệm liên quan đến sports,,,true,2026-03-18 23:27:06.141,2026-03-18 23:27:06.141
b6d437ea-4eaa-40ca-ad8b-882766cea549,dd56df6c-e0c0-44a9-b706-28b5106b1978,Logic,Reasoning system,ˈlɑdʒ.ɪk,noun,Logic basis philosophy.,Lôgic,Hệ thống,,,true,2026-03-26 14:30:40.658877,2026-03-26 14:30:40.658877
b6ec24a2-078c-4668-971c-5be2620641b7,ad3e6677-2586-40ff-bd67-b5e6acd96ad7,Happy,Feeling joy,ˈhæp.i,adjective,I am happy today.,Vui,Cảm giác vui,,,true,2026-03-26 14:30:40.658877,2026-03-26 14:30:40.658877
b6fae7ea-8267-430c-9edb-dc6b730a724b,644fe377-999e-4856-ae36-3bbea5352c69,Cousin,Relative child,ˈkʌz.ən,noun,My cousin lives nearby.,Em họ,Con chú dì,,,true,2026-03-26 14:30:40.658877,2026-03-26 14:30:40.658877
b6fdaae2-1482-40f1-90ea-a60516dd2043,2bddc0bd-c221-4bc1-8b6f-72096e4a7674,Scared,Feeling fear,skɛrd,adjective,Child scared dark.,Sợ,Cảm giác sợ,,,true,2026-03-26 14:30:40.658877,2026-03-26 14:30:40.658877
b7056d2d-cd8f-45ed-a365-eba673da8cc3,0ceda941-9b55-403f-abf7-fb080315789d,weekday,any day from Monday to Friday; working day,ˈwiːkdeɪ,danh từ,Weekdays I work,ngày trong tuần,Bất kỳ ngày nào từ Thứ hai đến Thứ sáu; ngày làm việc,,,true,2026-03-18 23:22:53.645,2026-03-18 23:22:53.645
b70a9e79-b4aa-4489-812a-3a3ed6b173b1,88443e68-aebe-44f0-800c-c17266b21ff9,Tired,Feeling exhaustion,ˈtaɪɚd,adjective,I tired after work.,Mệt,Cảm giác mỏi,,,true,2026-03-26 14:30:40.658877,2026-03-26 14:30:40.658877
b7280b47-1790-491f-9dc7-f1b3bccd853a,c4423548-9463-45ef-bc70-285c0c8c3ea1,Existence,State being,ɪɡˈzɪs.təns,noun,Existence God debated.,Tồn tại,Trạng thái hiện,,,true,2026-03-26 14:30:40.658877,2026-03-26 14:30:40.658877
b7336f74-1dcb-4817-9cee-0b4081b50dc0,d0d60af4-a86f-4442-a1a0-892d2a5cdbd3,Pragmatism,Results based,ˈpræɡ.mə.tɪz.əm,noun,Pragmatism results.,Thực dụng,Dựa trên,,,true,2026-03-26 14:30:40.658877,2026-03-26 14:30:40.658877
b76f8677-edf2-429f-af86-36bc5974f283,88443e68-aebe-44f0-800c-c17266b21ff9,Jealous,Feeling envy,ˈdʒɛl.əs,adjective,Jealous sister.,Ghen tị,Cảm giác ghen,,,true,2026-03-26 14:30:40.658877,2026-03-26 14:30:40.658877
b7726756-667e-414b-9782-def228364694,568d01b2-5a64-4823-afa2-fd4664ca4c1c,Eight,Number 8,eɪt,number,I have eight pens.,Tám,Số 8,,,true,2026-03-26 14:30:40.658877,2026-03-26 14:30:40.658877
b78bb5bb-1aa7-463f-8be9-5cc918296fd3,644fe377-999e-4856-ae36-3bbea5352c69,Mother,Female parent,ˈmʌð.ɚ,noun,My mother is kind.,Mẹ,Cha mẹ nữ,,,true,2026-03-26 14:30:40.658877,2026-03-26 14:30:40.658877
b7a88314-f782-417f-9ecc-0e466f012828,9c08d2d5-ab12-4b90-9273-35e16928fd20,Daughter,Female child,ˈdɔ.tɚ,noun,She has daughters.,Con gái,Đứa con nữ,,,true,2026-03-26 14:30:40.658877,2026-03-26 14:30:40.658877
b7b1702d-ee5e-4931-9b3c-5eb69c668ecf,4622c636-7957-4f30-9bc4-5fae81775631,office,room for work,/office/,danh từ,Quiet office,phòng làm việc,phòng để làm việc,,,true,2026-03-18 23:26:07.668,2026-03-18 23:26:07.668
b7b88232-ba15-4c74-a624-1fa34c719a45,a844c983-7824-498a-811d-ed90b6d6f9e1,change,money returned after payment,/change/,danh từ,change example,change,Một khái niệm liên quan đến shopping,,,true,2026-03-18 23:27:06.141,2026-03-18 23:27:06.141
b7b88389-4366-4f8b-b9c9-4af4cfb5d36b,306cd435-7556-4ca6-b508-0a5dfdec7100,Nine,Number 9,naɪn,number,I have nine flowers.,Chín,Số 9,,,true,2026-03-26 14:30:40.658877,2026-03-26 14:30:40.658877
b7c3393f-a090-4bc3-a215-870b8855c501,819c177f-eeaa-482b-9a10-e90cca890e76,Angry,Feeling rage,ˈæŋ.ɡri,adjective,She is angry us.,Tức giận,Cảm giác giận,,,true,2026-03-26 14:30:40.658877,2026-03-26 14:30:40.658877
b814ab18-fa95-485c-b4e3-6fea63f6ff7c,1e983eef-be0a-4a27-abd9-c548efdf1633,Family,Relatives group,ˈfæm.ə.li,noun,My family is happy.,Gia đình,Nhóm thân,,,true,2026-03-26 14:30:40.658877,2026-03-26 14:30:40.658877
b81d422f-355c-4862-a3d3-63065aff483b,3190f865-ff2e-4de4-8878-b0a874c044ac,confused,feeling of bewilderment,/confused/,danh từ,confused example,confused,Một khái niệm liên quan đến emotions,,,true,2026-03-18 23:27:06.141,2026-03-18 23:27:06.141
b81e978d-25ac-47bb-aa33-35424feae2a9,861b28e6-a21c-4b16-8250-0228c87f55b4,Seven,Number 7,ˈsɛv.ən,number,I have seven  coins.,Bảy,Số 7,,,true,2026-03-26 14:30:40.658877,2026-03-26 14:30:40.658877
b8300bd4-1578-4651-9f45-6eb579f8a622,2f78ac95-e536-4cc1-bd0e-e350497283ee,Sister,Female sibling,ˈsɪs.tɚ,noun,My sister likes reading.,Chị em gái,Chị em gái,,,true,2026-03-26 14:30:40.658877,2026-03-26 14:30:40.658877
b85956a9-5046-449e-a705-d3eb97e12f92,67df2b1f-aa96-48db-b64d-0d889f000e9a,Excited,Feeling enthusiasm,ɪkˈsaɪ.tɪd,adjective,I excited trip.,Phấn khích,Cảm giác hạnh,,,true,2026-03-26 14:30:40.658877,2026-03-26 14:30:40.658877
b86d719d-197d-4e7f-80ae-675c160b7547,59baddf7-e856-4276-9fab-c2cbd73c8911,Scared,Feeling fear,skɛrd,adjective,Child scared dark.,Sợ,Cảm giác sợ,,,true,2026-03-26 14:30:40.658877,2026-03-26 14:30:40.658877
b86ee937-d783-443a-ac40-5a25521e3050,23517e96-f9dd-4318-8b61-083c140556f8,Pragmatism,Results based,ˈpræɡ.mə.tɪz.əm,noun,Pragmatism results.,Thực dụng,Dựa trên,,,true,2026-03-26 14:30:40.658877,2026-03-26 14:30:40.658877
b88978e6-252c-4759-b8dd-06e0d5cc9c3e,73ca6f19-8411-46ab-ae0d-39b4da6198c8,Aesthetics,Beauty study,ɛsˈθɛt.ɪks,noun,Aesthetics beauty.,Thẩm mỹ,Nghiên cứu,,,true,2026-03-26 14:30:40.658877,2026-03-26 14:30:40.658877
b8fb9faa-7a74-4bd1-a513-790ff28664ac,71802fc1-9c2b-49d9-93ca-0140d294e318,symptom,sign of illness,/symptom/,danh từ,symptom example,symptom,Một khái niệm liên quan đến health,,,true,2026-03-18 23:27:06.141,2026-03-18 23:27:06.141
b9002fa3-1741-4ec0-bd4f-117d71e49b79,1768a53f-3b47-4afe-a231-feea190002ef,Existence,State being,ɪɡˈzɪs.təns,noun,Existence God debated.,Tồn tại,Trạng thái hiện,,,true,2026-03-26 14:30:40.658877,2026-03-26 14:30:40.658877
b90f2a5a-2c25-4466-9265-c4917bc4b753,1768a53f-3b47-4afe-a231-feea190002ef,Vice,Moral fault,vaɪs,noun,Vice unhappiness.,Tội lỗi,Lỗi đạo,,,true,2026-03-26 14:30:40.658877,2026-03-26 14:30:40.658877
b919e392-000b-43b9-829e-9ce7550861f5,484c0e0d-e1af-4005-87ba-675dd65a4bae,Grandmother,Mother of parent,ˈɡræn.ˌmʌð.ɚ,noun,Grandmother tells stories.,Bà,"Ngoại, nội",,,true,2026-03-26 14:30:40.658877,2026-03-26 14:30:40.658877
b9315839-d7af-42ea-ab17-cc9ec0363a51,8f558c2d-9555-4f2e-a822-5c74891ffe67,Good afternoon,Afternoon greeting,ˌɡʊd ˌæf.tɚˈnun,phrase,Good afternoon!,Chào chiều,Lời chào chiều,,,true,2026-03-26 14:30:40.658877,2026-03-26 14:30:40.658877
b970e830-ed8a-4bfe-b072-e69a11cab579,113a8d3e-ddda-4419-9a38-fde75df58c3e,Ashamed,Feeling shame,əˈʃeɪmd,adjective,He ashamed behavior.,Xấu hổ,Cảm giác xấu,,,true,2026-03-26 14:30:40.658877,2026-03-26 14:30:40.658877
b97cb1bb-368b-4da5-b244-5df46b96fbfe,aa794f3a-f98a-43df-8271-67b923f0f383,Amazed,Feeling wonder,əˈmeɪzd,adjective,I amazed view.,Kinh ngạc,Cảm giác bất,,,true,2026-03-26 14:30:40.658877,2026-03-26 14:30:40.658877
b9953967-6576-4749-bdad-7ddecfed7aa2,e0dc609f-c176-4fdb-93bf-e39d087671f5,Epistemology,Knowledge study,ˌɛp.ɪ.stəˈmɑl.ə.dʒi,noun,Epistemology knowledge.,Nhận thức luận,Nghiên cứu,,,true,2026-03-26 14:30:40.658877,2026-03-26 14:30:40.658877
b9a0cfb9-9068-450c-8df5-7857b79c3e54,ddea0c96-bacc-484f-9d4d-66d741cc51d8,And you,Return greeting,ən juː,phrase,And you yourself?,Còn bạn,Trả lời chào,,,true,2026-03-26 14:30:40.658877,2026-03-26 14:30:40.658877
b9bdb823-ec44-45dc-966f-dec5aaf09935,cdbc767d-9b38-4792-a420-be0b00b83339,Aunt,Parent sister,ænt,noun,Aunt bakes cakes.,Cô dì,Chị em bố mẹ,,,true,2026-03-26 14:30:40.658877,2026-03-26 14:30:40.658877
b9e20277-a2dc-445c-93e8-dd7ca828a6a3,b48f8788-ab02-4e87-a86b-e4cda07b2a8d,Sister,Female sibling,ˈsɪs.tɚ,noun,My sister likes reading.,Chị em gái,Chị em gái,,,true,2026-03-26 14:30:40.658877,2026-03-26 14:30:40.658877
ba380188-8b02-4b91-9f6b-72993f57ce5c,1e983eef-be0a-4a27-abd9-c548efdf1633,Sister,Female sibling,ˈsɪs.tɚ,noun,My sister likes reading.,Chị em gái,Chị em gái,,,true,2026-03-26 14:30:40.658877,2026-03-26 14:30:40.658877
ba415527-fe4c-4ba8-b85d-2a90ba654ba5,f5e165ea-d9f9-45d5-90d3-2acf41ea2d21,four,the number 4; four things,fɔːr,danh từ,Table has four legs,số bốn,Số 4; bốn vật,,,true,2026-03-18 23:22:53.645,2026-03-18 23:22:53.645
ba728fcf-dbb6-4163-8a68-27cd0d1cd6b7,2cf6f90d-7ccb-417b-929e-361097a98afa,Renaissance,European cultural movement,ˌrɛn.əˈsɑns,noun,The Renaissance began Italy.,Phục hưng,Phong trào văn hóa,,,true,2026-03-26 14:30:40.658877,2026-03-26 14:30:40.658877
ba967229-d493-4d32-a7d8-f4965e202cb3,dd29c719-2106-4c8b-b503-aa3173b0b0df,Grandfather,Father of parent,ˈɡræn.ˌfɑ.ðɚ,noun,Grandfather is wise.,Ông,"Ngoại, nội",,,true,2026-03-26 14:30:40.658877,2026-03-26 14:30:40.658877
baa3a6e8-380c-4763-b7cd-9ee59acf08bc,33b3b961-a831-48ce-bcba-4ec9b1406006,See you later,Casual goodbye,ˌsi juː ˈleɪ.tɚ,phrase,See you later!,Gặp lại,Tạm biệt,,,true,2026-03-26 14:30:40.658877,2026-03-26 14:30:40.658877
baaa124a-1723-4553-8367-9d227b628c9e,81c08f3f-0705-472c-8a7e-682c4197dc80,Have nice day,Wishful farewell,ˌhæv ə ˌnaɪs ˈdeɪ,phrase,Have nice day!,Chúc ngày tốt,Lời chúc,,,true,2026-03-26 14:30:40.658877,2026-03-26 14:30:40.658877
badd6da9-b40f-47f5-a3e2-0494983bf375,efe6a928-8995-47cc-8e83-458a37872a80,Father,Male parent,ˈfɑ.ðɚ,noun,My father works hard.,Bố,Cha mẹ nam,,,true,2026-03-26 14:30:40.658877,2026-03-26 14:30:40.658877
bae01b82-4712-4706-a877-da7fc303d670,cf8c05bc-3687-4329-be42-38da0c0125ca,Pragmatism,Results based,ˈpræɡ.mə.tɪz.əm,noun,Pragmatism results.,Thực dụng,Dựa trên,,,true,2026-03-26 14:30:40.658877,2026-03-26 14:30:40.658877
bae0943c-dd40-4d30-bfb2-19f1533b5805,67c2c95b-aa85-4e49-a0b3-dfb7ee8a5b29,Happy,Feeling joy,ˈhæp.i,adjective,I am happy today.,Vui,Cảm giác vui,,,true,2026-03-26 14:30:40.658877,2026-03-26 14:30:40.658877
baf73144-3fce-4830-8237-13ab518108bd,819c177f-eeaa-482b-9a10-e90cca890e76,Confused,Feeling bewilderment,kənˈfjuzd,adjective,Confused instructions.,Bối rối,Cảm giác bối,,,true,2026-03-26 14:30:40.658877,2026-03-26 14:30:40.658877
bb29a594-996e-4a93-b340-09b5b455e37e,a6f9ef68-d647-4df6-9121-19ec9c0fee72,Hello,Polite greeting,həˈloʊ,interjection,"Hello, how are you?",Xin chào,Cách chào hỏi,,,true,2026-03-26 14:30:40.658877,2026-03-26 14:30:40.658877
bb3aa484-0139-459f-96b1-e46cfa7a29c4,e0dc609f-c176-4fdb-93bf-e39d087671f5,Existentialism,Existence philosophy,ˌɛɡ.zɪˈstɛn.ʃə.lɪz.əm,noun,Existentialism freedom.,Hiện sinh chủ,Triết học,,,true,2026-03-26 14:30:40.658877,2026-03-26 14:30:40.658877
bb5b1d55-77c5-42ce-bedc-4e7125783b77,3bbde304-12b8-40b2-a620-510efc4a776f,Ten,Number 10,tɛn,number,I have ten dollars.,Mười,Số 10,,,true,2026-03-26 14:30:40.658877,2026-03-26 14:30:40.658877
bb6e4a0e-0dcd-437a-aad6-f945ebc18a51,568d01b2-5a64-4823-afa2-fd4664ca4c1c,Seven,Number 7,ˈsɛv.ən,number,I have seven  coins.,Bảy,Số 7,,,true,2026-03-26 14:30:40.658877,2026-03-26 14:30:40.658877
bb70c976-5581-426c-9f5b-482c1694243a,eb6906e7-a8e8-4b94-9da9-59a659e92fda,humid,with lots of moisture in air,/humid/,danh từ,Humid day feels sticky,ẩm,với nhiều độ ẩm trong không khí,,,true,2026-03-18 23:26:07.668,2026-03-18 23:26:07.668
bb738e56-26b2-46ed-bbbe-eb161157f62b,ac13c7e8-492c-46d1-b46e-755272c6d9d6,Consciousness,Awareness self,ˈkɑn.ʃəs.nəs,noun,Consciousness mysterious.,Ý thức,Nhận thức,,,true,2026-03-26 14:30:40.658877,2026-03-26 14:30:40.658877
bba431ec-78c4-4224-9b4e-9e0f83c9fa62,eb6906e7-a8e8-4b94-9da9-59a659e92fda,thunderstorm,a storm with thunder and lightning,/thunderstorm/,danh từ,Thunderstorm at night,giông,bão với sấm chớp,,,true,2026-03-18 23:26:07.668,2026-03-18 23:26:07.668
bbac0092-66e9-4a84-9819-d66673b66469,6b254450-7004-433c-bf69-1fb053a62f52,Confident,Feeling self belief,ˈkɑn.fɪ.dənt,adjective,Confident skills.,Tự tin,Cảm giác tin,,,true,2026-03-26 14:30:40.658877,2026-03-26 14:30:40.658877
bbd2ccb8-a9a0-4f19-980b-d22b8f78aac3,484c0e0d-e1af-4005-87ba-675dd65a4bae,Grandfather,Father of parent,ˈɡræn.ˌfɑ.ðɚ,noun,Grandfather is wise.,Ông,"Ngoại, nội",,,true,2026-03-26 14:30:40.658877,2026-03-26 14:30:40.658877
bc069f94-1cb9-48dc-8762-981463efede0,2cf6f90d-7ccb-417b-929e-361097a98afa,Canvas,Painting surface,ˈkæn.vəs,noun,The artist stretched canvas.,Vải canvas,Bề mặt vẽ,,,true,2026-03-26 14:30:40.658877,2026-03-26 14:30:40.658877
bc24b632-d254-4703-a699-06a98316b9b7,3ea443f8-3295-449b-9410-9f7a9062bdb4,Daughter,Female child,ˈdɔ.tɚ,noun,She has daughters.,Con gái,Đứa con nữ,,,true,2026-03-26 14:30:40.658877,2026-03-26 14:30:40.658877
bc473a29-57d8-4a77-9e79-3ffde85f0cef,ce34e158-9a8f-400a-a082-d921b3afdb61,Twenty,Number 20,ˈtwɛn.ti,number,I have twenty dollars.,Hai mươi,Số 20,,,true,2026-03-26 14:30:40.658877,2026-03-26 14:30:40.658877
bc51d4a8-ff0b-462f-8440-ad8a8f3d693d,65b2fc5a-c86b-4f36-8107-f8ee0ebe5d78,Have nice day,Wishful farewell,ˌhæv ə ˌnaɪs ˈdeɪ,phrase,Have nice day!,Chúc ngày tốt,Lời chúc,,,true,2026-03-26 14:30:40.658877,2026-03-26 14:30:40.658877
bc52d530-be32-4b64-bce9-5dabab3304fa,eb6906e7-a8e8-4b94-9da9-59a659e92fda,foggy,with thick fog in air,/foggy/,danh từ,Foggy morning is dim,sương mù,sương mù dày trong không khí,,,true,2026-03-18 23:26:07.668,2026-03-18 23:26:07.668
bc8348ff-2771-47fc-b418-42e6862043a0,4622c636-7957-4f30-9bc4-5fae81775631,basement,room below ground,/basement/,danh từ,Basement storage,tầng hầm,phòng dưới mặt đất,,,true,2026-03-18 23:26:07.668,2026-03-18 23:26:07.668
bc981a08-bf94-4e1b-b8d3-0637f0ce095f,29889dcf-a772-4499-bf3b-826af93ea3b0,Sad,Feeling sorrow,sæd,adjective,He feels sad loss.,Buồn,Cảm giác buồn,,,true,2026-03-26 14:30:40.658877,2026-03-26 14:30:40.658877
bcc9a6ba-2225-44c3-82d0-d1a7a2b700e8,8f558c2d-9555-4f2e-a822-5c74891ffe67,See you later,Casual goodbye,ˌsi juː ˈleɪ.tɚ,phrase,See you later!,Gặp lại,Tạm biệt,,,true,2026-03-26 14:30:40.658877,2026-03-26 14:30:40.658877
bccdfc92-2bf2-494d-a4f7-93d2f33aae58,73f5c5b2-5c82-4434-bcef-a0ad0e5d7de5,Aunt,Parent sister,ænt,noun,Aunt bakes cakes.,Cô dì,Chị em bố mẹ,,,true,2026-03-26 14:30:40.658877,2026-03-26 14:30:40.658877
bcfbb3d8-840f-47d1-bf7c-4ebc75bd3462,c1c8f750-8c0e-4b88-89d9-149307fdb3e2,hunting,pursuing animals for sport,/hunting/,danh từ,hunting example,hunting,Một khái niệm liên quan đến hobbies,,,true,2026-03-18 23:27:06.141,2026-03-18 23:27:06.141
bd1eec67-ea77-4801-8eb4-37ed4c6907b3,c19483d2-a4f7-462e-a5b8-6fb57f61ef95,Grandmother,Mother of parent,ˈɡræn.ˌmʌð.ɚ,noun,Grandmother tells stories.,Bà,"Ngoại, nội",,,true,2026-03-26 14:30:40.658877,2026-03-26 14:30:40.658877
bd365596-9c49-46bc-865e-623e07588b69,c326f285-fc07-4764-a284-b7222d917173,Brother,Male sibling,ˈbrʌð.ɚ,noun,My brother plays sports.,Anh em trai,Anh chị em,,,true,2026-03-26 14:30:40.658877,2026-03-26 14:30:40.658877
bda63143-5c09-4d29-aca7-cffbca3f1f9f,e62729fd-2c68-41d8-8dea-aec377434133,Virtue,Moral quality,ˈvɝ.tʃu,noun,Virtue happiness path.,Đức hạnh,Phẩm chất,,,true,2026-03-26 14:30:40.658877,2026-03-26 14:30:40.658877
bda6c3cb-d778-4f66-9b2b-e7687de1da30,73f5c5b2-5c82-4434-bcef-a0ad0e5d7de5,Husband,Married man,ˈhʌz.bənd,noun,Her husband is doctor.,Chồng,Người đàn ông kết,,,true,2026-03-26 14:30:40.658877,2026-03-26 14:30:40.658877
bdb0c568-887a-47a6-b1d6-8bb03274aba6,be4596fe-4524-4164-9f6e-3ca16a48abc4,Please,Polite request,pliz,adverb,Please pass salt.,Vui lòng,Yêu cầu lịch sự,,,true,2026-03-26 14:30:40.658877,2026-03-26 14:30:40.658877
bdd1a88c-2f53-4aaf-bb9b-6f81c0ea8184,81c08f3f-0705-472c-8a7e-682c4197dc80,Excuse me,Get attention,ɪkˈskjuz mi,phrase,"Excuse me, bathroom?",Xin lỗi,Kêu gọi sự chú ý,,,true,2026-03-26 14:30:40.658877,2026-03-26 14:30:40.658877
be3e83ba-a075-4687-a815-79cd284821fb,cdbc767d-9b38-4792-a420-be0b00b83339,Wife,Married woman,waɪf,noun,His wife is teacher.,Vợ,Người phụ nữ kết,,,true,2026-03-26 14:30:40.658877,2026-03-26 14:30:40.658877
be4268f6-dec0-4ace-8ce2-6e5aab0724dc,2cf6f90d-7ccb-417b-929e-361097a98afa,Expressionism,Distortion expresses emotion,ɪkˈsprɛʃ.ə.nɪz.əm,noun,German expressionism emerged.,Biểu hiện,Biểu diễn cảm xúc,,,true,2026-03-26 14:30:40.658877,2026-03-26 14:30:40.658877
be452853-ceec-4c21-8a1f-129a057b81c5,f19c0271-02f0-46de-b01d-d124844bd385,Sister,Female sibling,ˈsɪs.tɚ,noun,My sister likes reading.,Chị em gái,Chị em gái,,,true,2026-03-26 14:30:40.658877,2026-03-26 14:30:40.658877
be676023-d792-4066-9b53-4478fbd1880f,e1c6a531-951b-49e8-a205-ed0b9486f723,Ontology,Existence study,ɑnˈtɑl.ə.dʒi,noun,Ontology explores reality.,Bản thể luận,Sự tồn tại,,,true,2026-03-26 14:30:40.658877,2026-03-26 14:30:40.658877
beabf7a4-0073-43a6-aa96-c55ebee452c7,cc221d3d-60b1-4412-953e-65d4d427c9fc,Please,Polite request,pliz,adverb,Please pass salt.,Vui lòng,Yêu cầu lịch sự,,,true,2026-03-26 14:30:40.658877,2026-03-26 14:30:40.658877
bef3f3f7-e693-4258-a5bc-c86d02d3740a,81af8b32-9da0-4143-8743-6fdc051fac85,See you later,Casual goodbye,ˌsi juː ˈleɪ.tɚ,phrase,See you later!,Gặp lại,Tạm biệt,,,true,2026-03-26 14:30:40.658877,2026-03-26 14:30:40.658877
bf018b2b-1e42-4e38-9bd3-936e2d406cdf,c19483d2-a4f7-462e-a5b8-6fb57f61ef95,Uncle,Parent brother,ˈʌŋ.kəl,noun,Uncle visits every week.,Chú bác,Anh em bố mẹ,,,true,2026-03-26 14:30:40.658877,2026-03-26 14:30:40.658877
bf0bd1b4-fbbe-4c52-8cf7-a5e922e60c84,84b45efa-148b-4307-94b0-ebaae6c7b32a,Dialectic,Argument method,daɪˈælɛk.tɪk,noun,Hegel dialectic used.,Biện luận,Phương pháp,,,true,2026-03-26 14:30:40.658877,2026-03-26 14:30:40.658877
bf1fd0d6-301c-4532-a8dc-38e7100ccb29,8f558c2d-9555-4f2e-a822-5c74891ffe67,Goodbye,Farewell,ˌɡʊdˈbaɪ,interjection,"Goodbye, see you.",Tạm biệt,Lời tạm biệt,,,true,2026-03-26 14:30:40.658877,2026-03-26 14:30:40.658877
bf30b96f-827c-44d0-8f88-1ef91b6c65d8,ac13c7e8-492c-46d1-b46e-755272c6d9d6,Metaphysics,Reality study,ˌmɛt.əˈfɪz.ɪks,noun,Metaphysics questions.,Siêu hình,Thực tại,,,true,2026-03-26 14:30:40.658877,2026-03-26 14:30:40.658877
bf7e4ad5-af24-4376-a133-4daaf956f9b9,bdace7d5-30a7-49fe-a09e-ea0657efb79d,lemon,a small yellow citrus fruit with sour taste,ˈlemən,danh từ,Lemon is sour,chanh,Một quả cam họat nhỏ với vị chua,,,true,2026-03-18 23:22:53.645,2026-03-18 23:22:53.645
bf979e65-6a01-46bd-afe0-e0ad7e682400,67c2c95b-aa85-4e49-a0b3-dfb7ee8a5b29,Excited,Feeling enthusiasm,ɪkˈsaɪ.tɪd,adjective,I excited trip.,Phấn khích,Cảm giác hạnh,,,true,2026-03-26 14:30:40.658877,2026-03-26 14:30:40.658877
bfa2ba95-e6f8-4d9b-9c18-9885cf0ebf86,474d17e5-c32b-4585-9bfd-feefa44aa3a8,Aesthetics,Beauty study,ɛsˈθɛt.ɪks,noun,Aesthetics beauty.,Thẩm mỹ,Nghiên cứu,,,true,2026-03-26 14:30:40.658877,2026-03-26 14:30:40.658877
bfbba0e7-6fe6-4e69-9dcc-cddd14826b90,1a91724d-2d99-4c3f-a140-ea1e6c617aeb,Three,Number 3,θri,number,I have three birds.,Ba,Số 3,,,true,2026-03-26 14:30:40.658877,2026-03-26 14:30:40.658877
c0816ee0-4faa-469b-8d00-2932d41ed261,afa3e499-8717-431c-93a3-3d851d68fc7e,Baby,Young child,ˈbeɪ.bi,noun,Baby is sleeping.,Em bé,Trẻ sơ sinh,,,true,2026-03-26 14:30:40.658877,2026-03-26 14:30:40.658877
c0d24dc9-fbd3-4688-a6f0-acde0405b23e,6099eea9-f4d6-4738-9662-d01b6f6f2a12,english,language study class,/english/,danh từ,english example,english,Một khái niệm liên quan đến school,,,true,2026-03-18 23:27:06.141,2026-03-18 23:27:06.141
c0f58dc7-a433-4ec3-bc46-15fa1fbc42f6,474d17e5-c32b-4585-9bfd-feefa44aa3a8,Existence,State being,ɪɡˈzɪs.təns,noun,Existence God debated.,Tồn tại,Trạng thái hiện,,,true,2026-03-26 14:30:40.658877,2026-03-26 14:30:40.658877
c0f5eec6-75e5-4b62-a6b0-7a9ace39fe5d,dd56df6c-e0c0-44a9-b706-28b5106b1978,Existence,State being,ɪɡˈzɪs.təns,noun,Existence God debated.,Tồn tại,Trạng thái hiện,,,true,2026-03-26 14:30:40.658877,2026-03-26 14:30:40.658877
c1055732-a5dc-4159-8151-3a0904d0c1de,ed55870d-2fd2-4ba1-b0aa-7a280a6cd587,Aesthetics,Beauty study,ɛsˈθɛt.ɪks,noun,Aesthetics beauty.,Thẩm mỹ,Nghiên cứu,,,true,2026-03-26 14:30:40.658877,2026-03-26 14:30:40.658877
c1f909d6-5bbf-48dc-a965-1ad42e3b471c,95ad0b6d-ecef-4e64-9d00-1f9a355214bb,Sad,Feeling sorrow,sæd,adjective,He feels sad loss.,Buồn,Cảm giác buồn,,,true,2026-03-26 14:30:40.658877,2026-03-26 14:30:40.658877
c1fd2833-cf8e-40b6-99fe-9852718f1a91,88443e68-aebe-44f0-800c-c17266b21ff9,Confident,Feeling self belief,ˈkɑn.fɪ.dənt,adjective,Confident skills.,Tự tin,Cảm giác tin,,,true,2026-03-26 14:30:40.658877,2026-03-26 14:30:40.658877
c216269d-5b77-4eda-b067-7cc4bf53a20d,5dd944a2-6707-4592-a3c4-99c480de8197,Relaxed,Feeling calmness,rɪˈlækst,adjective,Relaxed home.,Thư thái,Cảm giác calm,,,true,2026-03-26 14:30:40.658877,2026-03-26 14:30:40.658877
c2363d88-f428-4c8e-85cc-a56d107c3b0b,dab29c7e-633e-4611-83f9-6a1781fed230,Epistemology,Knowledge study,ˌɛp.ɪ.stəˈmɑl.ə.dʒi,noun,Epistemology knowledge.,Nhận thức luận,Nghiên cứu,,,true,2026-03-26 14:30:40.658877,2026-03-26 14:30:40.658877
c24dc045-0c72-435d-9bd9-f4b6bf601054,67df2b1f-aa96-48db-b64d-0d889f000e9a,Tired,Feeling exhaustion,ˈtaɪɚd,adjective,I tired after work.,Mệt,Cảm giác mỏi,,,true,2026-03-26 14:30:40.658877,2026-03-26 14:30:40.658877
c24f73fa-f77d-4b11-ba31-9f38600a6c0a,1768a53f-3b47-4afe-a231-feea190002ef,Virtue,Moral quality,ˈvɝ.tʃu,noun,Virtue happiness path.,Đức hạnh,Phẩm chất,,,true,2026-03-26 14:30:40.658877,2026-03-26 14:30:40.658877
c2565fe9-c16f-4db4-81f9-ff421d4a711c,f46a14f4-283c-4d9b-b52b-76e8648d68c4,Dialectic,Argument method,daɪˈælɛk.tɪk,noun,Hegel dialectic used.,Biện luận,Phương pháp,,,true,2026-03-26 14:30:40.658877,2026-03-26 14:30:40.658877
c2735208-1de9-469b-a02b-b7e4e8fa306f,ef83ea3c-996c-4048-8968-7237e72a6e5d,Wife,Married woman,waɪf,noun,His wife is teacher.,Vợ,Người phụ nữ kết,,,true,2026-03-26 14:30:40.658877,2026-03-26 14:30:40.658877
c2741a96-70fc-4b52-ba7c-10f1e32d1a16,65b2fc5a-c86b-4f36-8107-f8ee0ebe5d78,Good afternoon,Afternoon greeting,ˌɡʊd ˌæf.tɚˈnun,phrase,Good afternoon!,Chào chiều,Lời chào chiều,,,true,2026-03-26 14:30:40.658877,2026-03-26 14:30:40.658877
c28fd778-fbec-4ab9-bc94-2bca36efffed,923f19cb-bd8c-4b71-b762-0f409c965762,Consciousness,Awareness self,ˈkɑn.ʃəs.nəs,noun,Consciousness mysterious.,Ý thức,Nhận thức,,,true,2026-03-26 14:30:40.658877,2026-03-26 14:30:40.658877
c2935f06-f83a-40d5-9aab-2fe1d190437a,79c47bf8-ccad-4d92-807d-c7cdafd034c0,Sad,Feeling sorrow,sæd,adjective,He feels sad loss.,Buồn,Cảm giác buồn,,,true,2026-03-26 14:30:40.658877,2026-03-26 14:30:40.658877
c29c7715-f4a1-4b18-bbf4-12b9fcaafbdc,cdf5e6d8-efec-4421-8c70-814cd0fff4e7,debt,amount owed,/debt/,danh từ,debt example,debt,Một khái niệm liên quan đến finance,,,true,2026-03-18 23:27:06.141,2026-03-18 23:27:06.141
c2ae7a4a-a6f3-4d21-bfc8-0993d781f574,b07f3d0e-a184-4cd0-937d-4f3cbd063d36,I am fine,Good response,ˌaɪm ˈfaɪn,phrase,I am fine thanks.,Tôi khỏe,Phản hồi tốt,,,true,2026-03-26 14:30:40.658877,2026-03-26 14:30:40.658877
c2e39d5c-d4a9-4fec-bf05-a381319c07a4,95ad0b6d-ecef-4e64-9d00-1f9a355214bb,Angry,Feeling rage,ˈæŋ.ɡri,adjective,She is angry us.,Tức giận,Cảm giác giận,,,true,2026-03-26 14:30:40.658877,2026-03-26 14:30:40.658877
c35070a5-853c-44c6-84f1-aa00a1c9d343,7e5d0907-64fa-482f-b968-a5efd9168a61,Epistemology,Knowledge study,ˌɛp.ɪ.stəˈmɑl.ə.dʒi,noun,Epistemology knowledge.,Nhận thức luận,Nghiên cứu,,,true,2026-03-26 14:30:40.658877,2026-03-26 14:30:40.658877
c3b7026e-7b97-4478-935c-5e6bfec3c6ee,f5e165ea-d9f9-45d5-90d3-2acf41ea2d21,eight,the number 8; eight legs on spider,eɪt,danh từ,Spider has eight legs,số tám,Số 8; tám vật,,,true,2026-03-18 23:22:53.645,2026-03-18 23:22:53.645
c3e6f473-2525-4230-aae6-6a6eaf5e0a23,f46a14f4-283c-4d9b-b52b-76e8648d68c4,Existence,State being,ɪɡˈzɪs.təns,noun,Existence God debated.,Tồn tại,Trạng thái hiện,,,true,2026-03-26 14:30:40.658877,2026-03-26 14:30:40.658877
c3e862f4-5890-440a-89be-5b5b500c0c4d,23517e96-f9dd-4318-8b61-083c140556f8,Ontology,Existence study,ɑnˈtɑl.ə.dʒi,noun,Ontology explores reality.,Bản thể luận,Sự tồn tại,,,true,2026-03-26 14:30:40.658877,2026-03-26 14:30:40.658877
c3e96214-0a5d-4343-bc9e-23a0b1f07df4,cdf5e6d8-efec-4421-8c70-814cd0fff4e7,bank,financial institution,/bank/,danh từ,bank example,ngân hàng,Một khái niệm liên quan đến finance,,,true,2026-03-18 23:27:06.141,2026-03-18 23:27:06.141
c3f429d1-b6c5-4cd6-ad88-e68f58c8f55a,65b2fc5a-c86b-4f36-8107-f8ee0ebe5d78,Sorry,Apologize,ˈsɑr.i,adjective,"Sorry, I hurried.",Xin lỗi,Lời xin lỗi,,,true,2026-03-26 14:30:40.658877,2026-03-26 14:30:40.658877
c4064b14-0807-451e-9446-9c2b7f54358e,0f7467d0-de49-4732-a5eb-3d62ebbb0bf2,snake,a long animal with no legs; moves by sliding,sneɪk,danh từ,Snake is dangerous,rắn,Một con vật dài không có chân; chuyển động bằng cách trượt,,,true,2026-03-18 23:22:53.645,2026-03-18 23:22:53.645
c424856a-c9b5-47a3-9394-df88a0e12283,f5e165ea-d9f9-45d5-90d3-2acf41ea2d21,eleven,the number 11; ten plus one,ɪˈlevən,danh từ,Eleven comes after ten,số mười một,Số 11; mười cộng một,,,true,2026-03-18 23:22:53.645,2026-03-18 23:22:53.645
c42580f3-d8be-4679-8606-35baac43a3a8,81aeef50-eae8-4ff2-941c-b321e482e121,Epistemology,Knowledge study,ˌɛp.ɪ.stəˈmɑl.ə.dʒi,noun,Epistemology knowledge.,Nhận thức luận,Nghiên cứu,,,true,2026-03-26 14:30:40.658877,2026-03-26 14:30:40.658877
c447d332-9426-4b0b-af0a-8723f7210064,41b7f321-295c-488c-af33-14211bb75fa7,Grandfather,Father of parent,ˈɡræn.ˌfɑ.ðɚ,noun,Grandfather is wise.,Ông,"Ngoại, nội",,,true,2026-03-26 14:30:40.658877,2026-03-26 14:30:40.658877
c4af37b0-b0f8-41bf-a004-239ed19c1245,205b1709-dae5-421b-b2ec-7bfd6528a0ea,How are,Ask health,ˌhaʊ ɑr,phrase,How are today?,Khỏe không,Hỏi sức khỏe,,,true,2026-03-26 14:30:40.658877,2026-03-26 14:30:40.658877
c4f849b7-fa82-42d0-a4ad-ad173980d047,f25b9620-2fc5-4079-8647-8f5dbf5ca619,laptop,portable computer,/laptop/,danh từ,laptop example,laptop,Một khái niệm liên quan đến technology,,,true,2026-03-18 23:27:06.141,2026-03-18 23:27:06.141
c51e5189-167f-4524-befd-969e7ea4c546,819c177f-eeaa-482b-9a10-e90cca890e76,Scared,Feeling fear,skɛrd,adjective,Child scared dark.,Sợ,Cảm giác sợ,,,true,2026-03-26 14:30:40.658877,2026-03-26 14:30:40.658877
c57fab04-ed1f-4d6f-a2ad-11ae24e6b736,ddea0c96-bacc-484f-9d4d-66d741cc51d8,How are,Ask health,ˌhaʊ ɑr,phrase,How are today?,Khỏe không,Hỏi sức khỏe,,,true,2026-03-26 14:30:40.658877,2026-03-26 14:30:40.658877
c5879620-e46d-4b1b-8714-f215c1908846,cdf5e6d8-efec-4421-8c70-814cd0fff4e7,transaction,exchange of money,/transaction/,danh từ,transaction example,transaction,Một khái niệm liên quan đến finance,,,true,2026-03-18 23:27:06.141,2026-03-18 23:27:06.141
c58b391f-894e-4cb4-86e0-76de381e4e29,e1c6a531-951b-49e8-a205-ed0b9486f723,Dialectic,Argument method,daɪˈælɛk.tɪk,noun,Hegel dialectic used.,Biện luận,Phương pháp,,,true,2026-03-26 14:30:40.658877,2026-03-26 14:30:40.658877
c5ba40d2-de51-4ccc-83a1-8dd1355c3299,afa3e499-8717-431c-93a3-3d851d68fc7e,Grandfather,Father of parent,ˈɡræn.ˌfɑ.ðɚ,noun,Grandfather is wise.,Ông,"Ngoại, nội",,,true,2026-03-26 14:30:40.658877,2026-03-26 14:30:40.658877
c5bbf11f-3b68-4db0-b7df-a397c9943c87,cf8c05bc-3687-4329-be42-38da0c0125ca,Metaphysics,Reality study,ˌmɛt.əˈfɪz.ɪks,noun,Metaphysics questions.,Siêu hình,Thực tại,,,true,2026-03-26 14:30:40.658877,2026-03-26 14:30:40.658877
c5d39e53-aff4-4442-b2d7-d9cf3a587b11,501a150d-fbe9-48ce-be53-52a6f1aeb3ff,Angry,Feeling rage,ˈæŋ.ɡri,adjective,She is angry us.,Tức giận,Cảm giác giận,,,true,2026-03-26 14:30:40.658877,2026-03-26 14:30:40.658877
c5dddf74-6085-4087-9b26-30d7cd19d88b,f2546e9a-13dd-460f-97a6-4a9d4903e6be,Ashamed,Feeling shame,əˈʃeɪmd,adjective,He ashamed behavior.,Xấu hổ,Cảm giác xấu,,,true,2026-03-26 14:30:40.658877,2026-03-26 14:30:40.658877
c5e794ac-5a57-42f1-a72d-1e5044b5ee64,861b28e6-a21c-4b16-8250-0228c87f55b4,Six,Number 6,sɪks,number,I have six apples.,Sáu,Số 6,,,true,2026-03-26 14:30:40.658877,2026-03-26 14:30:40.658877
c5e976f7-e168-4488-8940-7d2a75812ef0,7e5d0907-64fa-482f-b968-a5efd9168a61,Metaphysics,Reality study,ˌmɛt.əˈfɪz.ɪks,noun,Metaphysics questions.,Siêu hình,Thực tại,,,true,2026-03-26 14:30:40.658877,2026-03-26 14:30:40.658877
c609bab9-f8f6-4b08-8720-fb1e42a6feb5,88443e68-aebe-44f0-800c-c17266b21ff9,Worried,Feeling anxiety,ˈwɝ.id,adjective,Worried exam.,Lo lắng,Cảm giác lo,,,true,2026-03-26 14:30:40.658877,2026-03-26 14:30:40.658877
c62d0ff2-f5d5-4263-841a-ae56b7f50549,3ee29751-c03a-4df1-b428-51e2797aba31,Consciousness,Awareness self,ˈkɑn.ʃəs.nəs,noun,Consciousness mysterious.,Ý thức,Nhận thức,,,true,2026-03-26 14:30:40.658877,2026-03-26 14:30:40.658877
c66d4e20-ccf3-4191-b358-be95bdf37936,b48f8788-ab02-4e87-a86b-e4cda07b2a8d,Grandfather,Father of parent,ˈɡræn.ˌfɑ.ðɚ,noun,Grandfather is wise.,Ông,"Ngoại, nội",,,true,2026-03-26 14:30:40.658877,2026-03-26 14:30:40.658877
c69edc28-e7b7-443f-b8b2-0d34f76e7442,aa794f3a-f98a-43df-8271-67b923f0f383,Sad,Feeling sorrow,sæd,adjective,He feels sad loss.,Buồn,Cảm giác buồn,,,true,2026-03-26 14:30:40.658877,2026-03-26 14:30:40.658877
c6a1f7c7-32d6-4cf3-b9f0-18adaf80c566,c4f69ac2-b089-44ca-a48e-67f1636f0314,uncle,brother of parent or parent's brother-in-law,ˈʌŋkəl,danh từ,Uncle lives in city,chú/cậu/bác,Anh hoặc em người bố hoặc mẹ; người thân nam,,,true,2026-03-18 23:22:53.645,2026-03-18 23:22:53.645
c6ab7e8f-5929-4782-9559-dd8c83932964,f46a14f4-283c-4d9b-b52b-76e8648d68c4,Pragmatism,Results based,ˈpræɡ.mə.tɪz.əm,noun,Pragmatism results.,Thực dụng,Dựa trên,,,true,2026-03-26 14:30:40.658877,2026-03-26 14:30:40.658877
c6cf4769-f956-4603-abca-5da5ac724213,2f78ac95-e536-4cc1-bd0e-e350497283ee,Aunt,Parent sister,ænt,noun,Aunt bakes cakes.,Cô dì,Chị em bố mẹ,,,true,2026-03-26 14:30:40.658877,2026-03-26 14:30:40.658877
c717a793-a6bf-4b63-b449-a61f409f1aa2,29889dcf-a772-4499-bf3b-826af93ea3b0,Amazed,Feeling wonder,əˈmeɪzd,adjective,I amazed view.,Kinh ngạc,Cảm giác bất,,,true,2026-03-26 14:30:40.658877,2026-03-26 14:30:40.658877
c71ba551-6bec-4edc-b77c-136e9a6f918d,a58554ec-5e72-4981-b30c-ce5f10aee993,Pragmatism,Results based,ˈpræɡ.mə.tɪz.əm,noun,Pragmatism results.,Thực dụng,Dựa trên,,,true,2026-03-26 14:30:40.658877,2026-03-26 14:30:40.658877
c7486bba-8cb5-4c90-a13a-c57659a68990,12c09afc-e4cd-4cc3-b911-1e5d9e07c387,Lonely,Feeling isolation,ˈloʊn.li,adjective,She lonely sometimes.,Cô đơn,Cảm giác cô,,,true,2026-03-26 14:30:40.658877,2026-03-26 14:30:40.658877
c7864cc6-a492-4fd8-8e0b-6434bca7eaaa,c19483d2-a4f7-462e-a5b8-6fb57f61ef95,Baby,Young child,ˈbeɪ.bi,noun,Baby is sleeping.,Em bé,Trẻ sơ sinh,,,true,2026-03-26 14:30:40.658877,2026-03-26 14:30:40.658877
c79bf18f-4383-43b0-88b9-a77ae34499d6,2f78ac95-e536-4cc1-bd0e-e350497283ee,Mother,Female parent,ˈmʌð.ɚ,noun,My mother is kind.,Mẹ,Cha mẹ nữ,,,true,2026-03-26 14:30:40.658877,2026-03-26 14:30:40.658877
c7c6fc77-9983-4e25-9999-ff00685e8b5c,b4326ceb-0fb7-49f5-aac6-a54bdd1d9163,Virtue,Moral quality,ˈvɝ.tʃu,noun,Virtue happiness path.,Đức hạnh,Phẩm chất,,,true,2026-03-26 14:30:40.658877,2026-03-26 14:30:40.658877
c7cb4ab2-dafe-47f1-875a-d8b47ecfa296,d57a850d-30c0-4988-a53f-fc9638884178,Metaphysics,Reality study,ˌmɛt.əˈfɪz.ɪks,noun,Metaphysics questions.,Siêu hình,Thực tại,,,true,2026-03-26 14:30:40.658877,2026-03-26 14:30:40.658877
c7e0fa6a-2264-45a9-902e-9a07ee2680c2,0ceda941-9b55-403f-abf7-fb080315789d,calendar,"a chart showing days, weeks, and months of a year",ˈkæləndər,danh từ,Calendar on wall,lịch,"Một biểu đồ hiển thị các ngày, tuần và tháng của một năm",,,true,2026-03-18 23:22:53.645,2026-03-18 23:22:53.645
c8047158-f010-4470-bbc6-bd6003f6b3d5,41b7f321-295c-488c-af33-14211bb75fa7,Mother,Female parent,ˈmʌð.ɚ,noun,My mother is kind.,Mẹ,Cha mẹ nữ,,,true,2026-03-26 14:30:40.658877,2026-03-26 14:30:40.658877
c84dd5a0-4340-4e3a-b303-120245730cff,e62729fd-2c68-41d8-8dea-aec377434133,Metaphysics,Reality study,ˌmɛt.əˈfɪz.ɪks,noun,Metaphysics questions.,Siêu hình,Thực tại,,,true,2026-03-26 14:30:40.658877,2026-03-26 14:30:40.658877
c8656c80-2f39-4945-b899-22e684af6575,6b254450-7004-433c-bf69-1fb053a62f52,Tired,Feeling exhaustion,ˈtaɪɚd,adjective,I tired after work.,Mệt,Cảm giác mỏi,,,true,2026-03-26 14:30:40.658877,2026-03-26 14:30:40.658877
c8b4e131-d898-42bc-aee6-58d44a1eef81,73f5c5b2-5c82-4434-bcef-a0ad0e5d7de5,Uncle,Parent brother,ˈʌŋ.kəl,noun,Uncle visits every week.,Chú bác,Anh em bố mẹ,,,true,2026-03-26 14:30:40.658877,2026-03-26 14:30:40.658877
c8ba91b4-7965-4e67-87c9-934ea8bfe618,e0dc609f-c176-4fdb-93bf-e39d087671f5,Consciousness,Awareness self,ˈkɑn.ʃəs.nəs,noun,Consciousness mysterious.,Ý thức,Nhận thức,,,true,2026-03-26 14:30:40.658877,2026-03-26 14:30:40.658877
c8c10be9-fba6-4c27-aa2e-7133a2e27ecd,c93ab659-8f04-4947-b4fc-e9b66409b54f,Epistemology,Knowledge study,ˌɛp.ɪ.stəˈmɑl.ə.dʒi,noun,Epistemology knowledge.,Nhận thức luận,Nghiên cứu,,,true,2026-03-26 14:30:40.658877,2026-03-26 14:30:40.658877
c8c5999b-a055-44d8-9c18-77c876be9295,5ff5c9d7-f265-4925-88c7-c44b7ae1e531,chest,part of body above stomach,/chest/,danh từ,Chest pain,ngực,phần thân trên dạ dày,,,true,2026-03-18 23:26:07.668,2026-03-18 23:26:07.668
c8c88e55-65ff-4120-a1eb-45f0949aa870,859a1e12-e633-40e5-b4e2-b7e9dfd2a7d7,copper,a reddish-brown color; the color of copper metal,ˈkɑːpər,danh từ,Copper coin,màu đỏ nâu,Một màu đỏ nâu; màu của kim loại đồng,,,true,2026-03-18 23:22:53.645,2026-03-18 23:22:53.645
c8dd89fa-028b-492e-b082-40c15652c376,f2546e9a-13dd-460f-97a6-4a9d4903e6be,Scared,Feeling fear,skɛrd,adjective,Child scared dark.,Sợ,Cảm giác sợ,,,true,2026-03-26 14:30:40.658877,2026-03-26 14:30:40.658877
c8e145d7-9302-4ed4-816b-6eec3359a2bf,68cc7887-5460-44f9-a583-9dbf0e95b24d,Virtue,Moral quality,ˈvɝ.tʃu,noun,Virtue happiness path.,Đức hạnh,Phẩm chất,,,true,2026-03-26 14:30:40.658877,2026-03-26 14:30:40.658877
c8f6a2c2-e249-4ea9-b6e1-727a5952e732,ddea0c96-bacc-484f-9d4d-66d741cc51d8,See you later,Casual goodbye,ˌsi juː ˈleɪ.tɚ,phrase,See you later!,Gặp lại,Tạm biệt,,,true,2026-03-26 14:30:40.658877,2026-03-26 14:30:40.658877
c941cdce-b5c0-4f66-a014-fb3166a2e418,a58554ec-5e72-4981-b30c-ce5f10aee993,Nihilism,Nothing meaning belief,ˈnaɪ.ə.lɪz.əm,noun,Nihilism values denies.,Vô chủ nghĩa,Niềm tin,,,true,2026-03-26 14:30:40.658877,2026-03-26 14:30:40.658877
c94680e9-d59f-4b5f-b262-288e120760ab,88643a0a-de0e-4726-8c56-ca9e62f3614a,Five,Number 5,faɪv,number,I have five fingers.,Năm,Số 5,,,true,2026-03-26 14:30:40.658877,2026-03-26 14:30:40.658877
c95a00f4-976c-4063-bbb8-c0a6ec1631b1,764cc2ce-f217-4c78-9799-04685ba95ab7,jacket,outer layer worn over clothes,ˈdʒækɪt,danh từ,Leather jacket is cool,áo khoác,lớp ngoài mặc trên quần áo,,,true,2026-03-18 23:26:07.668,2026-03-18 23:26:07.668
c95b6136-0dc4-42b7-90c9-39b8e09224e6,bdace7d5-30a7-49fe-a09e-ea0657efb79d,durian,a tropical spiky fruit with creamy flesh; pungent,ˈdʊriən,danh từ,Durian is king of fruit,sầu riêng,Một quả nhọn nhiệt đới với thịt kem; mùi nồng,,,true,2026-03-18 23:22:53.645,2026-03-18 23:22:53.645
c96ab543-dd1c-4766-88d9-1ae1d05878c3,efe6a928-8995-47cc-8e83-458a37872a80,Brother,Male sibling,ˈbrʌð.ɚ,noun,My brother plays sports.,Anh em trai,Anh chị em,,,true,2026-03-26 14:30:40.658877,2026-03-26 14:30:40.658877
c96d9e84-6193-4c29-9372-32dd20c7fa20,88443e68-aebe-44f0-800c-c17266b21ff9,Confused,Feeling bewilderment,kənˈfjuzd,adjective,Confused instructions.,Bối rối,Cảm giác bối,,,true,2026-03-26 14:30:40.658877,2026-03-26 14:30:40.658877
c97b6202-0f44-47f5-9d72-37d49d13234e,0f7467d0-de49-4732-a5eb-3d62ebbb0bf2,duck,a water bird; quacks; has webbed feet,dʌk,danh từ,Duck swims in pond,vịt,Một con chim nước; quác; có chân lưới,,,true,2026-03-18 23:22:53.645,2026-03-18 23:22:53.645
c996b80b-8049-4509-b765-db4f220b3bea,f25b9620-2fc5-4079-8647-8f5dbf5ca619,email,electronic message system,/email/,danh từ,email example,email,Một khái niệm liên quan đến technology,,,true,2026-03-18 23:27:06.141,2026-03-18 23:27:06.141
c9d92393-865b-4b6e-b894-ab15c69bb297,2d825671-b231-4d6a-9c0c-5ec2fa5d7d70,Husband,Married man,ˈhʌz.bənd,noun,Her husband is doctor.,Chồng,Người đàn ông kết,,,true,2026-03-26 14:30:40.658877,2026-03-26 14:30:40.658877
c9ecf115-7e59-45d3-ace8-4da21946bd2d,9746df2b-8bde-432c-ab17-aac73f51c1f6,badminton,racket sport with shuttlecock,/badminton/,danh từ,badminton example,badminton,Một khái niệm liên quan đến sports,,,true,2026-03-18 23:27:06.141,2026-03-18 23:27:06.141
ca265259-11b3-4cde-834f-3210c146e825,563bcdd8-3e04-4744-947b-08885bc9308b,Uncle,Parent brother,ˈʌŋ.kəl,noun,Uncle visits every week.,Chú bác,Anh em bố mẹ,,,true,2026-03-26 14:30:40.658877,2026-03-26 14:30:40.658877
ca542b22-8555-4b2a-94fe-08c18339a3e4,113a8d3e-ddda-4419-9a38-fde75df58c3e,Sad,Feeling sorrow,sæd,adjective,He feels sad loss.,Buồn,Cảm giác buồn,,,true,2026-03-26 14:30:40.658877,2026-03-26 14:30:40.658877
ca5e8467-866b-4752-8f90-e7002757f386,1a91724d-2d99-4c3f-a140-ea1e6c617aeb,Nine,Number 9,naɪn,number,I have nine flowers.,Chín,Số 9,,,true,2026-03-26 14:30:40.658877,2026-03-26 14:30:40.658877
cac59f64-5f8f-49f8-a1f7-ff9d30fd16e3,79c47bf8-ccad-4d92-807d-c7cdafd034c0,Proud,Feeling pride,praʊd,adjective,I proud you.,Tự hào,Cảm giác hạnh,,,true,2026-03-26 14:30:40.658877,2026-03-26 14:30:40.658877
cacce123-7d9a-429f-9da1-056e0a612cae,1e983eef-be0a-4a27-abd9-c548efdf1633,Brother,Male sibling,ˈbrʌð.ɚ,noun,My brother plays sports.,Anh em trai,Anh chị em,,,true,2026-03-26 14:30:40.658877,2026-03-26 14:30:40.658877
caea10e0-a5da-4039-b9cc-3e501ee3343b,bdace7d5-30a7-49fe-a09e-ea0657efb79d,pizza,Italian flat bread with toppings,/pizza/,danh từ,Cheese pizza is tasty,pizza,bánh mì phẳng Ý với toppings,,,true,2026-03-18 23:26:07.668,2026-03-18 23:26:07.668
caf395fe-6333-4b34-86bd-7331843ff311,be4596fe-4524-4164-9f6e-3ca16a48abc4,Thank you,Express gratitude,ˈθæŋk juː,phrase,Thank you for help.,Cảm ơn,Tỏ lòng biết ơn,,,true,2026-03-26 14:30:40.658877,2026-03-26 14:30:40.658877
cb1ae8f7-5720-4e93-ab91-7a803e39479b,c93ab659-8f04-4947-b4fc-e9b66409b54f,Stoicism,Virtue philosophy,ˈstoʊ.ɪ.sɪz.əm,noun,Stoicism teaches acceptance.,Khắc kỷ,Triết học,,,true,2026-03-26 14:30:40.658877,2026-03-26 14:30:40.658877
cb1cd014-dffb-4351-90b3-0d98444d1c34,859a1e12-e633-40e5-b4e2-b7e9dfd2a7d7,silver,a shiny gray color; the color of silver metal,ˈsɪlvər,danh từ,Silver necklace,màu bạc,Một màu xám sáng; màu của kim loại bạc,,,true,2026-03-18 23:22:53.645,2026-03-18 23:22:53.645
cb677b24-f8c9-487a-9046-3cd4e633e4d3,95ad0b6d-ecef-4e64-9d00-1f9a355214bb,Confident,Feeling self belief,ˈkɑn.fɪ.dənt,adjective,Confident skills.,Tự tin,Cảm giác tin,,,true,2026-03-26 14:30:40.658877,2026-03-26 14:30:40.658877
cb69c53f-7751-4f0a-8b14-fe3088782e99,48adeeb4-ea05-4c89-95d1-7c278e83dedb,Ontology,Existence study,ɑnˈtɑl.ə.dʒi,noun,Ontology explores reality.,Bản thể luận,Sự tồn tại,,,true,2026-03-26 14:30:40.658877,2026-03-26 14:30:40.658877
cb6de149-e317-4bdb-80ef-7bf5dc80e09b,95ad0b6d-ecef-4e64-9d00-1f9a355214bb,Ashamed,Feeling shame,əˈʃeɪmd,adjective,He ashamed behavior.,Xấu hổ,Cảm giác xấu,,,true,2026-03-26 14:30:40.658877,2026-03-26 14:30:40.658877
cbc755a1-a72a-4aff-8169-dc152efe3c48,a6f9ef68-d647-4df6-9121-19ec9c0fee72,Excuse me,Get attention,ɪkˈskjuz mi,phrase,"Excuse me, bathroom?",Xin lỗi,Kêu gọi sự chú ý,,,true,2026-03-26 14:30:40.658877,2026-03-26 14:30:40.658877
cbd0260e-6a05-4d8f-b261-b6db3cd10c27,c1c8f750-8c0e-4b88-89d9-149307fdb3e2,writing,activity of putting words down,/writing/,danh từ,writing example,viết,Một khái niệm liên quan đến hobbies,,,true,2026-03-18 23:27:06.141,2026-03-18 23:27:06.141
cbe8be5a-e1f0-49e3-9bcf-6a0403d8b702,c326f285-fc07-4764-a284-b7222d917173,Grandfather,Father of parent,ˈɡræn.ˌfɑ.ðɚ,noun,Grandfather is wise.,Ông,"Ngoại, nội",,,true,2026-03-26 14:30:40.658877,2026-03-26 14:30:40.658877
cbecfe7f-b053-410f-9676-98b01ac88ad4,4a545b1d-d759-4331-b1c8-6619db4b1e87,Ashamed,Feeling shame,əˈʃeɪmd,adjective,He ashamed behavior.,Xấu hổ,Cảm giác xấu,,,true,2026-03-26 14:30:40.658877,2026-03-26 14:30:40.658877
cbf58412-1243-46d3-a5d9-e2ce228611ee,859a1e12-e633-40e5-b4e2-b7e9dfd2a7d7,emerald,a bright green color; the color of emerald gemstone,ˈemərlɪd,danh từ,Emerald gem,màu xanh lục,Một màu xanh sáng; màu của đá quý emerald,,,true,2026-03-18 23:22:53.645,2026-03-18 23:22:53.645
cbf6bea1-4cb4-433d-ad0c-cb0ec7de044b,62e76fe1-bd25-4280-b7de-7e2e3dd35126,Existence,State being,ɪɡˈzɪs.təns,noun,Existence God debated.,Tồn tại,Trạng thái hiện,,,true,2026-03-26 14:30:40.658877,2026-03-26 14:30:40.658877
cc110143-1d01-4335-a6f4-f0b9407ca5a7,dd29c719-2106-4c8b-b503-aa3173b0b0df,Family,Relatives group,ˈfæm.ə.li,noun,My family is happy.,Gia đình,Nhóm thân,,,true,2026-03-26 14:30:40.658877,2026-03-26 14:30:40.658877
cc1f9b7e-83bc-4a5c-a3b0-dc1127ecf908,859a1e12-e633-40e5-b4e2-b7e9dfd2a7d7,indigo,a deep blue color; a color between blue and purple,ˈɪndɪɡoʊ,danh từ,Indigo fabric,màu chàm,Một màu xanh sâu; một màu nằm giữa xanh dương và tím,,,true,2026-03-18 23:22:53.645,2026-03-18 23:22:53.645
cc416ce0-8934-488d-b556-777c60340d59,c326f285-fc07-4764-a284-b7222d917173,Cousin,Relative child,ˈkʌz.ən,noun,My cousin lives nearby.,Em họ,Con chú dì,,,true,2026-03-26 14:30:40.658877,2026-03-26 14:30:40.658877
cd426af3-ea57-4795-a47c-26c3d0028c07,fed0d635-a1bb-4732-bb7a-b8caf4c21b12,backpack,bag worn on back,/backpack/,danh từ,backpack example,backpack,Một khái niệm liên quan đến travel,,,true,2026-03-18 23:27:06.141,2026-03-18 23:27:06.141
cd48c958-d280-470d-a5d5-332d811251a4,bdace7d5-30a7-49fe-a09e-ea0657efb79d,rice,grain staple food in Asia,raɪs,danh từ,Rice with vegetables,cơm/gạo,ngũ cốc chính ở Á,,,true,2026-03-18 23:26:07.668,2026-03-18 23:26:07.668
cd5722d5-3059-4a8d-a5c8-5d0b73fc0c83,cc221d3d-60b1-4412-953e-65d4d427c9fc,Welcome,Greet visitor,ˈwɛl.kəm,interjection,Welcome home!,Chào mừng,Lời chào mừng,,,true,2026-03-26 14:30:40.658877,2026-03-26 14:30:40.658877
cd900c93-53cb-49b6-9aa4-44a4a3fe479a,5ff5c9d7-f265-4925-88c7-c44b7ae1e531,mouth,opening for eating,maʊθ,danh từ,Big mouth,miệng,lỗ mở để ăn,,,true,2026-03-18 23:26:07.668,2026-03-18 23:26:07.668
cdf6f1e3-cfa8-4906-81a3-87e06ce52163,67df2b1f-aa96-48db-b64d-0d889f000e9a,Ashamed,Feeling shame,əˈʃeɪmd,adjective,He ashamed behavior.,Xấu hổ,Cảm giác xấu,,,true,2026-03-26 14:30:40.658877,2026-03-26 14:30:40.658877
ce53187d-2d2d-416c-b622-2ae3a3a24f7a,f35e320a-ec1d-497e-90b9-830150a5f34d,Vice,Moral fault,vaɪs,noun,Vice unhappiness.,Tội lỗi,Lỗi đạo,,,true,2026-03-26 14:30:40.658877,2026-03-26 14:30:40.658877
ce652476-5c9c-4917-8e1e-34c9de691c01,dab29c7e-633e-4611-83f9-6a1781fed230,Vice,Moral fault,vaɪs,noun,Vice unhappiness.,Tội lỗi,Lỗi đạo,,,true,2026-03-26 14:30:40.658877,2026-03-26 14:30:40.658877
ce73cb81-8018-4652-be32-024d4c814881,169b29f8-cd25-4fd5-9e0c-bcf9fdd56b6a,Goodbye,Farewell,ˌɡʊdˈbaɪ,interjection,"Goodbye, see you.",Tạm biệt,Lời tạm biệt,,,true,2026-03-26 14:30:40.658877,2026-03-26 14:30:40.658877
ce7ebff8-a04a-4e5c-b97d-bc3bd2dde671,f19c0271-02f0-46de-b01d-d124844bd385,Wife,Married woman,waɪf,noun,His wife is teacher.,Vợ,Người phụ nữ kết,,,true,2026-03-26 14:30:40.658877,2026-03-26 14:30:40.658877
ce8894ce-0f37-40d7-b8aa-1357903b1b68,8f558c2d-9555-4f2e-a822-5c74891ffe67,How are,Ask health,ˌhaʊ ɑr,phrase,How are today?,Khỏe không,Hỏi sức khỏe,,,true,2026-03-26 14:30:40.658877,2026-03-26 14:30:40.658877
ceb4609a-cc13-459b-ac3d-9d74787b6ebf,b317a1e7-1993-43b0-bb4d-84738612837c,Ontology,Existence study,ɑnˈtɑl.ə.dʒi,noun,Ontology explores reality.,Bản thể luận,Sự tồn tại,,,true,2026-03-26 14:30:40.658877,2026-03-26 14:30:40.658877
ceba744d-1586-4b0e-9af3-89bcfe6623c0,73f5c5b2-5c82-4434-bcef-a0ad0e5d7de5,Family,Relatives group,ˈfæm.ə.li,noun,My family is happy.,Gia đình,Nhóm thân,,,true,2026-03-26 14:30:40.658877,2026-03-26 14:30:40.658877
cec090f9-5c01-4496-9d3b-645dbef3d25c,1e70a4e8-5e55-4666-9f9b-2ba140d9031b,driver,person who operates vehicle,/driver/,danh từ,driver example,driver,Một khái niệm liên quan đến jobs,,,true,2026-03-18 23:27:06.141,2026-03-18 23:27:06.141
cec68d6e-a309-4de2-854a-4d99d8ec47c3,c4423548-9463-45ef-bc70-285c0c8c3ea1,Vice,Moral fault,vaɪs,noun,Vice unhappiness.,Tội lỗi,Lỗi đạo,,,true,2026-03-26 14:30:40.658877,2026-03-26 14:30:40.658877
ceccba88-496a-433a-9475-a12ded579213,c326f285-fc07-4764-a284-b7222d917173,Daughter,Female child,ˈdɔ.tɚ,noun,She has daughters.,Con gái,Đứa con nữ,,,true,2026-03-26 14:30:40.658877,2026-03-26 14:30:40.658877
ced77243-ce6c-4c7d-b0bf-0529efa68809,5dd944a2-6707-4592-a3c4-99c480de8197,Lonely,Feeling isolation,ˈloʊn.li,adjective,She lonely sometimes.,Cô đơn,Cảm giác cô,,,true,2026-03-26 14:30:40.658877,2026-03-26 14:30:40.658877
cef6805a-cf88-4b90-95df-96945bdfd3f4,568d01b2-5a64-4823-afa2-fd4664ca4c1c,Hundred,Number 100,ˈhʌn.drəd,number,One hundred students.,Trăm,Số 100,,,true,2026-03-26 14:30:40.658877,2026-03-26 14:30:40.658877
cf0f8434-0433-48d0-b985-c2504c1afde3,ce34e158-9a8f-400a-a082-d921b3afdb61,Twelve,Number 12,twɛlv,number,Twelve months here.,Mười hai,Số 12,,,true,2026-03-26 14:30:40.658877,2026-03-26 14:30:40.658877
cf1da338-85bc-4e0b-9794-ca44cd74aae7,dd37cd9c-fd13-43c8-8f32-cc50a38476a0,Stoicism,Virtue philosophy,ˈstoʊ.ɪ.sɪz.əm,noun,Stoicism teaches acceptance.,Khắc kỷ,Triết học,,,true,2026-03-26 14:30:40.658877,2026-03-26 14:30:40.658877
cf30e6da-0287-45f1-bc7a-55edfd9f2103,169b29f8-cd25-4fd5-9e0c-bcf9fdd56b6a,Please,Polite request,pliz,adverb,Please pass salt.,Vui lòng,Yêu cầu lịch sự,,,true,2026-03-26 14:30:40.658877,2026-03-26 14:30:40.658877
cf41f23e-27a9-4423-a26c-a0b828000859,c93ab659-8f04-4947-b4fc-e9b66409b54f,Ethics,Moral principles,ˈɛθ.ɪks,noun,Ethics guide decisions.,Đạo đức,Nguyên tắc,,,true,2026-03-26 14:30:40.658877,2026-03-26 14:30:40.658877
cf631479-1924-4cc6-a0b1-b7d5194c0ca6,67c2c95b-aa85-4e49-a0b3-dfb7ee8a5b29,Confident,Feeling self belief,ˈkɑn.fɪ.dənt,adjective,Confident skills.,Tự tin,Cảm giác tin,,,true,2026-03-26 14:30:40.658877,2026-03-26 14:30:40.658877
cf65b6c2-b04d-4615-8bb1-cccc1fce7138,859a1e12-e633-40e5-b4e2-b7e9dfd2a7d7,orange,a round citrus fruit; orange colored; sweet and juicy,ˈɔːrɪndʒ,danh từ,Oranges are orange,màu cam,Một quả cam tròn; có màu cam; ngọt và tươi ngon,,,true,2026-03-18 23:22:53.645,2026-03-18 23:22:53.645
cf9d3fd3-d730-45ac-99d7-581f3344d2af,3190f865-ff2e-4de4-8878-b0a874c044ac,bored,feeling of lack of interest,/bored/,danh từ,bored example,bored,Một khái niệm liên quan đến emotions,,,true,2026-03-18 23:27:06.141,2026-03-18 23:27:06.141
cfb1c1be-bc04-41e8-b0a0-1c470450c985,bced27c8-2c20-4107-bf2d-2dfe46687373,Uncle,Parent brother,ˈʌŋ.kəl,noun,Uncle visits every week.,Chú bác,Anh em bố mẹ,,,true,2026-03-26 14:30:40.658877,2026-03-26 14:30:40.658877
d0077433-4a39-4f44-aa55-ce9c31712630,d33c8d93-322e-4680-b491-2ce58f9bc75f,Epistemology,Knowledge study,ˌɛp.ɪ.stəˈmɑl.ə.dʒi,noun,Epistemology knowledge.,Nhận thức luận,Nghiên cứu,,,true,2026-03-26 14:30:40.658877,2026-03-26 14:30:40.658877
d0401257-f77c-40b0-bab5-a198853d66a0,81aeef50-eae8-4ff2-941c-b321e482e121,Virtue,Moral quality,ˈvɝ.tʃu,noun,Virtue happiness path.,Đức hạnh,Phẩm chất,,,true,2026-03-26 14:30:40.658877,2026-03-26 14:30:40.658877
d070cd4b-ab7f-430e-a255-ca2aabdd1063,ad3e6677-2586-40ff-bd67-b5e6acd96ad7,Worried,Feeling anxiety,ˈwɝ.id,adjective,Worried exam.,Lo lắng,Cảm giác lo,,,true,2026-03-26 14:30:40.658877,2026-03-26 14:30:40.658877
d0c31230-1781-4be8-aca9-1470b80c3692,3ea443f8-3295-449b-9410-9f7a9062bdb4,Grandmother,Mother of parent,ˈɡræn.ˌmʌð.ɚ,noun,Grandmother tells stories.,Bà,"Ngoại, nội",,,true,2026-03-26 14:30:40.658877,2026-03-26 14:30:40.658877
d0cb48eb-f855-437d-af04-7ebd6ccf9c81,474d17e5-c32b-4585-9bfd-feefa44aa3a8,Existentialism,Existence philosophy,ˌɛɡ.zɪˈstɛn.ʃə.lɪz.əm,noun,Existentialism freedom.,Hiện sinh chủ,Triết học,,,true,2026-03-26 14:30:40.658877,2026-03-26 14:30:40.658877
d0cbf2c4-a273-494b-9eb9-aee41de2134e,81af8b32-9da0-4143-8743-6fdc051fac85,Have nice day,Wishful farewell,ˌhæv ə ˌnaɪs ˈdeɪ,phrase,Have nice day!,Chúc ngày tốt,Lời chúc,,,true,2026-03-26 14:30:40.658877,2026-03-26 14:30:40.658877
d0d17b96-bccf-47ff-9690-f32502567724,bced27c8-2c20-4107-bf2d-2dfe46687373,Grandfather,Father of parent,ˈɡræn.ˌfɑ.ðɚ,noun,Grandfather is wise.,Ông,"Ngoại, nội",,,true,2026-03-26 14:30:40.658877,2026-03-26 14:30:40.658877
d0f768f8-6972-4aa6-aa00-13253412a6f7,474d17e5-c32b-4585-9bfd-feefa44aa3a8,Pragmatism,Results based,ˈpræɡ.mə.tɪz.əm,noun,Pragmatism results.,Thực dụng,Dựa trên,,,true,2026-03-26 14:30:40.658877,2026-03-26 14:30:40.658877
d1153f36-c649-4448-b09f-d1953d973623,444c779c-e14e-4d61-8461-f6ecf6ddf27b,Angry,Feeling rage,ˈæŋ.ɡri,adjective,She is angry us.,Tức giận,Cảm giác giận,,,true,2026-03-26 14:30:40.658877,2026-03-26 14:30:40.658877
d12bbc05-c8aa-4066-85b7-d0db6255d794,3762124f-a01f-42b4-a821-e14298c128dc,Four,Number 4,fɔr,number,I have four books.,Bốn,Số 4,,,true,2026-03-26 14:30:40.658877,2026-03-26 14:30:40.658877
d1524c1e-00e5-4088-935a-78d12c0fde9c,2f78ac95-e536-4cc1-bd0e-e350497283ee,Brother,Male sibling,ˈbrʌð.ɚ,noun,My brother plays sports.,Anh em trai,Anh chị em,,,true,2026-03-26 14:30:40.658877,2026-03-26 14:30:40.658877
d1a75492-7c88-46e4-aa10-7fe9f9d461e8,2bddc0bd-c221-4bc1-8b6f-72096e4a7674,Proud,Feeling pride,praʊd,adjective,I proud you.,Tự hào,Cảm giác hạnh,,,true,2026-03-26 14:30:40.658877,2026-03-26 14:30:40.658877
d1a83289-04f9-486c-abd0-a9e2a57e2184,68cc7887-5460-44f9-a583-9dbf0e95b24d,Stoicism,Virtue philosophy,ˈstoʊ.ɪ.sɪz.əm,noun,Stoicism teaches acceptance.,Khắc kỷ,Triết học,,,true,2026-03-26 14:30:40.658877,2026-03-26 14:30:40.658877
d1e082ef-198d-4043-8063-bfaf3e89b2ca,cf8c05bc-3687-4329-be42-38da0c0125ca,Virtue,Moral quality,ˈvɝ.tʃu,noun,Virtue happiness path.,Đức hạnh,Phẩm chất,,,true,2026-03-26 14:30:40.658877,2026-03-26 14:30:40.658877
d20e63c4-6aea-4c28-a883-c4aabfaecc12,3ea443f8-3295-449b-9410-9f7a9062bdb4,Baby,Young child,ˈbeɪ.bi,noun,Baby is sleeping.,Em bé,Trẻ sơ sinh,,,true,2026-03-26 14:30:40.658877,2026-03-26 14:30:40.658877
d28b9626-8d68-40f1-964f-83f1b4b7f7d3,f5963936-9e64-4d38-bd67-8490e7b3a302,Family,Relatives group,ˈfæm.ə.li,noun,My family is happy.,Gia đình,Nhóm thân,,,true,2026-03-26 14:30:40.658877,2026-03-26 14:30:40.658877
d295053a-d6a2-4609-8e8d-7eb775185e28,59baddf7-e856-4276-9fab-c2cbd73c8911,Confident,Feeling self belief,ˈkɑn.fɪ.dənt,adjective,Confident skills.,Tự tin,Cảm giác tin,,,true,2026-03-26 14:30:40.658877,2026-03-26 14:30:40.658877
d29751c6-0472-4ea1-ab9b-787eed444c66,764cc2ce-f217-4c78-9799-04685ba95ab7,skirt,garment worn around waist,skɜːrt,danh từ,Red skirt is beautiful,chân váy,quần áo mặc quanh eo,,,true,2026-03-18 23:26:07.668,2026-03-18 23:26:07.668
d2df5738-4c3d-4012-8bfb-75b61c1f62f6,88643a0a-de0e-4726-8c56-ca9e62f3614a,Four,Number 4,fɔr,number,I have four books.,Bốn,Số 4,,,true,2026-03-26 14:30:40.658877,2026-03-26 14:30:40.658877
d2f8d840-0ab7-4d2a-9215-2afa818781e8,f46a14f4-283c-4d9b-b52b-76e8648d68c4,Ethics,Moral principles,ˈɛθ.ɪks,noun,Ethics guide decisions.,Đạo đức,Nguyên tắc,,,true,2026-03-26 14:30:40.658877,2026-03-26 14:30:40.658877
d2fa6f6c-7545-45fe-abe3-37ae43de9be8,f2867ff8-da21-42e1-ad58-ff38fa6324b8,Father,Male parent,ˈfɑ.ðɚ,noun,My father works hard.,Bố,Cha mẹ nam,,,true,2026-03-26 14:30:40.658877,2026-03-26 14:30:40.658877
d3153077-6b36-48df-b7dc-b394d19ba2c7,967cb953-d9f0-413d-9444-c2de97d17102,Allegory,Story with moral,ˈæl.ə.ɡor.i,noun,Animal Farm is allegory.,Truyền ngụ,Câu chuyện có ý nghĩa,,,true,2026-03-26 14:30:40.658877,2026-03-26 14:30:40.658877
d3229161-41e9-445c-9995-8513482cecd0,859a1e12-e633-40e5-b4e2-b7e9dfd2a7d7,beige,a pale sandy color; cream-colored,beɪʒ,danh từ,Beige sofa,màu kem,Một màu nhạt có cát; có màu kem,,,true,2026-03-18 23:22:53.645,2026-03-18 23:22:53.645
d375b31e-12b2-4b47-8ea8-aaf6ef3a0c50,73ca6f19-8411-46ab-ae0d-39b4da6198c8,Consciousness,Awareness self,ˈkɑn.ʃəs.nəs,noun,Consciousness mysterious.,Ý thức,Nhận thức,,,true,2026-03-26 14:30:40.658877,2026-03-26 14:30:40.658877
d386dfef-0e1b-4892-a309-6575a88da628,349e1df9-b9b6-4a64-ab4b-babd170cadc4,Seven,Number 7,ˈsɛv.ən,number,I have seven  coins.,Bảy,Số 7,,,true,2026-03-26 14:30:40.658877,2026-03-26 14:30:40.658877
d3aeef08-8532-45ea-9453-d83927c9cc89,c4423548-9463-45ef-bc70-285c0c8c3ea1,Consciousness,Awareness self,ˈkɑn.ʃəs.nəs,noun,Consciousness mysterious.,Ý thức,Nhận thức,,,true,2026-03-26 14:30:40.658877,2026-03-26 14:30:40.658877
d3ba509a-a27e-42a4-926a-362161e7293d,be4596fe-4524-4164-9f6e-3ca16a48abc4,Hello,Polite greeting,həˈloʊ,interjection,"Hello, how are you?",Xin chào,Cách chào hỏi,,,true,2026-03-26 14:30:40.658877,2026-03-26 14:30:40.658877
d3c4be44-c190-4e01-97d4-f8abe35254d8,34931917-34dc-4ea8-af60-d0d01b00cc86,loss,financial deficit,/loss/,danh từ,loss example,loss,Một khái niệm liên quan đến business,,,true,2026-03-18 23:27:06.141,2026-03-18 23:27:06.141
d3d9125f-5270-4b28-bdee-5aff7435b30a,cc221d3d-60b1-4412-953e-65d4d427c9fc,Have nice day,Wishful farewell,ˌhæv ə ˌnaɪs ˈdeɪ,phrase,Have nice day!,Chúc ngày tốt,Lời chúc,,,true,2026-03-26 14:30:40.658877,2026-03-26 14:30:40.658877
d3e2b501-ff5d-4e7b-9744-5a93276d8e77,34931917-34dc-4ea8-af60-d0d01b00cc86,employee,person working for company,/employee/,danh từ,employee example,nhân viên,Một khái niệm liên quan đến business,,,true,2026-03-18 23:27:06.141,2026-03-18 23:27:06.141
d4179181-17a9-4006-86bc-82acba938103,f35e320a-ec1d-497e-90b9-830150a5f34d,Pragmatism,Results based,ˈpræɡ.mə.tɪz.əm,noun,Pragmatism results.,Thực dụng,Dựa trên,,,true,2026-03-26 14:30:40.658877,2026-03-26 14:30:40.658877
d42a4a21-2c22-470f-b78e-9e8933f55d43,411c419a-c126-40a3-bbe9-068a951b9026,Two,Number 2,tu,number,I have two dogs.,Hai,Số 2,,,true,2026-03-26 14:30:40.658877,2026-03-26 14:30:40.658877
d48c0418-cca5-4a73-ad3a-ee0285e9d195,73ca6f19-8411-46ab-ae0d-39b4da6198c8,Nihilism,Nothing meaning belief,ˈnaɪ.ə.lɪz.əm,noun,Nihilism values denies.,Vô chủ nghĩa,Niềm tin,,,true,2026-03-26 14:30:40.658877,2026-03-26 14:30:40.658877
d4c3ed02-9192-4962-9aa8-7c230fb2a5c8,89da3255-c13a-4384-9292-e7a67b866ee0,Logic,Reasoning system,ˈlɑdʒ.ɪk,noun,Logic basis philosophy.,Lôgic,Hệ thống,,,true,2026-03-26 14:30:40.658877,2026-03-26 14:30:40.658877
d4de2b45-4b88-477d-a5bb-f8828e4adea9,34931917-34dc-4ea8-af60-d0d01b00cc86,colleague,coworker at same level,/colleague/,danh từ,colleague example,colleague,Một khái niệm liên quan đến business,,,true,2026-03-18 23:27:06.141,2026-03-18 23:27:06.141
d4e477b1-4072-498f-85ba-4d44fcd69ccd,70c77765-6416-4d36-950a-7c93580b2fa0,Tired,Feeling exhaustion,ˈtaɪɚd,adjective,I tired after work.,Mệt,Cảm giác mỏi,,,true,2026-03-26 14:30:40.658877,2026-03-26 14:30:40.658877
d4f561de-2f03-4035-96b9-ca008d200aff,b4326ceb-0fb7-49f5-aac6-a54bdd1d9163,Dialectic,Argument method,daɪˈælɛk.tɪk,noun,Hegel dialectic used.,Biện luận,Phương pháp,,,true,2026-03-26 14:30:40.658877,2026-03-26 14:30:40.658877
d5099955-3c73-4fb2-9bef-55326eac67fa,ff02df4a-ece1-4847-923b-0f9273cb89be,Relaxed,Feeling calmness,rɪˈlækst,adjective,Relaxed home.,Thư thái,Cảm giác calm,,,true,2026-03-26 14:30:40.658877,2026-03-26 14:30:40.658877
d51247b0-3db4-4fb1-9998-70bf7e1ee6e7,2cf6f90d-7ccb-417b-929e-361097a98afa,Sculpture,Three dimensional art,ˈskʌlp.tʃɚ,noun,The sculpture was marble.,Điêu khắc,Tác phẩm 3D,,,true,2026-03-26 14:30:40.658877,2026-03-26 14:30:40.658877
d51ee4b6-274d-4722-a683-7c0433eec118,568d01b2-5a64-4823-afa2-fd4664ca4c1c,Six,Number 6,sɪks,number,I have six apples.,Sáu,Số 6,,,true,2026-03-26 14:30:40.658877,2026-03-26 14:30:40.658877
d5325166-dd72-4d85-b024-0d75918f19ea,dd56df6c-e0c0-44a9-b706-28b5106b1978,Virtue,Moral quality,ˈvɝ.tʃu,noun,Virtue happiness path.,Đức hạnh,Phẩm chất,,,true,2026-03-26 14:30:40.658877,2026-03-26 14:30:40.658877
d547f034-df11-4266-ab2b-7e5e22a4123b,ed55870d-2fd2-4ba1-b0aa-7a280a6cd587,Epistemology,Knowledge study,ˌɛp.ɪ.stəˈmɑl.ə.dʒi,noun,Epistemology knowledge.,Nhận thức luận,Nghiên cứu,,,true,2026-03-26 14:30:40.658877,2026-03-26 14:30:40.658877
d578bfc0-bcf5-4bca-be25-fb32ea06406c,9c08d2d5-ab12-4b90-9273-35e16928fd20,Husband,Married man,ˈhʌz.bənd,noun,Her husband is doctor.,Chồng,Người đàn ông kết,,,true,2026-03-26 14:30:40.658877,2026-03-26 14:30:40.658877
d5832225-a916-4198-833f-050537865160,69d16e3e-74ca-45eb-8c06-8cef65b85134,Vice,Moral fault,vaɪs,noun,Vice unhappiness.,Tội lỗi,Lỗi đạo,,,true,2026-03-26 14:30:40.658877,2026-03-26 14:30:40.658877
d585504f-c5ec-4ff4-ba99-82732462c175,b4326ceb-0fb7-49f5-aac6-a54bdd1d9163,Ontology,Existence study,ɑnˈtɑl.ə.dʒi,noun,Ontology explores reality.,Bản thể luận,Sự tồn tại,,,true,2026-03-26 14:30:40.658877,2026-03-26 14:30:40.658877
d59e9228-2672-41c1-9eb0-39c6f058ebe0,cdf5e6d8-efec-4421-8c70-814cd0fff4e7,withdrawal,money taken from account,/withdrawal/,danh từ,withdrawal example,withdrawal,Một khái niệm liên quan đến finance,,,true,2026-03-18 23:27:06.141,2026-03-18 23:27:06.141
d5a8dd53-f972-4e64-8402-950c45fbfc4e,3ea443f8-3295-449b-9410-9f7a9062bdb4,Cousin,Relative child,ˈkʌz.ən,noun,My cousin lives nearby.,Em họ,Con chú dì,,,true,2026-03-26 14:30:40.658877,2026-03-26 14:30:40.658877
d5acab15-d4ed-4ca5-a439-89cc5fb7249a,a58554ec-5e72-4981-b30c-ce5f10aee993,Consciousness,Awareness self,ˈkɑn.ʃəs.nəs,noun,Consciousness mysterious.,Ý thức,Nhận thức,,,true,2026-03-26 14:30:40.658877,2026-03-26 14:30:40.658877
d5dc3806-32e4-47c0-8f5c-a889541ba60a,4622c636-7957-4f30-9bc4-5fae81775631,roof,top of house,ruːf,danh từ,Tile roof,mái nhà,đỉnh nhà,,,true,2026-03-18 23:26:07.668,2026-03-18 23:26:07.668
d5e10ad5-32a4-4c70-a030-9e0214a09ca6,1768a53f-3b47-4afe-a231-feea190002ef,Dialectic,Argument method,daɪˈælɛk.tɪk,noun,Hegel dialectic used.,Biện luận,Phương pháp,,,true,2026-03-26 14:30:40.658877,2026-03-26 14:30:40.658877
d5e12918-d22d-4844-bbdd-b4883134d073,7e5d0907-64fa-482f-b968-a5efd9168a61,Stoicism,Virtue philosophy,ˈstoʊ.ɪ.sɪz.əm,noun,Stoicism teaches acceptance.,Khắc kỷ,Triết học,,,true,2026-03-26 14:30:40.658877,2026-03-26 14:30:40.658877
d60d75f6-a2ba-4af8-bc6f-5f701c538467,0ceda941-9b55-403f-abf7-fb080315789d,june,the sixth month of the year; beginning of summer,dʒuːn,danh từ,June starts summer,tháng sáu,Tháng thứ sáu của năm; bắt đầu mùa hè,,,true,2026-03-18 23:22:53.645,2026-03-18 23:22:53.645
d644f820-d9f6-4a6d-baf7-7527921c5857,2bddc0bd-c221-4bc1-8b6f-72096e4a7674,Relaxed,Feeling calmness,rɪˈlækst,adjective,Relaxed home.,Thư thái,Cảm giác calm,,,true,2026-03-26 14:30:40.658877,2026-03-26 14:30:40.658877
d6870e79-db4d-4868-895b-3cbfbe580109,cdbc767d-9b38-4792-a420-be0b00b83339,Cousin,Relative child,ˈkʌz.ən,noun,My cousin lives nearby.,Em họ,Con chú dì,,,true,2026-03-26 14:30:40.658877,2026-03-26 14:30:40.658877
d69dcca0-fe44-472d-a0a8-2b6dfd4872ce,9746df2b-8bde-432c-ab17-aac73f51c1f6,skiing,moving on snow with skis,/skiing/,danh từ,skiing example,skiing,Một khái niệm liên quan đến sports,,,true,2026-03-18 23:27:06.141,2026-03-18 23:27:06.141
d6defcb4-c14e-4d85-85f8-cd87ba4ab851,859a1e12-e633-40e5-b4e2-b7e9dfd2a7d7,white,the lightest color; the color of snow or milk,waɪt,danh từ,Snow is white,màu trắng,Màu sáng nhất; màu của tuyết hoặc sữa,,,true,2026-03-18 23:22:53.645,2026-03-18 23:22:53.645
d6e72776-8ec4-41b0-8093-5c8046c14ebb,f19c0271-02f0-46de-b01d-d124844bd385,Mother,Female parent,ˈmʌð.ɚ,noun,My mother is kind.,Mẹ,Cha mẹ nữ,,,true,2026-03-26 14:30:40.658877,2026-03-26 14:30:40.658877
d70248b5-332a-4fe1-aaa3-f03ae4ef5529,7e5d0907-64fa-482f-b968-a5efd9168a61,Ontology,Existence study,ɑnˈtɑl.ə.dʒi,noun,Ontology explores reality.,Bản thể luận,Sự tồn tại,,,true,2026-03-26 14:30:40.658877,2026-03-26 14:30:40.658877
d71fa6e3-069e-4857-85d2-f8f6c6127907,4e41fc79-f556-476c-b28f-f579df42a2ba,Thank you,Express gratitude,ˈθæŋk juː,phrase,Thank you for help.,Cảm ơn,Tỏ lòng biết ơn,,,true,2026-03-26 14:30:40.658877,2026-03-26 14:30:40.658877
d7834acb-d1ad-4bfd-b1c6-86132843e7f2,c93ab659-8f04-4947-b4fc-e9b66409b54f,Ontology,Existence study,ɑnˈtɑl.ə.dʒi,noun,Ontology explores reality.,Bản thể luận,Sự tồn tại,,,true,2026-03-26 14:30:40.658877,2026-03-26 14:30:40.658877
d78a6fa3-0773-4494-af12-384f6d33110e,f2867ff8-da21-42e1-ad58-ff38fa6324b8,Brother,Male sibling,ˈbrʌð.ɚ,noun,My brother plays sports.,Anh em trai,Anh chị em,,,true,2026-03-26 14:30:40.658877,2026-03-26 14:30:40.658877
d7b4e9ef-5fec-4ab1-8b10-2c97c0c40bb0,113a8d3e-ddda-4419-9a38-fde75df58c3e,Happy,Feeling joy,ˈhæp.i,adjective,I am happy today.,Vui,Cảm giác vui,,,true,2026-03-26 14:30:40.658877,2026-03-26 14:30:40.658877
d7cd1e82-bf59-4bfb-a6bd-0acb22bdeea4,f46a14f4-283c-4d9b-b52b-76e8648d68c4,Stoicism,Virtue philosophy,ˈstoʊ.ɪ.sɪz.əm,noun,Stoicism teaches acceptance.,Khắc kỷ,Triết học,,,true,2026-03-26 14:30:40.658877,2026-03-26 14:30:40.658877
d81118b8-4d16-4ecc-9369-797b4c603a35,f2867ff8-da21-42e1-ad58-ff38fa6324b8,Grandmother,Mother of parent,ˈɡræn.ˌmʌð.ɚ,noun,Grandmother tells stories.,Bà,"Ngoại, nội",,,true,2026-03-26 14:30:40.658877,2026-03-26 14:30:40.658877
d81cd4bf-83c3-48ea-b735-f93b52de9c07,ef83ea3c-996c-4048-8968-7237e72a6e5d,Son,Male child,sʌn,noun,He has son.,Con trai,Đứa con nam,,,true,2026-03-26 14:30:40.658877,2026-03-26 14:30:40.658877
d81e25f5-3a1f-4c0b-bf2b-ac27b628b9b2,ef83ea3c-996c-4048-8968-7237e72a6e5d,Aunt,Parent sister,ænt,noun,Aunt bakes cakes.,Cô dì,Chị em bố mẹ,,,true,2026-03-26 14:30:40.658877,2026-03-26 14:30:40.658877
d86d7d04-a655-42c4-a44b-01a9831fa5ed,ff02df4a-ece1-4847-923b-0f9273cb89be,Angry,Feeling rage,ˈæŋ.ɡri,adjective,She is angry us.,Tức giận,Cảm giác giận,,,true,2026-03-26 14:30:40.658877,2026-03-26 14:30:40.658877
d8755217-fe51-454b-ad73-8f1a7baa6d19,1768a53f-3b47-4afe-a231-feea190002ef,Aesthetics,Beauty study,ɛsˈθɛt.ɪks,noun,Aesthetics beauty.,Thẩm mỹ,Nghiên cứu,,,true,2026-03-26 14:30:40.658877,2026-03-26 14:30:40.658877
d87cacda-1982-4464-b6c7-a9e562382678,a58554ec-5e72-4981-b30c-ce5f10aee993,Vice,Moral fault,vaɪs,noun,Vice unhappiness.,Tội lỗi,Lỗi đạo,,,true,2026-03-26 14:30:40.658877,2026-03-26 14:30:40.658877
d887649e-ec50-4546-9468-1e98d5c541bf,eb6906e7-a8e8-4b94-9da9-59a659e92fda,cold,very low temperature,koʊld,danh từ,Winter is cold,lạnh,nhiệt độ rất thấp,,,true,2026-03-18 23:26:07.668,2026-03-18 23:26:07.668
d88b4c3d-62e4-4b87-8034-2fc5bc91e8d0,70c77765-6416-4d36-950a-7c93580b2fa0,Proud,Feeling pride,praʊd,adjective,I proud you.,Tự hào,Cảm giác hạnh,,,true,2026-03-26 14:30:40.658877,2026-03-26 14:30:40.658877
d8d29a2c-79a6-421c-a8e4-fdd86ec09802,71802fc1-9c2b-49d9-93ca-0140d294e318,toothache,pain in tooth,/toothache/,danh từ,toothache example,toothache,Một khái niệm liên quan đến health,,,true,2026-03-18 23:27:06.141,2026-03-18 23:27:06.141
d8f9c22c-1a3d-4657-9a10-ba0acc12c2e5,fed0d635-a1bb-4732-bb7a-b8caf4c21b12,passport,document for international travel,/passport/,danh từ,passport example,passport,Một khái niệm liên quan đến travel,,,true,2026-03-18 23:27:06.141,2026-03-18 23:27:06.141
d9119eb4-c40f-46c5-9109-0fb113d9cc7b,6b254450-7004-433c-bf69-1fb053a62f52,Confused,Feeling bewilderment,kənˈfjuzd,adjective,Confused instructions.,Bối rối,Cảm giác bối,,,true,2026-03-26 14:30:40.658877,2026-03-26 14:30:40.658877
d9263870-387c-443d-9594-c48734446057,861b28e6-a21c-4b16-8250-0228c87f55b4,Eight,Number 8,eɪt,number,I have eight pens.,Tám,Số 8,,,true,2026-03-26 14:30:40.658877,2026-03-26 14:30:40.658877
d92ff23a-c994-47a8-8662-be0a652e36ab,81c08f3f-0705-472c-8a7e-682c4197dc80,Please,Polite request,pliz,adverb,Please pass salt.,Vui lòng,Yêu cầu lịch sự,,,true,2026-03-26 14:30:40.658877,2026-03-26 14:30:40.658877
d9600f0e-f6fb-4b3d-a072-836d8c1ef8c9,bdace7d5-30a7-49fe-a09e-ea0657efb79d,cherry,a small round fruit with pit; red or black,ˈtʃeri,danh từ,Cherry is beautiful,anh đào,Một quả tròn nhỏ với hạt; đỏ hoặc đen,,,true,2026-03-18 23:22:53.645,2026-03-18 23:22:53.645
d974209c-a8ad-4b0d-854b-92fdd75467d9,e0dc609f-c176-4fdb-93bf-e39d087671f5,Logic,Reasoning system,ˈlɑdʒ.ɪk,noun,Logic basis philosophy.,Lôgic,Hệ thống,,,true,2026-03-26 14:30:40.658877,2026-03-26 14:30:40.658877
d97b560e-ca47-42c2-be2e-84e1c16285dc,370abe73-2ce6-40b0-b3ef-82d8f9857e1f,Stoicism,Virtue philosophy,ˈstoʊ.ɪ.sɪz.əm,noun,Stoicism teaches acceptance.,Khắc kỷ,Triết học,,,true,2026-03-26 14:30:40.658877,2026-03-26 14:30:40.658877
d97e0f24-f496-4e6e-92a6-941da965b0e6,b48f8788-ab02-4e87-a86b-e4cda07b2a8d,Aunt,Parent sister,ænt,noun,Aunt bakes cakes.,Cô dì,Chị em bố mẹ,,,true,2026-03-26 14:30:40.658877,2026-03-26 14:30:40.658877
d9915efc-9103-42dd-907d-83cdab33c71a,81c08f3f-0705-472c-8a7e-682c4197dc80,Goodbye,Farewell,ˌɡʊdˈbaɪ,interjection,"Goodbye, see you.",Tạm biệt,Lời tạm biệt,,,true,2026-03-26 14:30:40.658877,2026-03-26 14:30:40.658877
d9cfa917-a28d-4d72-85f2-4a01465045b8,1e983eef-be0a-4a27-abd9-c548efdf1633,Father,Male parent,ˈfɑ.ðɚ,noun,My father works hard.,Bố,Cha mẹ nam,,,true,2026-03-26 14:30:40.658877,2026-03-26 14:30:40.658877
d9da2207-5135-40db-9d7e-fae8b78e4af9,2d825671-b231-4d6a-9c0c-5ec2fa5d7d70,Grandmother,Mother of parent,ˈɡræn.ˌmʌð.ɚ,noun,Grandmother tells stories.,Bà,"Ngoại, nội",,,true,2026-03-26 14:30:40.658877,2026-03-26 14:30:40.658877
da1b6942-9f1f-46c4-a022-634b46b3958c,764cc2ce-f217-4c78-9799-04685ba95ab7,scarf,a cloth worn around neck or head,skɑːrf,danh từ,Silk scarf is elegant,khăn quàng,vải quấn quanh cổ hoặc đầu,,,true,2026-03-18 23:26:07.668,2026-03-18 23:26:07.668
da319080-0e84-4fb5-a38e-d682689d0b72,67c2c95b-aa85-4e49-a0b3-dfb7ee8a5b29,Jealous,Feeling envy,ˈdʒɛl.əs,adjective,Jealous sister.,Ghen tị,Cảm giác ghen,,,true,2026-03-26 14:30:40.658877,2026-03-26 14:30:40.658877
da390a16-57fd-493c-811b-0bb9950b71be,79c47bf8-ccad-4d92-807d-c7cdafd034c0,Tired,Feeling exhaustion,ˈtaɪɚd,adjective,I tired after work.,Mệt,Cảm giác mỏi,,,true,2026-03-26 14:30:40.658877,2026-03-26 14:30:40.658877
da3a1669-09d6-4caf-8c38-b678a741de16,23517e96-f9dd-4318-8b61-083c140556f8,Existence,State being,ɪɡˈzɪs.təns,noun,Existence God debated.,Tồn tại,Trạng thái hiện,,,true,2026-03-26 14:30:40.658877,2026-03-26 14:30:40.658877
da6bc6f7-f957-401c-9eb3-b48b386332a0,d0d60af4-a86f-4442-a1a0-892d2a5cdbd3,Aesthetics,Beauty study,ɛsˈθɛt.ɪks,noun,Aesthetics beauty.,Thẩm mỹ,Nghiên cứu,,,true,2026-03-26 14:30:40.658877,2026-03-26 14:30:40.658877
da92147f-81f4-4198-92f5-ca9b4e42c146,34931917-34dc-4ea8-af60-d0d01b00cc86,investment,money put into venture,/investment/,danh từ,investment example,investment,Một khái niệm liên quan đến business,,,true,2026-03-18 23:27:06.141,2026-03-18 23:27:06.141
da930d22-6697-4217-9998-d2434ba2d83a,5ff5c9d7-f265-4925-88c7-c44b7ae1e531,eyes,organs for seeing,aɪz,danh từ,Blue eyes are beautiful,mắt,cơ quan nhìn thấy,,,true,2026-03-18 23:26:07.668,2026-03-18 23:26:07.668
dab95e2e-8e75-408a-b308-0b3af55c35e5,c93ab659-8f04-4947-b4fc-e9b66409b54f,Metaphysics,Reality study,ˌmɛt.əˈfɪz.ɪks,noun,Metaphysics questions.,Siêu hình,Thực tại,,,true,2026-03-26 14:30:40.658877,2026-03-26 14:30:40.658877
dacb306c-d295-4545-b11a-4bf7e368d634,4a545b1d-d759-4331-b1c8-6619db4b1e87,Confused,Feeling bewilderment,kənˈfjuzd,adjective,Confused instructions.,Bối rối,Cảm giác bối,,,true,2026-03-26 14:30:40.658877,2026-03-26 14:30:40.658877
dad06817-8eca-4c02-b28e-e482b55e13f2,ef83ea3c-996c-4048-8968-7237e72a6e5d,Brother,Male sibling,ˈbrʌð.ɚ,noun,My brother plays sports.,Anh em trai,Anh chị em,,,true,2026-03-26 14:30:40.658877,2026-03-26 14:30:40.658877
dae17ecc-8844-4f09-b474-d814ce975aca,e62729fd-2c68-41d8-8dea-aec377434133,Existentialism,Existence philosophy,ˌɛɡ.zɪˈstɛn.ʃə.lɪz.əm,noun,Existentialism freedom.,Hiện sinh chủ,Triết học,,,true,2026-03-26 14:30:40.658877,2026-03-26 14:30:40.658877
daf7b96b-a130-4a35-8115-ea49994fb6cc,be4596fe-4524-4164-9f6e-3ca16a48abc4,Nice meet,Greeting stranger,ˌnaɪs tə ˈmit,phrase,Nice meet you.,Vui gặp,Chào người mới,,,true,2026-03-26 14:30:40.658877,2026-03-26 14:30:40.658877
db159777-31a6-4c32-b3dd-c564f8e52036,b317a1e7-1993-43b0-bb4d-84738612837c,Epistemology,Knowledge study,ˌɛp.ɪ.stəˈmɑl.ə.dʒi,noun,Epistemology knowledge.,Nhận thức luận,Nghiên cứu,,,true,2026-03-26 14:30:40.658877,2026-03-26 14:30:40.658877
db614825-e158-49b1-aa80-d1cba3633c9d,be4596fe-4524-4164-9f6e-3ca16a48abc4,How are,Ask health,ˌhaʊ ɑr,phrase,How are today?,Khỏe không,Hỏi sức khỏe,,,true,2026-03-26 14:30:40.658877,2026-03-26 14:30:40.658877
db8a817b-5df0-43b7-89d8-067faff7b3e1,764cc2ce-f217-4c78-9799-04685ba95ab7,sweater,a knitted garment for warmth,ˈsweɪtər,danh từ,Wool sweater is warm,áo len,quần áo dệt để giữ ấm,,,true,2026-03-18 23:26:07.668,2026-03-18 23:26:07.668
db8e3dcb-59c4-4e5a-b6e9-836081b02ada,f19c0271-02f0-46de-b01d-d124844bd385,Baby,Young child,ˈbeɪ.bi,noun,Baby is sleeping.,Em bé,Trẻ sơ sinh,,,true,2026-03-26 14:30:40.658877,2026-03-26 14:30:40.658877
dbc2f055-374a-402c-9ba2-491d871e859c,0f7467d0-de49-4732-a5eb-3d62ebbb0bf2,cow,a large farm animal; gives milk,kaʊ,danh từ,Cow eats grass,bò,Một con vật trại lớn; cho sữa,,,true,2026-03-18 23:22:53.645,2026-03-18 23:22:53.645
dbd53451-3d0b-4ef7-908a-cf043322c37b,6099eea9-f4d6-4738-9662-d01b6f6f2a12,teacher,a person who teaches students,/teacher/,danh từ,teacher example,giáo viên,Một khái niệm liên quan đến school,,,true,2026-03-18 23:27:06.141,2026-03-18 23:27:06.141
dc164d3c-ee4e-40de-bb8e-5866b884249c,fed0d635-a1bb-4732-bb7a-b8caf4c21b12,resort,vacation destination facility,/resort/,danh từ,resort example,resort,Một khái niệm liên quan đến travel,,,true,2026-03-18 23:27:06.141,2026-03-18 23:27:06.141
dc1c03c1-ff70-4877-b698-52a33016348d,37f72f2b-f802-4bb4-91cd-72dbad87ecde,One,Number 1,wʌn,number,I have one cat.,Một,Số 1,,,true,2026-03-26 14:30:40.658877,2026-03-26 14:30:40.658877
dc226d4c-a1ba-4f5b-8f94-87be4500d151,23517e96-f9dd-4318-8b61-083c140556f8,Logic,Reasoning system,ˈlɑdʒ.ɪk,noun,Logic basis philosophy.,Lôgic,Hệ thống,,,true,2026-03-26 14:30:40.658877,2026-03-26 14:30:40.658877
dc248299-6973-4330-aa3d-2ceb9db2c193,5ff5c9d7-f265-4925-88c7-c44b7ae1e531,back,rear of body,/back/,danh từ,Back pain,lưng,phía sau cơ thể,,,true,2026-03-18 23:26:07.668,2026-03-18 23:26:07.668
dc46dd1d-25e0-4d87-8f43-2f0fdfbdf922,0ceda941-9b55-403f-abf7-fb080315789d,january,the first month of the year,ˈdʒænjueri,danh từ,January starts the year,tháng một,Tháng đầu tiên của năm,,,true,2026-03-18 23:22:53.645,2026-03-18 23:22:53.645
dc58be2d-1941-4e32-92aa-dccaab2fd6b7,2bddc0bd-c221-4bc1-8b6f-72096e4a7674,Worried,Feeling anxiety,ˈwɝ.id,adjective,Worried exam.,Lo lắng,Cảm giác lo,,,true,2026-03-26 14:30:40.658877,2026-03-26 14:30:40.658877
dc5e8e14-38ad-4336-8c82-c67ec868d058,88643a0a-de0e-4726-8c56-ca9e62f3614a,One,Number 1,wʌn,number,I have one cat.,Một,Số 1,,,true,2026-03-26 14:30:40.658877,2026-03-26 14:30:40.658877
dc63e834-a745-468d-8a9a-e591956d9adf,1a91724d-2d99-4c3f-a140-ea1e6c617aeb,Eight,Number 8,eɪt,number,I have eight pens.,Tám,Số 8,,,true,2026-03-26 14:30:40.658877,2026-03-26 14:30:40.658877
dc7d321c-d690-4c9a-a081-1aaac0d28b73,a58554ec-5e72-4981-b30c-ce5f10aee993,Aesthetics,Beauty study,ɛsˈθɛt.ɪks,noun,Aesthetics beauty.,Thẩm mỹ,Nghiên cứu,,,true,2026-03-26 14:30:40.658877,2026-03-26 14:30:40.658877
dc9826d4-bb43-4c23-af89-166a0309d5d9,48adeeb4-ea05-4c89-95d1-7c278e83dedb,Nihilism,Nothing meaning belief,ˈnaɪ.ə.lɪz.əm,noun,Nihilism values denies.,Vô chủ nghĩa,Niềm tin,,,true,2026-03-26 14:30:40.658877,2026-03-26 14:30:40.658877
dcdd0c38-76be-431b-a900-8276e6fdfd4f,5ff5c9d7-f265-4925-88c7-c44b7ae1e531,head,upper part of body with brain,hed,danh từ,Head hurts,đầu,phần trên của cơ thể với não,,,true,2026-03-18 23:26:07.668,2026-03-18 23:26:07.668
dce9b866-b031-45c8-8110-0893ad8b9110,6b254450-7004-433c-bf69-1fb053a62f52,Happy,Feeling joy,ˈhæp.i,adjective,I am happy today.,Vui,Cảm giác vui,,,true,2026-03-26 14:30:40.658877,2026-03-26 14:30:40.658877
dd26b499-9503-45fd-a903-b0894459b17c,f35e320a-ec1d-497e-90b9-830150a5f34d,Nihilism,Nothing meaning belief,ˈnaɪ.ə.lɪz.əm,noun,Nihilism values denies.,Vô chủ nghĩa,Niềm tin,,,true,2026-03-26 14:30:40.658877,2026-03-26 14:30:40.658877
dd4b25a3-98c3-46ac-ab3e-f6ba0b2718d2,f25b9620-2fc5-4079-8647-8f5dbf5ca619,camera,device for taking photos,/camera/,danh từ,camera example,camera,Một khái niệm liên quan đến technology,,,true,2026-03-18 23:27:06.141,2026-03-18 23:27:06.141
dd533800-80c2-47d4-af75-59321905718b,dd29c719-2106-4c8b-b503-aa3173b0b0df,Father,Male parent,ˈfɑ.ðɚ,noun,My father works hard.,Bố,Cha mẹ nam,,,true,2026-03-26 14:30:40.658877,2026-03-26 14:30:40.658877
dd5e1964-96cf-4147-900f-8557218e4dc3,cdbc767d-9b38-4792-a420-be0b00b83339,Uncle,Parent brother,ˈʌŋ.kəl,noun,Uncle visits every week.,Chú bác,Anh em bố mẹ,,,true,2026-03-26 14:30:40.658877,2026-03-26 14:30:40.658877
dd67c0ea-bba2-42b1-bd11-67e8a891d679,ef83ea3c-996c-4048-8968-7237e72a6e5d,Grandmother,Mother of parent,ˈɡræn.ˌmʌð.ɚ,noun,Grandmother tells stories.,Bà,"Ngoại, nội",,,true,2026-03-26 14:30:40.658877,2026-03-26 14:30:40.658877
dd7ba807-8e6f-4fa5-bd17-0ba3dedc4a1f,e1c6a531-951b-49e8-a205-ed0b9486f723,Virtue,Moral quality,ˈvɝ.tʃu,noun,Virtue happiness path.,Đức hạnh,Phẩm chất,,,true,2026-03-26 14:30:40.658877,2026-03-26 14:30:40.658877
dd7d21f5-5c8f-427c-ada2-f0c5917e67cd,3ea443f8-3295-449b-9410-9f7a9062bdb4,Father,Male parent,ˈfɑ.ðɚ,noun,My father works hard.,Bố,Cha mẹ nam,,,true,2026-03-26 14:30:40.658877,2026-03-26 14:30:40.658877
dd89a946-9223-49c0-aef5-cf90a9f33b42,923f19cb-bd8c-4b71-b762-0f409c965762,Existence,State being,ɪɡˈzɪs.təns,noun,Existence God debated.,Tồn tại,Trạng thái hiện,,,true,2026-03-26 14:30:40.658877,2026-03-26 14:30:40.658877
ddaa6109-2ceb-4a57-a67a-e83ba9f22093,73f5c5b2-5c82-4434-bcef-a0ad0e5d7de5,Cousin,Relative child,ˈkʌz.ən,noun,My cousin lives nearby.,Em họ,Con chú dì,,,true,2026-03-26 14:30:40.658877,2026-03-26 14:30:40.658877
ddb49239-0bd8-42b9-b213-f877399ea8dc,c1c8f750-8c0e-4b88-89d9-149307fdb3e2,fishing,catching fish for sport,/fishing/,danh từ,fishing example,fishing,Một khái niệm liên quan đến hobbies,,,true,2026-03-18 23:27:06.141,2026-03-18 23:27:06.141
ddb86664-499c-49cc-b048-af11bc2ccd2c,41b7f321-295c-488c-af33-14211bb75fa7,Sister,Female sibling,ˈsɪs.tɚ,noun,My sister likes reading.,Chị em gái,Chị em gái,,,true,2026-03-26 14:30:40.658877,2026-03-26 14:30:40.658877
ddef3703-8249-47e0-b2f5-13d0ad72f98c,dd56df6c-e0c0-44a9-b706-28b5106b1978,Aesthetics,Beauty study,ɛsˈθɛt.ɪks,noun,Aesthetics beauty.,Thẩm mỹ,Nghiên cứu,,,true,2026-03-26 14:30:40.658877,2026-03-26 14:30:40.658877
de12dee7-74fb-4163-9746-8d0ec50b8bf4,ed55870d-2fd2-4ba1-b0aa-7a280a6cd587,Vice,Moral fault,vaɪs,noun,Vice unhappiness.,Tội lỗi,Lỗi đạo,,,true,2026-03-26 14:30:40.658877,2026-03-26 14:30:40.658877
de233558-ced6-46a5-9697-d2d1dfa80260,b07f3d0e-a184-4cd0-937d-4f3cbd063d36,Nice meet,Greeting stranger,ˌnaɪs tə ˈmit,phrase,Nice meet you.,Vui gặp,Chào người mới,,,true,2026-03-26 14:30:40.658877,2026-03-26 14:30:40.658877
de563288-05f9-4ac4-b073-5ef8a66a82b0,b16db79c-1b16-46bf-9bd8-3596a44d8609,Sister,Female sibling,ˈsɪs.tɚ,noun,My sister likes reading.,Chị em gái,Chị em gái,,,true,2026-03-26 14:30:40.658877,2026-03-26 14:30:40.658877
de649f44-062a-40a4-9722-59aa23bf9fd3,afa3e499-8717-431c-93a3-3d851d68fc7e,Grandmother,Mother of parent,ˈɡræn.ˌmʌð.ɚ,noun,Grandmother tells stories.,Bà,"Ngoại, nội",,,true,2026-03-26 14:30:40.658877,2026-03-26 14:30:40.658877
de694ea4-88f3-43cb-9a4b-d03a1f573011,484c0e0d-e1af-4005-87ba-675dd65a4bae,Cousin,Relative child,ˈkʌz.ən,noun,My cousin lives nearby.,Em họ,Con chú dì,,,true,2026-03-26 14:30:40.658877,2026-03-26 14:30:40.658877
de6eba46-8ffc-433e-bce7-2ab5e0db7011,0c65a440-ca84-4f96-a502-a5c9aebdef77,milk,a white liquid from animals,mɪlk,danh từ,Baby drinks milk,sữa,chất lỏng trắng từ động vật,,,true,2026-03-18 23:26:07.668,2026-03-18 23:26:07.668
deacfc4f-43c5-4608-ab4b-ae1cb341b4ae,3190f865-ff2e-4de4-8878-b0a874c044ac,lonely,feeling of isolation,/lonely/,danh từ,lonely example,lonely,Một khái niệm liên quan đến emotions,,,true,2026-03-18 23:27:06.141,2026-03-18 23:27:06.141
decf6df7-f1ad-4a3e-970f-f1a619e73a6b,644fe377-999e-4856-ae36-3bbea5352c69,Son,Male child,sʌn,noun,He has son.,Con trai,Đứa con nam,,,true,2026-03-26 14:30:40.658877,2026-03-26 14:30:40.658877
df020e8c-a45f-4668-9b23-e81f011106c3,f35e320a-ec1d-497e-90b9-830150a5f34d,Logic,Reasoning system,ˈlɑdʒ.ɪk,noun,Logic basis philosophy.,Lôgic,Hệ thống,,,true,2026-03-26 14:30:40.658877,2026-03-26 14:30:40.658877
df04c5e0-b047-41c6-abdc-0e6c0d4988c9,1768a53f-3b47-4afe-a231-feea190002ef,Ontology,Existence study,ɑnˈtɑl.ə.dʒi,noun,Ontology explores reality.,Bản thể luận,Sự tồn tại,,,true,2026-03-26 14:30:40.658877,2026-03-26 14:30:40.658877
df05c19c-c05f-4df2-8fa8-ae39414ef4c0,bdace7d5-30a7-49fe-a09e-ea0657efb79d,mango,a tropical fruit with smooth skin and large seed,ˈmæŋɡoʊ,danh từ,Mango is tasty,xoài,Một quả nhiệt đới với da mịn và hạt lớn,,,true,2026-03-18 23:22:53.645,2026-03-18 23:22:53.645
df0876c1-1b4d-4e6c-a341-1f1a58ee4783,cdbc767d-9b38-4792-a420-be0b00b83339,Baby,Young child,ˈbeɪ.bi,noun,Baby is sleeping.,Em bé,Trẻ sơ sinh,,,true,2026-03-26 14:30:40.658877,2026-03-26 14:30:40.658877
df28f065-9159-48b2-bfc8-0dc065076aa7,84b45efa-148b-4307-94b0-ebaae6c7b32a,Vice,Moral fault,vaɪs,noun,Vice unhappiness.,Tội lỗi,Lỗi đạo,,,true,2026-03-26 14:30:40.658877,2026-03-26 14:30:40.658877
df4860aa-a645-48e8-bfa5-c86b8a204f30,ef83ea3c-996c-4048-8968-7237e72a6e5d,Cousin,Relative child,ˈkʌz.ən,noun,My cousin lives nearby.,Em họ,Con chú dì,,,true,2026-03-26 14:30:40.658877,2026-03-26 14:30:40.658877
df513ab0-6905-475a-ae52-6d4ccbe1bb4e,68cc7887-5460-44f9-a583-9dbf0e95b24d,Dialectic,Argument method,daɪˈælɛk.tɪk,noun,Hegel dialectic used.,Biện luận,Phương pháp,,,true,2026-03-26 14:30:40.658877,2026-03-26 14:30:40.658877
df5cdd3a-f58b-445c-87e5-40105250b094,5c7eeb64-bb5a-42f9-8b15-33d0428dd34d,Eight,Number 8,eɪt,number,I have eight pens.,Tám,Số 8,,,true,2026-03-26 14:30:40.658877,2026-03-26 14:30:40.658877
df6729b7-82d6-47bb-9389-0d4249656800,37f72f2b-f802-4bb4-91cd-72dbad87ecde,Eight,Number 8,eɪt,number,I have eight pens.,Tám,Số 8,,,true,2026-03-26 14:30:40.658877,2026-03-26 14:30:40.658877
df77cd81-ac7c-4cc2-9274-ab18c8b1ade5,dd29c719-2106-4c8b-b503-aa3173b0b0df,Grandmother,Mother of parent,ˈɡræn.ˌmʌð.ɚ,noun,Grandmother tells stories.,Bà,"Ngoại, nội",,,true,2026-03-26 14:30:40.658877,2026-03-26 14:30:40.658877
df849117-060f-44b4-a860-ed029ea53ca1,fed0d635-a1bb-4732-bb7a-b8caf4c21b12,map,document showing places,/map/,danh từ,map example,map,Một khái niệm liên quan đến travel,,,true,2026-03-18 23:27:06.141,2026-03-18 23:27:06.141
df8ffab7-e203-4fb2-8bc9-2f4e35dc5f70,4622c636-7957-4f30-9bc4-5fae81775631,floor,surface to walk on,/floor/,danh từ,Wooden floor,sàn nhà,bề mặt để đi bộ,,,true,2026-03-18 23:26:07.668,2026-03-18 23:26:07.668
dfc282ff-c6e9-4891-b545-3589f714d16d,71802fc1-9c2b-49d9-93ca-0140d294e318,disease,medical condition,/disease/,danh từ,disease example,bệnh tật,Một khái niệm liên quan đến health,,,true,2026-03-18 23:27:06.141,2026-03-18 23:27:06.141
dfcb5313-2e01-405f-a62b-4cd7aa27c6d3,70c77765-6416-4d36-950a-7c93580b2fa0,Excited,Feeling enthusiasm,ɪkˈsaɪ.tɪd,adjective,I excited trip.,Phấn khích,Cảm giác hạnh,,,true,2026-03-26 14:30:40.658877,2026-03-26 14:30:40.658877
dfd478df-d8ec-4b5f-9485-71f725114854,dd37cd9c-fd13-43c8-8f32-cc50a38476a0,Existence,State being,ɪɡˈzɪs.təns,noun,Existence God debated.,Tồn tại,Trạng thái hiện,,,true,2026-03-26 14:30:40.658877,2026-03-26 14:30:40.658877
e04067b9-e85f-43b4-9609-136bbbb3d217,88443e68-aebe-44f0-800c-c17266b21ff9,Sad,Feeling sorrow,sæd,adjective,He feels sad loss.,Buồn,Cảm giác buồn,,,true,2026-03-26 14:30:40.658877,2026-03-26 14:30:40.658877
e0624a8b-ad1c-4187-a42c-c0bc62c7a3e3,0a01cbc9-8eaf-40d0-85f9-f4ad9a7fd19c,Irony,Opposite of expected,ˈaɪ.rə.ni,noun,That is ironic.,Mỉa mai,Điều ngược lại,,,true,2026-03-26 14:30:40.658877,2026-03-26 14:30:40.658877
e0693469-2253-4c24-863b-91ab6ebcdc00,ddea0c96-bacc-484f-9d4d-66d741cc51d8,Goodbye,Farewell,ˌɡʊdˈbaɪ,interjection,"Goodbye, see you.",Tạm biệt,Lời tạm biệt,,,true,2026-03-26 14:30:40.658877,2026-03-26 14:30:40.658877
e11b8b48-2560-4d8b-91f0-ff2c58c960fb,923f19cb-bd8c-4b71-b762-0f409c965762,Epistemology,Knowledge study,ˌɛp.ɪ.stəˈmɑl.ə.dʒi,noun,Epistemology knowledge.,Nhận thức luận,Nghiên cứu,,,true,2026-03-26 14:30:40.658877,2026-03-26 14:30:40.658877
e14e0183-4cd7-4b25-8d00-06d17b054218,bdace7d5-30a7-49fe-a09e-ea0657efb79d,apple,"a round red, green, or yellow fruit with seeds; common fruit",ˈæpəl,danh từ,Red apples are delicious,táo,"Một quả tròn đỏ, xanh hoặc vàng với hạt; quả thường gặp",,,true,2026-03-18 23:22:53.645,2026-03-18 23:22:53.645
e151804c-1f13-441d-b43b-527f3c22cd62,c93ab659-8f04-4947-b4fc-e9b66409b54f,Aesthetics,Beauty study,ɛsˈθɛt.ɪks,noun,Aesthetics beauty.,Thẩm mỹ,Nghiên cứu,,,true,2026-03-26 14:30:40.658877,2026-03-26 14:30:40.658877
e19c80a6-6b5c-42a5-9de6-cf70abd072a1,349e1df9-b9b6-4a64-ab4b-babd170cadc4,Two,Number 2,tu,number,I have two dogs.,Hai,Số 2,,,true,2026-03-26 14:30:40.658877,2026-03-26 14:30:40.658877
e1a49e74-f8fc-4d10-93ba-9b8edb986b6c,7e5d0907-64fa-482f-b968-a5efd9168a61,Nihilism,Nothing meaning belief,ˈnaɪ.ə.lɪz.əm,noun,Nihilism values denies.,Vô chủ nghĩa,Niềm tin,,,true,2026-03-26 14:30:40.658877,2026-03-26 14:30:40.658877
e1bc823d-0ca4-4329-8518-837665889cc8,faf4d62d-4fb0-4373-8fd4-3a5360963de1,Proud,Feeling pride,praʊd,adjective,I proud you.,Tự hào,Cảm giác hạnh,,,true,2026-03-26 14:30:40.658877,2026-03-26 14:30:40.658877
e1d842d2-eb02-46ab-92df-c8002a767aff,d4986ac8-fc5b-4d7c-9960-c7a32512ee69,Welcome,Greet visitor,ˈwɛl.kəm,interjection,Welcome home!,Chào mừng,Lời chào mừng,,,true,2026-03-26 14:30:40.658877,2026-03-26 14:30:40.658877
e21c73d7-578d-4194-852e-f38e676bbcc3,0c65a440-ca84-4f96-a502-a5c9aebdef77,water,a clear liquid essential for life,ˈwɔːtər,danh từ,Drink water daily,nước,chất lỏng trong suốt cần thiết cho cuộc sống,,,true,2026-03-18 23:26:07.668,2026-03-18 23:26:07.668
e22e65f9-d73d-4b49-9067-0e9fafe0438d,bced27c8-2c20-4107-bf2d-2dfe46687373,Son,Male child,sʌn,noun,He has son.,Con trai,Đứa con nam,,,true,2026-03-26 14:30:40.658877,2026-03-26 14:30:40.658877
e26d055f-d9b4-4a6f-809d-d290ad5255c7,dab29c7e-633e-4611-83f9-6a1781fed230,Existentialism,Existence philosophy,ˌɛɡ.zɪˈstɛn.ʃə.lɪz.əm,noun,Existentialism freedom.,Hiện sinh chủ,Triết học,,,true,2026-03-26 14:30:40.658877,2026-03-26 14:30:40.658877
e28fdcfd-56c0-4456-878f-5a446682a5f3,a27485a8-7d88-47ed-8ce5-93266a425c11,Existentialism,Existence philosophy,ˌɛɡ.zɪˈstɛn.ʃə.lɪz.əm,noun,Existentialism freedom.,Hiện sinh chủ,Triết học,,,true,2026-03-26 14:30:40.658877,2026-03-26 14:30:40.658877
e2978609-71af-47f9-9984-72ef2bb3e718,bced27c8-2c20-4107-bf2d-2dfe46687373,Sister,Female sibling,ˈsɪs.tɚ,noun,My sister likes reading.,Chị em gái,Chị em gái,,,true,2026-03-26 14:30:40.658877,2026-03-26 14:30:40.658877
e2d8a09c-4858-4ccd-b397-5f15c53c1e0a,84b45efa-148b-4307-94b0-ebaae6c7b32a,Ontology,Existence study,ɑnˈtɑl.ə.dʒi,noun,Ontology explores reality.,Bản thể luận,Sự tồn tại,,,true,2026-03-26 14:30:40.658877,2026-03-26 14:30:40.658877
e30e89fe-ea7f-415a-b505-ab206ade299f,69d16e3e-74ca-45eb-8c06-8cef65b85134,Epistemology,Knowledge study,ˌɛp.ɪ.stəˈmɑl.ə.dʒi,noun,Epistemology knowledge.,Nhận thức luận,Nghiên cứu,,,true,2026-03-26 14:30:40.658877,2026-03-26 14:30:40.658877
e3130569-d4f8-449d-8866-a9443d730a41,efe6a928-8995-47cc-8e83-458a37872a80,Cousin,Relative child,ˈkʌz.ən,noun,My cousin lives nearby.,Em họ,Con chú dì,,,true,2026-03-26 14:30:40.658877,2026-03-26 14:30:40.658877
e3a13028-f5fa-467f-8f02-d2b0ee76f4f1,ac13c7e8-492c-46d1-b46e-755272c6d9d6,Virtue,Moral quality,ˈvɝ.tʃu,noun,Virtue happiness path.,Đức hạnh,Phẩm chất,,,true,2026-03-26 14:30:40.658877,2026-03-26 14:30:40.658877
e3e2235b-5d90-4d4f-9e6e-aad3bac2bc03,568d01b2-5a64-4823-afa2-fd4664ca4c1c,Three,Number 3,θri,number,I have three birds.,Ba,Số 3,,,true,2026-03-26 14:30:40.658877,2026-03-26 14:30:40.658877
e462aa4a-d01d-40d9-af7e-c9fa271bd11f,f3aaed13-86c6-49be-8f73-c117a646f1ff,Jealous,Feeling envy,ˈdʒɛl.əs,adjective,Jealous sister.,Ghen tị,Cảm giác ghen,,,true,2026-03-26 14:30:40.658877,2026-03-26 14:30:40.658877
e47339c9-9678-433c-9e44-9b0028a180a0,88643a0a-de0e-4726-8c56-ca9e62f3614a,Three,Number 3,θri,number,I have three birds.,Ba,Số 3,,,true,2026-03-26 14:30:40.658877,2026-03-26 14:30:40.658877
e47b69ce-c1c3-48ba-8584-2d467a568da4,b317a1e7-1993-43b0-bb4d-84738612837c,Existence,State being,ɪɡˈzɪs.təns,noun,Existence God debated.,Tồn tại,Trạng thái hiện,,,true,2026-03-26 14:30:40.658877,2026-03-26 14:30:40.658877
e4a5e5f9-6191-4a6f-a7bd-8c3c95c7ed1f,169b29f8-cd25-4fd5-9e0c-bcf9fdd56b6a,Have nice day,Wishful farewell,ˌhæv ə ˌnaɪs ˈdeɪ,phrase,Have nice day!,Chúc ngày tốt,Lời chúc,,,true,2026-03-26 14:30:40.658877,2026-03-26 14:30:40.658877
e4f42511-c461-4346-aada-5c648be9c336,37f72f2b-f802-4bb4-91cd-72dbad87ecde,Twelve,Number 12,twɛlv,number,Twelve months here.,Mười hai,Số 12,,,true,2026-03-26 14:30:40.658877,2026-03-26 14:30:40.658877
e5117fb3-3f01-47e5-a624-50dc366688bc,a27485a8-7d88-47ed-8ce5-93266a425c11,Ethics,Moral principles,ˈɛθ.ɪks,noun,Ethics guide decisions.,Đạo đức,Nguyên tắc,,,true,2026-03-26 14:30:40.658877,2026-03-26 14:30:40.658877
e580bde1-fdd9-451c-ba23-7dabb65ec571,859a1e12-e633-40e5-b4e2-b7e9dfd2a7d7,red,a bright color between orange and pink; the color of blood or fire,red,danh từ,Red roses are beautiful,màu đỏ,Một màu sáng nằm giữa màu cam và màu hồng; màu của máu hoặc lửa,,,true,2026-03-18 23:22:53.645,2026-03-18 23:22:53.645
e59382d6-0775-41ad-996b-2441f7737d79,95ad0b6d-ecef-4e64-9d00-1f9a355214bb,Relaxed,Feeling calmness,rɪˈlækst,adjective,Relaxed home.,Thư thái,Cảm giác calm,,,true,2026-03-26 14:30:40.658877,2026-03-26 14:30:40.658877
e5c19d74-babb-4457-8746-b0d0bc3b3ee3,a6f9ef68-d647-4df6-9121-19ec9c0fee72,Goodbye,Farewell,ˌɡʊdˈbaɪ,interjection,"Goodbye, see you.",Tạm biệt,Lời tạm biệt,,,true,2026-03-26 14:30:40.658877,2026-03-26 14:30:40.658877
e5d0dbd6-bd9f-4369-ba87-864927b1c435,764cc2ce-f217-4c78-9799-04685ba95ab7,gloves,worn on hands for warmth,ɡlʌvz,danh từ,Leather gloves in winter,găng tay,mặc ở tay để giữ ấm,,,true,2026-03-18 23:26:07.668,2026-03-18 23:26:07.668
e5d54e7d-3834-4c3b-aa3b-1ec2010a60b8,81af8b32-9da0-4143-8743-6fdc051fac85,Hello,Polite greeting,həˈloʊ,interjection,"Hello, how are you?",Xin chào,Cách chào hỏi,,,true,2026-03-26 14:30:40.658877,2026-03-26 14:30:40.658877
e5de0881-bfa3-4358-8e53-135eb3196f35,5ff5c9d7-f265-4925-88c7-c44b7ae1e531,elbow,joint of arm,/elbow/,danh từ,Elbow pain,khuỷu tay,khớp của cánh tay,,,true,2026-03-18 23:26:07.668,2026-03-18 23:26:07.668
e6035c83-e08f-4442-ab80-a7c04312acc5,5c7eeb64-bb5a-42f9-8b15-33d0428dd34d,Hundred,Number 100,ˈhʌn.drəd,number,One hundred students.,Trăm,Số 100,,,true,2026-03-26 14:30:40.658877,2026-03-26 14:30:40.658877
e63b9244-2baf-4f72-8378-804ea9081113,c19483d2-a4f7-462e-a5b8-6fb57f61ef95,Son,Male child,sʌn,noun,He has son.,Con trai,Đứa con nam,,,true,2026-03-26 14:30:40.658877,2026-03-26 14:30:40.658877
e6a34fde-6ae1-4adc-99b1-8f2bd9f21b31,0c65a440-ca84-4f96-a502-a5c9aebdef77,coke,a cola drink brand,/coke/,danh từ,He drinks Coke,coca-cola,thương hiệu đồ uống cola,,,true,2026-03-18 23:26:07.668,2026-03-18 23:26:07.668
e6aa1731-a7e7-458e-8d08-882a42797065,6099eea9-f4d6-4738-9662-d01b6f6f2a12,book,written material in pages,/book/,danh từ,book example,book,Một khái niệm liên quan đến school,,,true,2026-03-18 23:27:06.141,2026-03-18 23:27:06.141
e6e933ae-9a15-4f58-9252-cd19061abff5,c4f69ac2-b089-44ca-a48e-67f1636f0314,daughter,a female child; girl with your genes,ˈdɔːtər,danh từ,My daughter likes reading,con gái,Con nữ; cô bé sinh ra từ cha mẹ,,,true,2026-03-18 23:22:53.645,2026-03-18 23:22:53.645
e70ad341-104c-43e0-adc4-8f8df8f4eb31,65b2fc5a-c86b-4f36-8107-f8ee0ebe5d78,Welcome,Greet visitor,ˈwɛl.kəm,interjection,Welcome home!,Chào mừng,Lời chào mừng,,,true,2026-03-26 14:30:40.658877,2026-03-26 14:30:40.658877
e7100bd3-fb8e-4ad0-8756-2245850b584f,f5963936-9e64-4d38-bd67-8490e7b3a302,Mother,Female parent,ˈmʌð.ɚ,noun,My mother is kind.,Mẹ,Cha mẹ nữ,,,true,2026-03-26 14:30:40.658877,2026-03-26 14:30:40.658877
e713662a-5b86-4fc2-a161-1b87675123e2,c1c8f750-8c0e-4b88-89d9-149307fdb3e2,dancing,moving rhythmically,/dancing/,danh từ,dancing example,dancing,Một khái niệm liên quan đến hobbies,,,true,2026-03-18 23:27:06.141,2026-03-18 23:27:06.141
e71dfcb0-8532-4a40-860f-833297d772c1,ff02df4a-ece1-4847-923b-0f9273cb89be,Confused,Feeling bewilderment,kənˈfjuzd,adjective,Confused instructions.,Bối rối,Cảm giác bối,,,true,2026-03-26 14:30:40.658877,2026-03-26 14:30:40.658877
e74ca3b9-325e-4a4e-a8ec-9772aea6e99e,a844c983-7824-498a-811d-ed90b6d6f9e1,shop,store for buying goods,/shop/,danh từ,shop example,cửa hàng,Một khái niệm liên quan đến shopping,,,true,2026-03-18 23:27:06.141,2026-03-18 23:27:06.141
e766ebb8-da94-4ef3-b1c6-7f4057482625,bced27c8-2c20-4107-bf2d-2dfe46687373,Family,Relatives group,ˈfæm.ə.li,noun,My family is happy.,Gia đình,Nhóm thân,,,true,2026-03-26 14:30:40.658877,2026-03-26 14:30:40.658877
e77b2d1e-d6d0-4320-8a49-ece8504db31e,7cf8f06f-0441-4076-a651-76da132eb2bf,Six,Number 6,sɪks,number,I have six apples.,Sáu,Số 6,,,true,2026-03-26 14:30:40.658877,2026-03-26 14:30:40.658877
e7af2471-0948-4b03-93f8-656cc89467b0,859a1e12-e633-40e5-b4e2-b7e9dfd2a7d7,blue,the color of the sky or sea on a clear day; the color between green and violet,bluː,danh từ,The sky is blue,màu xanh dương,Màu của bầu trời hoặc biển vào một ngày trong xanh; màu nằm giữa xanh lá cây và tím,,,true,2026-03-18 23:22:53.645,2026-03-18 23:22:53.645
e7b32b98-cae3-4313-9918-8c67fc64424f,71802fc1-9c2b-49d9-93ca-0140d294e318,headache,pain in head,/headache/,danh từ,headache example,headache,Một khái niệm liên quan đến health,,,true,2026-03-18 23:27:06.141,2026-03-18 23:27:06.141
e7ba8344-6348-49de-91ab-67291899f4ad,1e983eef-be0a-4a27-abd9-c548efdf1633,Mother,Female parent,ˈmʌð.ɚ,noun,My mother is kind.,Mẹ,Cha mẹ nữ,,,true,2026-03-26 14:30:40.658877,2026-03-26 14:30:40.658877
e7d58fc5-8ce2-4253-8784-022a9b6d98b2,169b29f8-cd25-4fd5-9e0c-bcf9fdd56b6a,Hello,Polite greeting,həˈloʊ,interjection,"Hello, how are you?",Xin chào,Cách chào hỏi,,,true,2026-03-26 14:30:40.658877,2026-03-26 14:30:40.658877
e7d8be41-f8a6-4de0-8c40-94e39451c88b,b48f8788-ab02-4e87-a86b-e4cda07b2a8d,Son,Male child,sʌn,noun,He has son.,Con trai,Đứa con nam,,,true,2026-03-26 14:30:40.658877,2026-03-26 14:30:40.658877
e7dae412-4e19-433c-a752-779851792e2e,563bcdd8-3e04-4744-947b-08885bc9308b,Father,Male parent,ˈfɑ.ðɚ,noun,My father works hard.,Bố,Cha mẹ nam,,,true,2026-03-26 14:30:40.658877,2026-03-26 14:30:40.658877
e7f8f186-db85-4ba5-91e2-40a37440c1ab,c326f285-fc07-4764-a284-b7222d917173,Mother,Female parent,ˈmʌð.ɚ,noun,My mother is kind.,Mẹ,Cha mẹ nữ,,,true,2026-03-26 14:30:40.658877,2026-03-26 14:30:40.658877
e848e446-f20b-4802-bcb3-cd04fd0744d1,484c0e0d-e1af-4005-87ba-675dd65a4bae,Brother,Male sibling,ˈbrʌð.ɚ,noun,My brother plays sports.,Anh em trai,Anh chị em,,,true,2026-03-26 14:30:40.658877,2026-03-26 14:30:40.658877
e85e0ac3-e914-4ca8-bdb8-80c2cdf983ce,5c7eeb64-bb5a-42f9-8b15-33d0428dd34d,Ten,Number 10,tɛn,number,I have ten dollars.,Mười,Số 10,,,true,2026-03-26 14:30:40.658877,2026-03-26 14:30:40.658877
e86fd4a4-ad12-40d0-9672-d8dc03272561,474d17e5-c32b-4585-9bfd-feefa44aa3a8,Ethics,Moral principles,ˈɛθ.ɪks,noun,Ethics guide decisions.,Đạo đức,Nguyên tắc,,,true,2026-03-26 14:30:40.658877,2026-03-26 14:30:40.658877
e870d11d-eebe-4507-a1a3-a63c40ab9c71,ff02df4a-ece1-4847-923b-0f9273cb89be,Ashamed,Feeling shame,əˈʃeɪmd,adjective,He ashamed behavior.,Xấu hổ,Cảm giác xấu,,,true,2026-03-26 14:30:40.658877,2026-03-26 14:30:40.658877
e893a19f-4de3-46fb-8904-258c901514bf,f5963936-9e64-4d38-bd67-8490e7b3a302,Wife,Married woman,waɪf,noun,His wife is teacher.,Vợ,Người phụ nữ kết,,,true,2026-03-26 14:30:40.658877,2026-03-26 14:30:40.658877
e8a524f2-5492-4149-828b-fcac53e17e29,861b28e6-a21c-4b16-8250-0228c87f55b4,Eleven,Number 11,ɪˈlɛv.ən,number,Eleven players.,Mười một,Số 11,,,true,2026-03-26 14:30:40.658877,2026-03-26 14:30:40.658877
e8c88f00-aca1-49f6-b328-627726f698f0,bdace7d5-30a7-49fe-a09e-ea0657efb79d,soup,liquid dish with ingredients,suːp,danh từ,Chicken soup is warm,canh/súp,món ăn lỏng với nguyên liệu,,,true,2026-03-18 23:26:07.668,2026-03-18 23:26:07.668
e8cf01bc-60f6-4c6c-8add-954e1415c101,69d16e3e-74ca-45eb-8c06-8cef65b85134,Pragmatism,Results based,ˈpræɡ.mə.tɪz.əm,noun,Pragmatism results.,Thực dụng,Dựa trên,,,true,2026-03-26 14:30:40.658877,2026-03-26 14:30:40.658877
e8e14cc9-9820-42b5-b0fe-8af774e443e6,cc221d3d-60b1-4412-953e-65d4d427c9fc,Hello,Polite greeting,həˈloʊ,interjection,"Hello, how are you?",Xin chào,Cách chào hỏi,,,true,2026-03-26 14:30:40.658877,2026-03-26 14:30:40.658877
e91be6a8-b1df-4c95-a5f9-53b6a94ed939,b317a1e7-1993-43b0-bb4d-84738612837c,Stoicism,Virtue philosophy,ˈstoʊ.ɪ.sɪz.əm,noun,Stoicism teaches acceptance.,Khắc kỷ,Triết học,,,true,2026-03-26 14:30:40.658877,2026-03-26 14:30:40.658877
e927076b-fa52-4a78-9d63-87af0f5f8672,3ea443f8-3295-449b-9410-9f7a9062bdb4,Brother,Male sibling,ˈbrʌð.ɚ,noun,My brother plays sports.,Anh em trai,Anh chị em,,,true,2026-03-26 14:30:40.658877,2026-03-26 14:30:40.658877
e92fbb55-8ca9-43af-a989-5c1eece89ba3,c1c8f750-8c0e-4b88-89d9-149307fdb3e2,traveling,visiting places for leisure,/traveling/,danh từ,traveling example,traveling,Một khái niệm liên quan đến hobbies,,,true,2026-03-18 23:27:06.141,2026-03-18 23:27:06.141
e93c4d76-1cd2-40e9-bd82-1321304c4b2a,f35e320a-ec1d-497e-90b9-830150a5f34d,Ontology,Existence study,ɑnˈtɑl.ə.dʒi,noun,Ontology explores reality.,Bản thể luận,Sự tồn tại,,,true,2026-03-26 14:30:40.658877,2026-03-26 14:30:40.658877
e94bc374-d52e-42a7-8241-6a3f92193cb9,33b3b961-a831-48ce-bcba-4ec9b1406006,Good morning,Morning greeting,ˌɡʊd ˈmɔr.nɪŋ,phrase,Good morning today.,Chào sáng,Lời chào sáng,,,true,2026-03-26 14:30:40.658877,2026-03-26 14:30:40.658877
e965c0ad-e8a3-4ce6-bbb4-1ca4063f773c,b4326ceb-0fb7-49f5-aac6-a54bdd1d9163,Pragmatism,Results based,ˈpræɡ.mə.tɪz.əm,noun,Pragmatism results.,Thực dụng,Dựa trên,,,true,2026-03-26 14:30:40.658877,2026-03-26 14:30:40.658877
e96aa47e-991c-43ab-a9b9-2f6ccaa2e211,169b29f8-cd25-4fd5-9e0c-bcf9fdd56b6a,Nice meet,Greeting stranger,ˌnaɪs tə ˈmit,phrase,Nice meet you.,Vui gặp,Chào người mới,,,true,2026-03-26 14:30:40.658877,2026-03-26 14:30:40.658877
e975310d-67bf-4a27-a67f-6a1295cc1558,1e983eef-be0a-4a27-abd9-c548efdf1633,Grandfather,Father of parent,ˈɡræn.ˌfɑ.ðɚ,noun,Grandfather is wise.,Ông,"Ngoại, nội",,,true,2026-03-26 14:30:40.658877,2026-03-26 14:30:40.658877
e9bff862-21b6-4856-9343-5ab86613179a,5dd944a2-6707-4592-a3c4-99c480de8197,Amazed,Feeling wonder,əˈmeɪzd,adjective,I amazed view.,Kinh ngạc,Cảm giác bất,,,true,2026-03-26 14:30:40.658877,2026-03-26 14:30:40.658877
e9cdeaf1-710e-4f55-9ce6-cfd9328a53b3,4e41fc79-f556-476c-b28f-f579df42a2ba,And you,Return greeting,ən juː,phrase,And you yourself?,Còn bạn,Trả lời chào,,,true,2026-03-26 14:30:40.658877,2026-03-26 14:30:40.658877
ea4a25b9-0839-49d6-aa77-3ec3438024ed,f46a14f4-283c-4d9b-b52b-76e8648d68c4,Aesthetics,Beauty study,ɛsˈθɛt.ɪks,noun,Aesthetics beauty.,Thẩm mỹ,Nghiên cứu,,,true,2026-03-26 14:30:40.658877,2026-03-26 14:30:40.658877
ea68dd5f-552b-47af-ba4e-2de14685309c,c1c8f750-8c0e-4b88-89d9-149307fdb3e2,music,organized sound and rhythm,/music/,danh từ,music example,music,Một khái niệm liên quan đến hobbies,,,true,2026-03-18 23:27:06.141,2026-03-18 23:27:06.141
ea861bcf-8b94-4854-92c1-213d7f8976ab,c93ab659-8f04-4947-b4fc-e9b66409b54f,Existence,State being,ɪɡˈzɪs.təns,noun,Existence God debated.,Tồn tại,Trạng thái hiện,,,true,2026-03-26 14:30:40.658877,2026-03-26 14:30:40.658877
eaa9a17b-5567-4b1f-a4fd-e6e8940cbf31,c4f69ac2-b089-44ca-a48e-67f1636f0314,son,a male child; boy with your genes,sʌn,danh từ,My son is smart,con trai,Con nam; cậu bé sinh ra từ cha mẹ,,,true,2026-03-18 23:22:53.645,2026-03-18 23:22:53.645
eac16c07-3866-43a5-91ff-4a86506d4c3e,ad3e6677-2586-40ff-bd67-b5e6acd96ad7,Lonely,Feeling isolation,ˈloʊn.li,adjective,She lonely sometimes.,Cô đơn,Cảm giác cô,,,true,2026-03-26 14:30:40.658877,2026-03-26 14:30:40.658877
ead14bb6-493b-4ddb-bce7-83107fdc5e43,7e5d0907-64fa-482f-b968-a5efd9168a61,Vice,Moral fault,vaɪs,noun,Vice unhappiness.,Tội lỗi,Lỗi đạo,,,true,2026-03-26 14:30:40.658877,2026-03-26 14:30:40.658877
ead498e6-46d1-4f07-9793-bb9b68e8fe79,5ff5c9d7-f265-4925-88c7-c44b7ae1e531,hair,grows on head,her,danh từ,Black hair is long,tóc,mọc trên đầu,,,true,2026-03-18 23:26:07.668,2026-03-18 23:26:07.668
eae9fac0-f59d-4def-9963-2c23959a9e2a,81af8b32-9da0-4143-8743-6fdc051fac85,Nice meet,Greeting stranger,ˌnaɪs tə ˈmit,phrase,Nice meet you.,Vui gặp,Chào người mới,,,true,2026-03-26 14:30:40.658877,2026-03-26 14:30:40.658877
eaf63e71-27cc-49ff-b18c-b7cb1125dd84,c19483d2-a4f7-462e-a5b8-6fb57f61ef95,Brother,Male sibling,ˈbrʌð.ɚ,noun,My brother plays sports.,Anh em trai,Anh chị em,,,true,2026-03-26 14:30:40.658877,2026-03-26 14:30:40.658877
eb0d0d87-0e9a-4410-8b5c-c5f4013484ae,1a91724d-2d99-4c3f-a140-ea1e6c617aeb,Four,Number 4,fɔr,number,I have four books.,Bốn,Số 4,,,true,2026-03-26 14:30:40.658877,2026-03-26 14:30:40.658877
eb33082f-d2fe-424e-b6a9-c17be6fb67a3,484c0e0d-e1af-4005-87ba-675dd65a4bae,Husband,Married man,ˈhʌz.bənd,noun,Her husband is doctor.,Chồng,Người đàn ông kết,,,true,2026-03-26 14:30:40.658877,2026-03-26 14:30:40.658877
eb49bff7-ba36-4a23-9b2a-613abbcbe3d2,f5e165ea-d9f9-45d5-90d3-2acf41ea2d21,six,the number 6; six things,sɪks,danh từ,Six people in room,số sáu,Số 6; sáu vật,,,true,2026-03-18 23:22:53.645,2026-03-18 23:22:53.645
eb5dea30-9ccd-4d15-a2c8-aa945b25aba6,71802fc1-9c2b-49d9-93ca-0140d294e318,wound,cut or opening in skin,/wound/,danh từ,wound example,wound,Một khái niệm liên quan đến health,,,true,2026-03-18 23:27:06.141,2026-03-18 23:27:06.141
eb88dbd7-e114-4ed2-98e8-9c82fbca8f16,efe6a928-8995-47cc-8e83-458a37872a80,Son,Male child,sʌn,noun,He has son.,Con trai,Đứa con nam,,,true,2026-03-26 14:30:40.658877,2026-03-26 14:30:40.658877
eb8e30e1-75f7-4ac9-9a32-c85e1325607a,859a1e12-e633-40e5-b4e2-b7e9dfd2a7d7,brown,a dark color like earth or chocolate,braʊn,danh từ,Wood is brown,màu nâu,Một màu tối giống như đất hoặc socola,,,true,2026-03-18 23:22:53.645,2026-03-18 23:22:53.645
eb9a6662-f232-43bc-aef9-1de99def84dc,f2546e9a-13dd-460f-97a6-4a9d4903e6be,Angry,Feeling rage,ˈæŋ.ɡri,adjective,She is angry us.,Tức giận,Cảm giác giận,,,true,2026-03-26 14:30:40.658877,2026-03-26 14:30:40.658877
eba0a80a-a575-4431-81fe-f2a9abb5f88a,b317a1e7-1993-43b0-bb4d-84738612837c,Pragmatism,Results based,ˈpræɡ.mə.tɪz.əm,noun,Pragmatism results.,Thực dụng,Dựa trên,,,true,2026-03-26 14:30:40.658877,2026-03-26 14:30:40.658877
ebabcff3-6f80-4022-9ac3-cd8c9584ba47,d5b49957-9ff7-450f-ae5b-da190b021f76,Good morning,Morning greeting,ˌɡʊd ˈmɔr.nɪŋ,phrase,Good morning today.,Chào sáng,Lời chào sáng,,,true,2026-03-26 14:30:40.658877,2026-03-26 14:30:40.658877
ebd195f2-75e2-4419-aefa-b6352f25b1b6,68cc7887-5460-44f9-a583-9dbf0e95b24d,Consciousness,Awareness self,ˈkɑn.ʃəs.nəs,noun,Consciousness mysterious.,Ý thức,Nhận thức,,,true,2026-03-26 14:30:40.658877,2026-03-26 14:30:40.658877
ebdcf397-1704-4f0e-80b3-09653f087174,563bcdd8-3e04-4744-947b-08885bc9308b,Mother,Female parent,ˈmʌð.ɚ,noun,My mother is kind.,Mẹ,Cha mẹ nữ,,,true,2026-03-26 14:30:40.658877,2026-03-26 14:30:40.658877
ebdd72f1-74a4-482e-8819-faabf37d9d4d,7cf8f06f-0441-4076-a651-76da132eb2bf,Two,Number 2,tu,number,I have two dogs.,Hai,Số 2,,,true,2026-03-26 14:30:40.658877,2026-03-26 14:30:40.658877
ec02ef0d-df33-4f75-bb19-c3bb5193b064,70c77765-6416-4d36-950a-7c93580b2fa0,Amazed,Feeling wonder,əˈmeɪzd,adjective,I amazed view.,Kinh ngạc,Cảm giác bất,,,true,2026-03-26 14:30:40.658877,2026-03-26 14:30:40.658877
ec2ea79d-306e-4890-a5c0-a622a7ba777c,b07f3d0e-a184-4cd0-937d-4f3cbd063d36,Good afternoon,Afternoon greeting,ˌɡʊd ˌæf.tɚˈnun,phrase,Good afternoon!,Chào chiều,Lời chào chiều,,,true,2026-03-26 14:30:40.658877,2026-03-26 14:30:40.658877
ec397717-cc7f-45c8-afd5-22a44b0615d7,3ee29751-c03a-4df1-b428-51e2797aba31,Existence,State being,ɪɡˈzɪs.təns,noun,Existence God debated.,Tồn tại,Trạng thái hiện,,,true,2026-03-26 14:30:40.658877,2026-03-26 14:30:40.658877
ec8d5471-b5d8-4355-afd6-a4fb7a79b191,b07f3d0e-a184-4cd0-937d-4f3cbd063d36,See you later,Casual goodbye,ˌsi juː ˈleɪ.tɚ,phrase,See you later!,Gặp lại,Tạm biệt,,,true,2026-03-26 14:30:40.658877,2026-03-26 14:30:40.658877
ec90271e-e55c-45a3-9a17-9eeafdfe0dac,be4596fe-4524-4164-9f6e-3ca16a48abc4,I am fine,Good response,ˌaɪm ˈfaɪn,phrase,I am fine thanks.,Tôi khỏe,Phản hồi tốt,,,true,2026-03-26 14:30:40.658877,2026-03-26 14:30:40.658877
ec974e08-1447-4d7b-bb53-3e94ab4c1028,0c65a440-ca84-4f96-a502-a5c9aebdef77,vodka,a clear alcoholic drink,ˈvɑːdkə,danh từ,Vodka is clear,vodka,đồ uống trong suốt có cồn,,,true,2026-03-18 23:26:07.668,2026-03-18 23:26:07.668
ec9afb98-24d5-4b5c-a65e-5b8b3596c1da,1e70a4e8-5e55-4666-9f9b-2ba140d9031b,mechanic,person who fixes machines,/mechanic/,danh từ,mechanic example,mechanic,Một khái niệm liên quan đến jobs,,,true,2026-03-18 23:27:06.141,2026-03-18 23:27:06.141
ed081d19-f945-4d9e-a55c-d34eb09a43ad,f2546e9a-13dd-460f-97a6-4a9d4903e6be,Lonely,Feeling isolation,ˈloʊn.li,adjective,She lonely sometimes.,Cô đơn,Cảm giác cô,,,true,2026-03-26 14:30:40.658877,2026-03-26 14:30:40.658877
ed1be764-e8d8-4c13-9a5d-f9944daa266d,e1c6a531-951b-49e8-a205-ed0b9486f723,Vice,Moral fault,vaɪs,noun,Vice unhappiness.,Tội lỗi,Lỗi đạo,,,true,2026-03-26 14:30:40.658877,2026-03-26 14:30:40.658877
ed3356f1-ae57-4fde-965d-5daba21c7429,73ca6f19-8411-46ab-ae0d-39b4da6198c8,Virtue,Moral quality,ˈvɝ.tʃu,noun,Virtue happiness path.,Đức hạnh,Phẩm chất,,,true,2026-03-26 14:30:40.658877,2026-03-26 14:30:40.658877
ed46230a-9bf9-4734-a8cb-371f97bfc9fb,81af8b32-9da0-4143-8743-6fdc051fac85,Good morning,Morning greeting,ˌɡʊd ˈmɔr.nɪŋ,phrase,Good morning today.,Chào sáng,Lời chào sáng,,,true,2026-03-26 14:30:40.658877,2026-03-26 14:30:40.658877
ed84e0e0-4e33-4f69-9781-0d3e2b20a041,be4596fe-4524-4164-9f6e-3ca16a48abc4,Excuse me,Get attention,ɪkˈskjuz mi,phrase,"Excuse me, bathroom?",Xin lỗi,Kêu gọi sự chú ý,,,true,2026-03-26 14:30:40.658877,2026-03-26 14:30:40.658877
edace3af-7eb3-499c-90ad-67481b6bce03,81c08f3f-0705-472c-8a7e-682c4197dc80,I am fine,Good response,ˌaɪm ˈfaɪn,phrase,I am fine thanks.,Tôi khỏe,Phản hồi tốt,,,true,2026-03-26 14:30:40.658877,2026-03-26 14:30:40.658877
edc8c358-6583-48ca-b84a-b3f1af8bc7da,f5963936-9e64-4d38-bd67-8490e7b3a302,Father,Male parent,ˈfɑ.ðɚ,noun,My father works hard.,Bố,Cha mẹ nam,,,true,2026-03-26 14:30:40.658877,2026-03-26 14:30:40.658877
edcf4358-e7c8-4ef2-8a60-96ba0e1e7014,88443e68-aebe-44f0-800c-c17266b21ff9,Proud,Feeling pride,praʊd,adjective,I proud you.,Tự hào,Cảm giác hạnh,,,true,2026-03-26 14:30:40.658877,2026-03-26 14:30:40.658877
edd08049-9d9e-42c7-85c8-0e03a1e2d151,ed55870d-2fd2-4ba1-b0aa-7a280a6cd587,Ethics,Moral principles,ˈɛθ.ɪks,noun,Ethics guide decisions.,Đạo đức,Nguyên tắc,,,true,2026-03-26 14:30:40.658877,2026-03-26 14:30:40.658877
edd644ee-4b15-4abd-9ad4-268a90eeed2e,89da3255-c13a-4384-9292-e7a67b866ee0,Epistemology,Knowledge study,ˌɛp.ɪ.stəˈmɑl.ə.dʒi,noun,Epistemology knowledge.,Nhận thức luận,Nghiên cứu,,,true,2026-03-26 14:30:40.658877,2026-03-26 14:30:40.658877
edeb6bc5-9b0b-49e3-83c2-576cf414e825,f19c0271-02f0-46de-b01d-d124844bd385,Grandmother,Mother of parent,ˈɡræn.ˌmʌð.ɚ,noun,Grandmother tells stories.,Bà,"Ngoại, nội",,,true,2026-03-26 14:30:40.658877,2026-03-26 14:30:40.658877
edefe605-9e45-4196-9d78-11226de24ab9,bdace7d5-30a7-49fe-a09e-ea0657efb79d,passion fruit,a wrinkled purple fruit with juicy seeds inside,ˈpæʃən fruːt,danh từ,Passion fruit is refreshing,quả chanh leo,Một quả tím nhăn với hạt ngọt bên trong,,,true,2026-03-18 23:22:53.645,2026-03-18 23:22:53.645
edf1097d-be11-4686-b834-7a3f32e635e1,3bbde304-12b8-40b2-a620-510efc4a776f,Thousand,Number 1000,ˈθaʊ.zənd,number,One thousand people.,Nghìn,Số 1000,,,true,2026-03-26 14:30:40.658877,2026-03-26 14:30:40.658877
ee23ef58-fee7-4a67-b3e1-2282768328c3,be4596fe-4524-4164-9f6e-3ca16a48abc4,And you,Return greeting,ən juː,phrase,And you yourself?,Còn bạn,Trả lời chào,,,true,2026-03-26 14:30:40.658877,2026-03-26 14:30:40.658877
ee442cc5-2d64-48dc-b435-25f13913c94e,a6f9ef68-d647-4df6-9121-19ec9c0fee72,Have nice day,Wishful farewell,ˌhæv ə ˌnaɪs ˈdeɪ,phrase,Have nice day!,Chúc ngày tốt,Lời chúc,,,true,2026-03-26 14:30:40.658877,2026-03-26 14:30:40.658877
ee96a3e5-6a88-4ab6-a16c-022c9f0e2020,859a1e12-e633-40e5-b4e2-b7e9dfd2a7d7,gray,a neutral color between black and white; the color of ash,ɡreɪ,danh từ,Pigeons are gray,màu xám,Một màu trung tính nằm giữa đen và trắng; màu của tro,,,true,2026-03-18 23:22:53.645,2026-03-18 23:22:53.645
eec107b5-1276-4f78-bc4b-10a013a0fdc5,f35e320a-ec1d-497e-90b9-830150a5f34d,Stoicism,Virtue philosophy,ˈstoʊ.ɪ.sɪz.əm,noun,Stoicism teaches acceptance.,Khắc kỷ,Triết học,,,true,2026-03-26 14:30:40.658877,2026-03-26 14:30:40.658877
eede5eaa-a147-43a4-8fc7-b63a506e5b80,dd56df6c-e0c0-44a9-b706-28b5106b1978,Ethics,Moral principles,ˈɛθ.ɪks,noun,Ethics guide decisions.,Đạo đức,Nguyên tắc,,,true,2026-03-26 14:30:40.658877,2026-03-26 14:30:40.658877
eee00b17-8cad-4562-895c-2eef453c012f,dd29c719-2106-4c8b-b503-aa3173b0b0df,Aunt,Parent sister,ænt,noun,Aunt bakes cakes.,Cô dì,Chị em bố mẹ,,,true,2026-03-26 14:30:40.658877,2026-03-26 14:30:40.658877
eee19b99-bcc0-4496-908d-dfd0ec24bd02,33b3b961-a831-48ce-bcba-4ec9b1406006,Thank you,Express gratitude,ˈθæŋk juː,phrase,Thank you for help.,Cảm ơn,Tỏ lòng biết ơn,,,true,2026-03-26 14:30:40.658877,2026-03-26 14:30:40.658877
eefdd15b-d3d8-4f07-a0b7-b8c1f5b7d758,4622c636-7957-4f30-9bc4-5fae81775631,bedroom,room for sleeping,ˈbedruːm,danh từ,Bright bedroom,phòng ngủ,phòng để ngủ,,,true,2026-03-18 23:26:07.668,2026-03-18 23:26:07.668
eefe3322-2937-4c00-a168-5f70f34dd9f2,bced27c8-2c20-4107-bf2d-2dfe46687373,Aunt,Parent sister,ænt,noun,Aunt bakes cakes.,Cô dì,Chị em bố mẹ,,,true,2026-03-26 14:30:40.658877,2026-03-26 14:30:40.658877
ef24a1a3-9a97-4673-9fcf-a25102f3fa75,e1c6a531-951b-49e8-a205-ed0b9486f723,Metaphysics,Reality study,ˌmɛt.əˈfɪz.ɪks,noun,Metaphysics questions.,Siêu hình,Thực tại,,,true,2026-03-26 14:30:40.658877,2026-03-26 14:30:40.658877
ef2fc45e-3acf-4c79-b352-b237c6787495,f2867ff8-da21-42e1-ad58-ff38fa6324b8,Wife,Married woman,waɪf,noun,His wife is teacher.,Vợ,Người phụ nữ kết,,,true,2026-03-26 14:30:40.658877,2026-03-26 14:30:40.658877
ef2fd2df-ec3b-4001-8fb7-1315150dc7ac,e62729fd-2c68-41d8-8dea-aec377434133,Ontology,Existence study,ɑnˈtɑl.ə.dʒi,noun,Ontology explores reality.,Bản thể luận,Sự tồn tại,,,true,2026-03-26 14:30:40.658877,2026-03-26 14:30:40.658877
ef48db0c-163a-4381-8f25-82db187759e3,67df2b1f-aa96-48db-b64d-0d889f000e9a,Happy,Feeling joy,ˈhæp.i,adjective,I am happy today.,Vui,Cảm giác vui,,,true,2026-03-26 14:30:40.658877,2026-03-26 14:30:40.658877
efa7b4be-777d-45db-8273-77ce9382475b,c4f69ac2-b089-44ca-a48e-67f1636f0314,grandfather,father of parent; elderly male ancestor,ˈɡræntfɑːðər,danh từ,Grandpa tells stories,ông ngoại/ông nội,Cha của bố hoặc mẹ; tổ tiên nam lớn tuổi,,,true,2026-03-18 23:22:53.645,2026-03-18 23:22:53.645
f002d8a9-5cfb-4812-a0d8-3ef71527b3e5,f5963936-9e64-4d38-bd67-8490e7b3a302,Sister,Female sibling,ˈsɪs.tɚ,noun,My sister likes reading.,Chị em gái,Chị em gái,,,true,2026-03-26 14:30:40.658877,2026-03-26 14:30:40.658877
f006b9f8-901f-4658-8c18-12c88d07ac97,afa3e499-8717-431c-93a3-3d851d68fc7e,Wife,Married woman,waɪf,noun,His wife is teacher.,Vợ,Người phụ nữ kết,,,true,2026-03-26 14:30:40.658877,2026-03-26 14:30:40.658877
f06035fb-21b3-49f9-9842-5aebadd90d88,0c65a440-ca84-4f96-a502-a5c9aebdef77,champagne,a sparkling wine drink,ʃæmˈpeɪn,danh từ,Champagne for celebration,rượu champagne,rượu vang lấp lánh,,,true,2026-03-18 23:26:07.668,2026-03-18 23:26:07.668
f08e9df4-8544-4464-b5d4-c75e01ba0d1f,4a545b1d-d759-4331-b1c8-6619db4b1e87,Lonely,Feeling isolation,ˈloʊn.li,adjective,She lonely sometimes.,Cô đơn,Cảm giác cô,,,true,2026-03-26 14:30:40.658877,2026-03-26 14:30:40.658877
f0a4067f-5677-400a-8141-c226a6ee09a9,8f558c2d-9555-4f2e-a822-5c74891ffe67,I am fine,Good response,ˌaɪm ˈfaɪn,phrase,I am fine thanks.,Tôi khỏe,Phản hồi tốt,,,true,2026-03-26 14:30:40.658877,2026-03-26 14:30:40.658877
f0bd39cd-ec8a-41e7-af84-6ba7476f5fea,9746df2b-8bde-432c-ab17-aac73f51c1f6,golf,game with clubs and ball,/golf/,danh từ,golf example,golf,Một khái niệm liên quan đến sports,,,true,2026-03-18 23:27:06.141,2026-03-18 23:27:06.141
f0e66d90-4017-4957-b885-24c407f1997e,d5b49957-9ff7-450f-ae5b-da190b021f76,Welcome,Greet visitor,ˈwɛl.kəm,interjection,Welcome home!,Chào mừng,Lời chào mừng,,,true,2026-03-26 14:30:40.658877,2026-03-26 14:30:40.658877
f0f8a22a-c997-47be-925a-dbb342af795f,f35e320a-ec1d-497e-90b9-830150a5f34d,Ethics,Moral principles,ˈɛθ.ɪks,noun,Ethics guide decisions.,Đạo đức,Nguyên tắc,,,true,2026-03-26 14:30:40.658877,2026-03-26 14:30:40.658877
f10ed3e5-8702-4bda-92a1-e35f02f5b9ec,5dd944a2-6707-4592-a3c4-99c480de8197,Confident,Feeling self belief,ˈkɑn.fɪ.dənt,adjective,Confident skills.,Tự tin,Cảm giác tin,,,true,2026-03-26 14:30:40.658877,2026-03-26 14:30:40.658877
f10eef1b-d725-4bb3-beb6-a5d6afd66e7e,e62729fd-2c68-41d8-8dea-aec377434133,Logic,Reasoning system,ˈlɑdʒ.ɪk,noun,Logic basis philosophy.,Lôgic,Hệ thống,,,true,2026-03-26 14:30:40.658877,2026-03-26 14:30:40.658877
f10f59f5-f716-45fb-85ae-089e8cb9d393,3190f865-ff2e-4de4-8878-b0a874c044ac,scared,feeling of fear,/scared/,danh từ,scared example,scared,Một khái niệm liên quan đến emotions,,,true,2026-03-18 23:27:06.141,2026-03-18 23:27:06.141
f155418c-3da8-4786-a9f6-7edfbb058083,370abe73-2ce6-40b0-b3ef-82d8f9857e1f,Ontology,Existence study,ɑnˈtɑl.ə.dʒi,noun,Ontology explores reality.,Bản thể luận,Sự tồn tại,,,true,2026-03-26 14:30:40.658877,2026-03-26 14:30:40.658877
f1788937-d4cb-413d-a15e-44df63667675,afa3e499-8717-431c-93a3-3d851d68fc7e,Mother,Female parent,ˈmʌð.ɚ,noun,My mother is kind.,Mẹ,Cha mẹ nữ,,,true,2026-03-26 14:30:40.658877,2026-03-26 14:30:40.658877
f17c13ee-5839-4bc5-8c9b-e3a173e9f801,9746df2b-8bde-432c-ab17-aac73f51c1f6,baseball,bat and ball sport,/baseball/,danh từ,baseball example,baseball,Một khái niệm liên quan đến sports,,,true,2026-03-18 23:27:06.141,2026-03-18 23:27:06.141
f17cd132-7883-4960-8798-3e4f5eefa1ba,5c7eeb64-bb5a-42f9-8b15-33d0428dd34d,Nine,Number 9,naɪn,number,I have nine flowers.,Chín,Số 9,,,true,2026-03-26 14:30:40.658877,2026-03-26 14:30:40.658877
f186df4f-0fc0-42bc-b0da-69c8691520b6,89da3255-c13a-4384-9292-e7a67b866ee0,Dialectic,Argument method,daɪˈælɛk.tɪk,noun,Hegel dialectic used.,Biện luận,Phương pháp,,,true,2026-03-26 14:30:40.658877,2026-03-26 14:30:40.658877
f1938a33-9e17-4325-a758-c0cd4a4e21cc,ed55870d-2fd2-4ba1-b0aa-7a280a6cd587,Nihilism,Nothing meaning belief,ˈnaɪ.ə.lɪz.əm,noun,Nihilism values denies.,Vô chủ nghĩa,Niềm tin,,,true,2026-03-26 14:30:40.658877,2026-03-26 14:30:40.658877
f1b15f82-f7ca-44e1-85c5-f4d5b8ef94f5,88643a0a-de0e-4726-8c56-ca9e62f3614a,Eleven,Number 11,ɪˈlɛv.ən,number,Eleven players.,Mười một,Số 11,,,true,2026-03-26 14:30:40.658877,2026-03-26 14:30:40.658877
f1e4d273-f691-420d-b5ea-ac3ef2d978a5,ad3e6677-2586-40ff-bd67-b5e6acd96ad7,Excited,Feeling enthusiasm,ɪkˈsaɪ.tɪd,adjective,I excited trip.,Phấn khích,Cảm giác hạnh,,,true,2026-03-26 14:30:40.658877,2026-03-26 14:30:40.658877
f20b2799-5f57-4b76-b270-0c2072eeff4b,3bbde304-12b8-40b2-a620-510efc4a776f,One,Number 1,wʌn,number,I have one cat.,Một,Số 1,,,true,2026-03-26 14:30:40.658877,2026-03-26 14:30:40.658877
f2289014-480d-4365-836b-52c1a81ee798,ac13c7e8-492c-46d1-b46e-755272c6d9d6,Logic,Reasoning system,ˈlɑdʒ.ɪk,noun,Logic basis philosophy.,Lôgic,Hệ thống,,,true,2026-03-26 14:30:40.658877,2026-03-26 14:30:40.658877
f234b083-6920-40b9-803f-08be458a4806,9c08d2d5-ab12-4b90-9273-35e16928fd20,Family,Relatives group,ˈfæm.ə.li,noun,My family is happy.,Gia đình,Nhóm thân,,,true,2026-03-26 14:30:40.658877,2026-03-26 14:30:40.658877
f27bda9d-9aec-427f-8510-79bf1ae55f0f,563bcdd8-3e04-4744-947b-08885bc9308b,Sister,Female sibling,ˈsɪs.tɚ,noun,My sister likes reading.,Chị em gái,Chị em gái,,,true,2026-03-26 14:30:40.658877,2026-03-26 14:30:40.658877
f2ae712b-1256-4061-a4ce-2943760a868f,dd37cd9c-fd13-43c8-8f32-cc50a38476a0,Metaphysics,Reality study,ˌmɛt.əˈfɪz.ɪks,noun,Metaphysics questions.,Siêu hình,Thực tại,,,true,2026-03-26 14:30:40.658877,2026-03-26 14:30:40.658877
f2c9c256-3b1a-4ed7-bf00-0c62afdcf585,79c47bf8-ccad-4d92-807d-c7cdafd034c0,Confident,Feeling self belief,ˈkɑn.fɪ.dənt,adjective,Confident skills.,Tự tin,Cảm giác tin,,,true,2026-03-26 14:30:40.658877,2026-03-26 14:30:40.658877
f2daeb85-8a63-4d42-95ff-e3ace38b9f42,1a91724d-2d99-4c3f-a140-ea1e6c617aeb,Ten,Number 10,tɛn,number,I have ten dollars.,Mười,Số 10,,,true,2026-03-26 14:30:40.658877,2026-03-26 14:30:40.658877
f2fb90c8-c5be-459e-b4f5-adcf1f9b898f,cdf5e6d8-efec-4421-8c70-814cd0fff4e7,check,written payment order,/check/,danh từ,check example,check,Một khái niệm liên quan đến finance,,,true,2026-03-18 23:27:06.141,2026-03-18 23:27:06.141
f30fe2e9-0c89-4263-8844-eacf40e200aa,4a545b1d-d759-4331-b1c8-6619db4b1e87,Scared,Feeling fear,skɛrd,adjective,Child scared dark.,Sợ,Cảm giác sợ,,,true,2026-03-26 14:30:40.658877,2026-03-26 14:30:40.658877
f31d1fb9-794e-4483-985a-1292d25ed64e,23517e96-f9dd-4318-8b61-083c140556f8,Aesthetics,Beauty study,ɛsˈθɛt.ɪks,noun,Aesthetics beauty.,Thẩm mỹ,Nghiên cứu,,,true,2026-03-26 14:30:40.658877,2026-03-26 14:30:40.658877
f3256c23-dcda-4a5c-817c-f5dfcfab2237,2f78ac95-e536-4cc1-bd0e-e350497283ee,Grandfather,Father of parent,ˈɡræn.ˌfɑ.ðɚ,noun,Grandfather is wise.,Ông,"Ngoại, nội",,,true,2026-03-26 14:30:40.658877,2026-03-26 14:30:40.658877
f32a0270-2c9c-4a7d-826b-0bb398c6a53e,169b29f8-cd25-4fd5-9e0c-bcf9fdd56b6a,How are,Ask health,ˌhaʊ ɑr,phrase,How are today?,Khỏe không,Hỏi sức khỏe,,,true,2026-03-26 14:30:40.658877,2026-03-26 14:30:40.658877
f335db0a-b597-4b54-998e-f79f2970e698,a844c983-7824-498a-811d-ed90b6d6f9e1,cashier,person who takes payment,/cashier/,danh từ,cashier example,cashier,Một khái niệm liên quan đến shopping,,,true,2026-03-18 23:27:06.141,2026-03-18 23:27:06.141
f345bebd-2492-4862-92c3-7fce1a2b973b,0a01cbc9-8eaf-40d0-85f9-f4ad9a7fd19c,Resolution,How conflict ends,ˌrɛz.əˈlu.ʃən,noun,The resolution was good.,Giải quyết,Kết thúc xung đột,,,true,2026-03-26 14:30:40.658877,2026-03-26 14:30:40.658877
f371a3ca-47e3-4189-b358-56923e8eac86,3190f865-ff2e-4de4-8878-b0a874c044ac,excited,feeling of enthusiasm,/excited/,danh từ,excited example,excited,Một khái niệm liên quan đến emotions,,,true,2026-03-18 23:27:06.141,2026-03-18 23:27:06.141
f37d5cec-3b0e-4944-9682-d11fd34ab681,cf8c05bc-3687-4329-be42-38da0c0125ca,Consciousness,Awareness self,ˈkɑn.ʃəs.nəs,noun,Consciousness mysterious.,Ý thức,Nhận thức,,,true,2026-03-26 14:30:40.658877,2026-03-26 14:30:40.658877
f3a6ee5f-507b-4b01-8cb7-99334b9efada,568d01b2-5a64-4823-afa2-fd4664ca4c1c,Five,Number 5,faɪv,number,I have five fingers.,Năm,Số 5,,,true,2026-03-26 14:30:40.658877,2026-03-26 14:30:40.658877
f3ac4283-f270-404f-98dc-2c06f3092d3b,d0d60af4-a86f-4442-a1a0-892d2a5cdbd3,Stoicism,Virtue philosophy,ˈstoʊ.ɪ.sɪz.əm,noun,Stoicism teaches acceptance.,Khắc kỷ,Triết học,,,true,2026-03-26 14:30:40.658877,2026-03-26 14:30:40.658877
f3b031cb-77fb-46f3-84bb-6eb91f3a2ee3,306cd435-7556-4ca6-b508-0a5dfdec7100,Hundred,Number 100,ˈhʌn.drəd,number,One hundred students.,Trăm,Số 100,,,true,2026-03-26 14:30:40.658877,2026-03-26 14:30:40.658877
f3ba1e58-8985-4e7d-8986-8275105cd266,1e70a4e8-5e55-4666-9f9b-2ba140d9031b,waiter,person who serves food,/waiter/,danh từ,waiter example,waiter,Một khái niệm liên quan đến jobs,,,true,2026-03-18 23:27:06.141,2026-03-18 23:27:06.141
f3e89dd4-248b-4d47-a917-8c527370788f,861b28e6-a21c-4b16-8250-0228c87f55b4,One,Number 1,wʌn,number,I have one cat.,Một,Số 1,,,true,2026-03-26 14:30:40.658877,2026-03-26 14:30:40.658877
f433297b-7d72-4d9e-aede-e375148fbda1,9746df2b-8bde-432c-ab17-aac73f51c1f6,running,moving fast on foot,/running/,danh từ,running example,running,Một khái niệm liên quan đến sports,,,true,2026-03-18 23:27:06.141,2026-03-18 23:27:06.141
f45d21e4-c434-4b6e-9b82-59127eb31871,ff02df4a-ece1-4847-923b-0f9273cb89be,Jealous,Feeling envy,ˈdʒɛl.əs,adjective,Jealous sister.,Ghen tị,Cảm giác ghen,,,true,2026-03-26 14:30:40.658877,2026-03-26 14:30:40.658877
f46e89ba-7d22-4341-aabb-4fa64e744a9e,34931917-34dc-4ea8-af60-d0d01b00cc86,boss,person in authority,/boss/,danh từ,boss example,boss,Một khái niệm liên quan đến business,,,true,2026-03-18 23:27:06.141,2026-03-18 23:27:06.141
f4895e63-dd7c-4893-9a56-502e7032b04f,f19c0271-02f0-46de-b01d-d124844bd385,Grandfather,Father of parent,ˈɡræn.ˌfɑ.ðɚ,noun,Grandfather is wise.,Ông,"Ngoại, nội",,,true,2026-03-26 14:30:40.658877,2026-03-26 14:30:40.658877
f4a7a7e5-82d7-42ac-b3bb-59d1b6f4dbb3,81af8b32-9da0-4143-8743-6fdc051fac85,How are,Ask health,ˌhaʊ ɑr,phrase,How are today?,Khỏe không,Hỏi sức khỏe,,,true,2026-03-26 14:30:40.658877,2026-03-26 14:30:40.658877
f4b6b8eb-fc1d-4ae0-afc4-0c622db9992e,b16db79c-1b16-46bf-9bd8-3596a44d8609,Wife,Married woman,waɪf,noun,His wife is teacher.,Vợ,Người phụ nữ kết,,,true,2026-03-26 14:30:40.658877,2026-03-26 14:30:40.658877
f4e0027f-21e1-4dcb-9f9b-02e385b5d96e,2f78ac95-e536-4cc1-bd0e-e350497283ee,Grandmother,Mother of parent,ˈɡræn.ˌmʌð.ɚ,noun,Grandmother tells stories.,Bà,"Ngoại, nội",,,true,2026-03-26 14:30:40.658877,2026-03-26 14:30:40.658877
f5010aeb-ab85-40d7-b8e6-9cff7f6e7b5d,12c09afc-e4cd-4cc3-b911-1e5d9e07c387,Sad,Feeling sorrow,sæd,adjective,He feels sad loss.,Buồn,Cảm giác buồn,,,true,2026-03-26 14:30:40.658877,2026-03-26 14:30:40.658877
f52c37a4-757b-4727-a424-23a5ae46cff0,69d16e3e-74ca-45eb-8c06-8cef65b85134,Dialectic,Argument method,daɪˈælɛk.tɪk,noun,Hegel dialectic used.,Biện luận,Phương pháp,,,true,2026-03-26 14:30:40.658877,2026-03-26 14:30:40.658877
f5302a38-01d6-4838-b883-13ad1ab3765d,568d01b2-5a64-4823-afa2-fd4664ca4c1c,Twelve,Number 12,twɛlv,number,Twelve months here.,Mười hai,Số 12,,,true,2026-03-26 14:30:40.658877,2026-03-26 14:30:40.658877
f58b683c-4926-4100-97bf-8bef22422a21,1e70a4e8-5e55-4666-9f9b-2ba140d9031b,firefighter,person who fights fires,/firefighter/,danh từ,firefighter example,firefighter,Một khái niệm liên quan đến jobs,,,true,2026-03-18 23:27:06.141,2026-03-18 23:27:06.141
f58c8c86-dd29-4d25-af52-973f628d1044,c1c8f750-8c0e-4b88-89d9-149307fdb3e2,building,constructing things by hand,/building/,danh từ,building example,building,Một khái niệm liên quan đến hobbies,,,true,2026-03-18 23:27:06.141,2026-03-18 23:27:06.141
f5b38154-d5e0-4b31-aec1-4f9f8db30b5e,c1c8f750-8c0e-4b88-89d9-149307fdb3e2,painting,creating art with paint,/painting/,danh từ,painting example,vẽ tranh,Một khái niệm liên quan đến hobbies,,,true,2026-03-18 23:27:06.141,2026-03-18 23:27:06.141
f5c0f3a0-891d-4399-a108-42bc00675aa5,6099eea9-f4d6-4738-9662-d01b6f6f2a12,board,surface for writing with chalk,/board/,danh từ,board example,board,Một khái niệm liên quan đến school,,,true,2026-03-18 23:27:06.141,2026-03-18 23:27:06.141
f5d2e7c9-0cbe-4985-be30-b23e16f6637e,f2546e9a-13dd-460f-97a6-4a9d4903e6be,Confused,Feeling bewilderment,kənˈfjuzd,adjective,Confused instructions.,Bối rối,Cảm giác bối,,,true,2026-03-26 14:30:40.658877,2026-03-26 14:30:40.658877
f5ec8126-5afd-481c-9c20-f4202e5e818e,41b7f321-295c-488c-af33-14211bb75fa7,Cousin,Relative child,ˈkʌz.ən,noun,My cousin lives nearby.,Em họ,Con chú dì,,,true,2026-03-26 14:30:40.658877,2026-03-26 14:30:40.658877
f5ecefcd-2587-41cc-b01c-a1b7bb81d1be,ac13c7e8-492c-46d1-b46e-755272c6d9d6,Aesthetics,Beauty study,ɛsˈθɛt.ɪks,noun,Aesthetics beauty.,Thẩm mỹ,Nghiên cứu,,,true,2026-03-26 14:30:40.658877,2026-03-26 14:30:40.658877
f5f56d0b-7042-48d0-bb14-0c1e4927c8d4,aa794f3a-f98a-43df-8271-67b923f0f383,Confident,Feeling self belief,ˈkɑn.fɪ.dənt,adjective,Confident skills.,Tự tin,Cảm giác tin,,,true,2026-03-26 14:30:40.658877,2026-03-26 14:30:40.658877
f6006f7c-5a37-48c1-99b1-9fa437de9b27,81af8b32-9da0-4143-8743-6fdc051fac85,And you,Return greeting,ən juː,phrase,And you yourself?,Còn bạn,Trả lời chào,,,true,2026-03-26 14:30:40.658877,2026-03-26 14:30:40.658877
f613973d-6c04-421a-9bb4-9ac4aebf7ef0,33b3b961-a831-48ce-bcba-4ec9b1406006,And you,Return greeting,ən juː,phrase,And you yourself?,Còn bạn,Trả lời chào,,,true,2026-03-26 14:30:40.658877,2026-03-26 14:30:40.658877
f61761f8-53e6-4533-a567-f5e56574af98,ad3e6677-2586-40ff-bd67-b5e6acd96ad7,Tired,Feeling exhaustion,ˈtaɪɚd,adjective,I tired after work.,Mệt,Cảm giác mỏi,,,true,2026-03-26 14:30:40.658877,2026-03-26 14:30:40.658877
f65ba5ad-76f1-4115-887d-9f97497c7590,3762124f-a01f-42b4-a821-e14298c128dc,Thousand,Number 1000,ˈθaʊ.zənd,number,One thousand people.,Nghìn,Số 1000,,,true,2026-03-26 14:30:40.658877,2026-03-26 14:30:40.658877
f65db21c-1a43-423c-94b4-230299ecc5c3,1e70a4e8-5e55-4666-9f9b-2ba140d9031b,dancer,person who performs dance,/dancer/,danh từ,dancer example,dancer,Một khái niệm liên quan đến jobs,,,true,2026-03-18 23:27:06.141,2026-03-18 23:27:06.141
f68b8c8f-4e90-4352-af34-18c1b7dab099,67c2c95b-aa85-4e49-a0b3-dfb7ee8a5b29,Lonely,Feeling isolation,ˈloʊn.li,adjective,She lonely sometimes.,Cô đơn,Cảm giác cô,,,true,2026-03-26 14:30:40.658877,2026-03-26 14:30:40.658877
f6989c96-b151-423d-9ca6-f3f296fecfce,d5b49957-9ff7-450f-ae5b-da190b021f76,And you,Return greeting,ən juː,phrase,And you yourself?,Còn bạn,Trả lời chào,,,true,2026-03-26 14:30:40.658877,2026-03-26 14:30:40.658877
f6bba612-e782-4584-8b2e-89e52afd4dfd,95ad0b6d-ecef-4e64-9d00-1f9a355214bb,Lonely,Feeling isolation,ˈloʊn.li,adjective,She lonely sometimes.,Cô đơn,Cảm giác cô,,,true,2026-03-26 14:30:40.658877,2026-03-26 14:30:40.658877
f6bc9e8d-4ebd-4023-8f13-62972918cfb0,ef83ea3c-996c-4048-8968-7237e72a6e5d,Father,Male parent,ˈfɑ.ðɚ,noun,My father works hard.,Bố,Cha mẹ nam,,,true,2026-03-26 14:30:40.658877,2026-03-26 14:30:40.658877
f6bcefba-dc9e-4742-890d-9e07178d820e,7cf8f06f-0441-4076-a651-76da132eb2bf,Four,Number 4,fɔr,number,I have four books.,Bốn,Số 4,,,true,2026-03-26 14:30:40.658877,2026-03-26 14:30:40.658877
f6ec8405-9980-48e9-b690-495aa7f2c736,f2867ff8-da21-42e1-ad58-ff38fa6324b8,Mother,Female parent,ˈmʌð.ɚ,noun,My mother is kind.,Mẹ,Cha mẹ nữ,,,true,2026-03-26 14:30:40.658877,2026-03-26 14:30:40.658877
f6ec981f-6bcb-4eb6-b85b-f08611477265,b16db79c-1b16-46bf-9bd8-3596a44d8609,Aunt,Parent sister,ænt,noun,Aunt bakes cakes.,Cô dì,Chị em bố mẹ,,,true,2026-03-26 14:30:40.658877,2026-03-26 14:30:40.658877
f7088cdc-e9fb-4cb5-8d2b-b9f2a4cffeaa,be4596fe-4524-4164-9f6e-3ca16a48abc4,Have nice day,Wishful farewell,ˌhæv ə ˌnaɪs ˈdeɪ,phrase,Have nice day!,Chúc ngày tốt,Lời chúc,,,true,2026-03-26 14:30:40.658877,2026-03-26 14:30:40.658877
f709fa77-a030-4e70-aaeb-2c36cf9c6a42,d4986ac8-fc5b-4d7c-9960-c7a32512ee69,Excuse me,Get attention,ɪkˈskjuz mi,phrase,"Excuse me, bathroom?",Xin lỗi,Kêu gọi sự chú ý,,,true,2026-03-26 14:30:40.658877,2026-03-26 14:30:40.658877
f725ff88-df63-4918-be9e-174950eeaedc,cdf5e6d8-efec-4421-8c70-814cd0fff4e7,loan,borrowed money to repay,/loan/,danh từ,loan example,loan,Một khái niệm liên quan đến finance,,,true,2026-03-18 23:27:06.141,2026-03-18 23:27:06.141
f734c850-3038-4f18-82f4-2eaa422cb74c,f35e320a-ec1d-497e-90b9-830150a5f34d,Epistemology,Knowledge study,ˌɛp.ɪ.stəˈmɑl.ə.dʒi,noun,Epistemology knowledge.,Nhận thức luận,Nghiên cứu,,,true,2026-03-26 14:30:40.658877,2026-03-26 14:30:40.658877
f74da683-cae9-472a-b316-d59d63816692,8f558c2d-9555-4f2e-a822-5c74891ffe67,Hello,Polite greeting,həˈloʊ,interjection,"Hello, how are you?",Xin chào,Cách chào hỏi,,,true,2026-03-26 14:30:40.658877,2026-03-26 14:30:40.658877
f78489a6-1d7c-46f7-88ed-e158d91ca8ba,b16db79c-1b16-46bf-9bd8-3596a44d8609,Family,Relatives group,ˈfæm.ə.li,noun,My family is happy.,Gia đình,Nhóm thân,,,true,2026-03-26 14:30:40.658877,2026-03-26 14:30:40.658877
f7bfd7b7-22db-49e7-b48f-7b140c620f91,9746df2b-8bde-432c-ab17-aac73f51c1f6,tennis,racket ball sport,/tennis/,danh từ,tennis example,tennis,Một khái niệm liên quan đến sports,,,true,2026-03-18 23:27:06.141,2026-03-18 23:27:06.141
f7ea9755-1cc1-4486-94c9-41f09c38cd5d,1e70a4e8-5e55-4666-9f9b-2ba140d9031b,writer,person who writes books,/writer/,danh từ,writer example,writer,Một khái niệm liên quan đến jobs,,,true,2026-03-18 23:27:06.141,2026-03-18 23:27:06.141
f81938e4-e060-448f-88be-cccde72d0dcc,3190f865-ff2e-4de4-8878-b0a874c044ac,angry,feeling of rage,/angry/,danh từ,angry example,tức giận,Một khái niệm liên quan đến emotions,,,true,2026-03-18 23:27:06.141,2026-03-18 23:27:06.141
f84056b0-ec57-43f8-9411-8f2e5b5fded6,819c177f-eeaa-482b-9a10-e90cca890e76,Tired,Feeling exhaustion,ˈtaɪɚd,adjective,I tired after work.,Mệt,Cảm giác mỏi,,,true,2026-03-26 14:30:40.658877,2026-03-26 14:30:40.658877
f870ebab-0a0b-4658-bd64-2496a2d7214d,f46a14f4-283c-4d9b-b52b-76e8648d68c4,Epistemology,Knowledge study,ˌɛp.ɪ.stəˈmɑl.ə.dʒi,noun,Epistemology knowledge.,Nhận thức luận,Nghiên cứu,,,true,2026-03-26 14:30:40.658877,2026-03-26 14:30:40.658877
f8a2d1c3-613c-407f-bb7d-772cbdd15458,2f78ac95-e536-4cc1-bd0e-e350497283ee,Wife,Married woman,waɪf,noun,His wife is teacher.,Vợ,Người phụ nữ kết,,,true,2026-03-26 14:30:40.658877,2026-03-26 14:30:40.658877
f8b500ee-622e-4ae7-b155-794a289d2d42,4e41fc79-f556-476c-b28f-f579df42a2ba,Goodbye,Farewell,ˌɡʊdˈbaɪ,interjection,"Goodbye, see you.",Tạm biệt,Lời tạm biệt,,,true,2026-03-26 14:30:40.658877,2026-03-26 14:30:40.658877
f8bb1d4d-f08d-4be5-ad6f-6ff1afee5543,c1c8f750-8c0e-4b88-89d9-149307fdb3e2,video games,electronic games for fun,/video games/,danh từ,video games example,video games,Một khái niệm liên quan đến hobbies,,,true,2026-03-18 23:27:06.141,2026-03-18 23:27:06.141
f8cbd779-699c-40dc-a202-e308fa7f342b,6099eea9-f4d6-4738-9662-d01b6f6f2a12,eraser,tool for removing marks,/eraser/,danh từ,eraser example,eraser,Một khái niệm liên quan đến school,,,true,2026-03-18 23:27:06.141,2026-03-18 23:27:06.141
f8cc5e48-f7a2-41e5-a66a-8a212900aa91,dab29c7e-633e-4611-83f9-6a1781fed230,Stoicism,Virtue philosophy,ˈstoʊ.ɪ.sɪz.əm,noun,Stoicism teaches acceptance.,Khắc kỷ,Triết học,,,true,2026-03-26 14:30:40.658877,2026-03-26 14:30:40.658877
f8d47da9-415c-46fb-9a0a-d68bf9ddce4f,bdace7d5-30a7-49fe-a09e-ea0657efb79d,plum,"a smooth round fruit; purple, red, or yellow",plʌm,danh từ,Plum is sweet,mận,"Một quả tròn mịn; tím, đỏ hoặc vàng",,,true,2026-03-18 23:22:53.645,2026-03-18 23:22:53.645
f8db6b56-6d6c-4d30-8693-c7307befef3f,ff02df4a-ece1-4847-923b-0f9273cb89be,Sad,Feeling sorrow,sæd,adjective,He feels sad loss.,Buồn,Cảm giác buồn,,,true,2026-03-26 14:30:40.658877,2026-03-26 14:30:40.658877
f8df22d7-28c9-46d2-89d7-0bc11e2f28b4,81c08f3f-0705-472c-8a7e-682c4197dc80,Hello,Polite greeting,həˈloʊ,interjection,"Hello, how are you?",Xin chào,Cách chào hỏi,,,true,2026-03-26 14:30:40.658877,2026-03-26 14:30:40.658877
f8e5b26a-2889-4156-9e96-c98a5ca76b02,a27485a8-7d88-47ed-8ce5-93266a425c11,Epistemology,Knowledge study,ˌɛp.ɪ.stəˈmɑl.ə.dʒi,noun,Epistemology knowledge.,Nhận thức luận,Nghiên cứu,,,true,2026-03-26 14:30:40.658877,2026-03-26 14:30:40.658877
f8e6809d-e97e-409d-85b8-d50f4f5d8d82,3ea443f8-3295-449b-9410-9f7a9062bdb4,Husband,Married man,ˈhʌz.bənd,noun,Her husband is doctor.,Chồng,Người đàn ông kết,,,true,2026-03-26 14:30:40.658877,2026-03-26 14:30:40.658877
f91f8428-2a36-4095-88f5-7a5876f01368,7cf8f06f-0441-4076-a651-76da132eb2bf,Hundred,Number 100,ˈhʌn.drəd,number,One hundred students.,Trăm,Số 100,,,true,2026-03-26 14:30:40.658877,2026-03-26 14:30:40.658877
f97ea4dc-c205-413c-9348-4dcbe0d08949,dd56df6c-e0c0-44a9-b706-28b5106b1978,Pragmatism,Results based,ˈpræɡ.mə.tɪz.əm,noun,Pragmatism results.,Thực dụng,Dựa trên,,,true,2026-03-26 14:30:40.658877,2026-03-26 14:30:40.658877
f9bd38ec-fd12-4dc7-8efe-2f453db7c4ee,f2546e9a-13dd-460f-97a6-4a9d4903e6be,Amazed,Feeling wonder,əˈmeɪzd,adjective,I amazed view.,Kinh ngạc,Cảm giác bất,,,true,2026-03-26 14:30:40.658877,2026-03-26 14:30:40.658877
f9f72496-04e7-441d-89cb-b6ef90a4e326,5ff5c9d7-f265-4925-88c7-c44b7ae1e531,neck,connects head to body,/neck/,danh từ,Neck is long,cổ,nối đầu với cơ thể,,,true,2026-03-18 23:26:07.668,2026-03-18 23:26:07.668
fa0b6de4-9fdd-42c5-a862-b8673823a5d4,a27485a8-7d88-47ed-8ce5-93266a425c11,Virtue,Moral quality,ˈvɝ.tʃu,noun,Virtue happiness path.,Đức hạnh,Phẩm chất,,,true,2026-03-26 14:30:40.658877,2026-03-26 14:30:40.658877
fa0d5021-ec6c-4ac4-8859-f3c9d3e410d5,ad3e6677-2586-40ff-bd67-b5e6acd96ad7,Amazed,Feeling wonder,əˈmeɪzd,adjective,I amazed view.,Kinh ngạc,Cảm giác bất,,,true,2026-03-26 14:30:40.658877,2026-03-26 14:30:40.658877
fa709154-b97e-4a83-bc1c-dcdb6c2ff7ea,9746df2b-8bde-432c-ab17-aac73f51c1f6,sports,physical activities for competition,/sports/,danh từ,sports example,thể thao,Một khái niệm liên quan đến sports,,,true,2026-03-18 23:27:06.141,2026-03-18 23:27:06.141
fab3becd-1868-4eaa-9e5f-d2b4c67c70af,b07f3d0e-a184-4cd0-937d-4f3cbd063d36,Sorry,Apologize,ˈsɑr.i,adjective,"Sorry, I hurried.",Xin lỗi,Lời xin lỗi,,,true,2026-03-26 14:30:40.658877,2026-03-26 14:30:40.658877
fab5473e-c589-4b1f-a97c-5268503bf9d4,d5b49957-9ff7-450f-ae5b-da190b021f76,How are,Ask health,ˌhaʊ ɑr,phrase,How are today?,Khỏe không,Hỏi sức khỏe,,,true,2026-03-26 14:30:40.658877,2026-03-26 14:30:40.658877
fae44054-9835-483e-8765-db2e4fe4546f,efe6a928-8995-47cc-8e83-458a37872a80,Baby,Young child,ˈbeɪ.bi,noun,Baby is sleeping.,Em bé,Trẻ sơ sinh,,,true,2026-03-26 14:30:40.658877,2026-03-26 14:30:40.658877
faea5c55-c0be-49af-9d10-f4b857d51e83,c4f69ac2-b089-44ca-a48e-67f1636f0314,baby,a newborn child; very young infant,ˈbeɪbi,danh từ,Baby sleeps well,em bé,Trẻ sơ sinh; bé rất nhỏ,,,true,2026-03-18 23:22:53.645,2026-03-18 23:22:53.645
faf8c8b5-e7f2-4e86-8b7c-30194dab6b1c,d5b49957-9ff7-450f-ae5b-da190b021f76,Good afternoon,Afternoon greeting,ˌɡʊd ˌæf.tɚˈnun,phrase,Good afternoon!,Chào chiều,Lời chào chiều,,,true,2026-03-26 14:30:40.658877,2026-03-26 14:30:40.658877
fb115254-08e1-4a4e-b521-3c44827957b9,859a1e12-e633-40e5-b4e2-b7e9dfd2a7d7,gold,a shiny yellow color; the color of gold metal,ɡoʊld,danh từ,Gold bracelet,màu vàng kim,Một màu vàng sáng; màu của kim loại vàng,,,true,2026-03-18 23:22:53.645,2026-03-18 23:22:53.645
fb5d30ff-abd8-47c9-9533-61a8ee254ec7,923f19cb-bd8c-4b71-b762-0f409c965762,Dialectic,Argument method,daɪˈælɛk.tɪk,noun,Hegel dialectic used.,Biện luận,Phương pháp,,,true,2026-03-26 14:30:40.658877,2026-03-26 14:30:40.658877
fb6c36ad-6371-4fed-bfa4-e925df29b29a,805d2653-cac0-438b-953b-cb1f832c4321,Virtue,Moral quality,ˈvɝ.tʃu,noun,Virtue happiness path.,Đức hạnh,Phẩm chất,,,true,2026-03-26 14:30:40.658877,2026-03-26 14:30:40.658877
fb6ebb43-dd6c-4b93-b805-ff25a258f941,29889dcf-a772-4499-bf3b-826af93ea3b0,Ashamed,Feeling shame,əˈʃeɪmd,adjective,He ashamed behavior.,Xấu hổ,Cảm giác xấu,,,true,2026-03-26 14:30:40.658877,2026-03-26 14:30:40.658877
fb86ad7a-b6ac-4435-8bdd-07d6b52af424,cf8c05bc-3687-4329-be42-38da0c0125ca,Stoicism,Virtue philosophy,ˈstoʊ.ɪ.sɪz.əm,noun,Stoicism teaches acceptance.,Khắc kỷ,Triết học,,,true,2026-03-26 14:30:40.658877,2026-03-26 14:30:40.658877
fb87bd9d-b2e0-406b-bc81-c26452338f1c,bced27c8-2c20-4107-bf2d-2dfe46687373,Father,Male parent,ˈfɑ.ðɚ,noun,My father works hard.,Bố,Cha mẹ nam,,,true,2026-03-26 14:30:40.658877,2026-03-26 14:30:40.658877
fbb500c7-2860-40d5-8d29-517e1cec6b1f,d4986ac8-fc5b-4d7c-9960-c7a32512ee69,Nice meet,Greeting stranger,ˌnaɪs tə ˈmit,phrase,Nice meet you.,Vui gặp,Chào người mới,,,true,2026-03-26 14:30:40.658877,2026-03-26 14:30:40.658877
fbc0b882-25e1-4d7c-baf7-e16ed93d45e4,474d17e5-c32b-4585-9bfd-feefa44aa3a8,Stoicism,Virtue philosophy,ˈstoʊ.ɪ.sɪz.əm,noun,Stoicism teaches acceptance.,Khắc kỷ,Triết học,,,true,2026-03-26 14:30:40.658877,2026-03-26 14:30:40.658877
fc0738b9-757c-4e18-8e50-57a602f2c2a6,ce34e158-9a8f-400a-a082-d921b3afdb61,One,Number 1,wʌn,number,I have one cat.,Một,Số 1,,,true,2026-03-26 14:30:40.658877,2026-03-26 14:30:40.658877
fc26253d-0c1d-41a3-847c-bb1ba0d15252,dd56df6c-e0c0-44a9-b706-28b5106b1978,Dialectic,Argument method,daɪˈælɛk.tɪk,noun,Hegel dialectic used.,Biện luận,Phương pháp,,,true,2026-03-26 14:30:40.658877,2026-03-26 14:30:40.658877
fc3c934f-528c-4847-8f9b-cb415e358f69,205b1709-dae5-421b-b2ec-7bfd6528a0ea,Have nice day,Wishful farewell,ˌhæv ə ˌnaɪs ˈdeɪ,phrase,Have nice day!,Chúc ngày tốt,Lời chúc,,,true,2026-03-26 14:30:40.658877,2026-03-26 14:30:40.658877
fc4359d2-eabe-4f9c-93c4-59fcd9a2f83f,0ceda941-9b55-403f-abf7-fb080315789d,today,this day; the current day,təˈdeɪ,danh từ,Today is a beautiful day,hôm nay,Ngày này; ngày hiện tại,,,true,2026-03-18 23:22:53.645,2026-03-18 23:22:53.645
fc4434a0-b776-47e1-9465-4e4b0c761273,c93ab659-8f04-4947-b4fc-e9b66409b54f,Existentialism,Existence philosophy,ˌɛɡ.zɪˈstɛn.ʃə.lɪz.əm,noun,Existentialism freedom.,Hiện sinh chủ,Triết học,,,true,2026-03-26 14:30:40.658877,2026-03-26 14:30:40.658877
fc52dd8c-ee6e-4fac-928b-18ecd8cb5690,113a8d3e-ddda-4419-9a38-fde75df58c3e,Confused,Feeling bewilderment,kənˈfjuzd,adjective,Confused instructions.,Bối rối,Cảm giác bối,,,true,2026-03-26 14:30:40.658877,2026-03-26 14:30:40.658877
fc7a0df6-a3cc-4bd4-9be8-d4697f458354,205b1709-dae5-421b-b2ec-7bfd6528a0ea,Good morning,Morning greeting,ˌɡʊd ˈmɔr.nɪŋ,phrase,Good morning today.,Chào sáng,Lời chào sáng,,,true,2026-03-26 14:30:40.658877,2026-03-26 14:30:40.658877
fc97c14b-bdfc-4648-84fa-694a128bd424,805d2653-cac0-438b-953b-cb1f832c4321,Nihilism,Nothing meaning belief,ˈnaɪ.ə.lɪz.əm,noun,Nihilism values denies.,Vô chủ nghĩa,Niềm tin,,,true,2026-03-26 14:30:40.658877,2026-03-26 14:30:40.658877
fcbb104c-0a2f-4d9c-8ffa-3e94266aabe3,ac13c7e8-492c-46d1-b46e-755272c6d9d6,Pragmatism,Results based,ˈpræɡ.mə.tɪz.əm,noun,Pragmatism results.,Thực dụng,Dựa trên,,,true,2026-03-26 14:30:40.658877,2026-03-26 14:30:40.658877
fcc09562-b430-4604-ab4e-592f17356973,169b29f8-cd25-4fd5-9e0c-bcf9fdd56b6a,Good afternoon,Afternoon greeting,ˌɡʊd ˌæf.tɚˈnun,phrase,Good afternoon!,Chào chiều,Lời chào chiều,,,true,2026-03-26 14:30:40.658877,2026-03-26 14:30:40.658877
fcee7feb-806e-4e8a-8c28-8c2564f9f49d,205b1709-dae5-421b-b2ec-7bfd6528a0ea,Sorry,Apologize,ˈsɑr.i,adjective,"Sorry, I hurried.",Xin lỗi,Lời xin lỗi,,,true,2026-03-26 14:30:40.658877,2026-03-26 14:30:40.658877
fd06109c-a8cb-4828-99c3-62b0f35f1e31,5ff5c9d7-f265-4925-88c7-c44b7ae1e531,brain,organ in head for thinking,breɪn,danh từ,Smart brain,não,cơ quan trong đầu để suy nghĩ,,,true,2026-03-18 23:26:07.668,2026-03-18 23:26:07.668
fd101a3d-6022-4751-b1c7-62dab5b3aa39,0ceda941-9b55-403f-abf7-fb080315789d,yesterday,the day before today; previous day,ˈjestərdeɪ,danh từ,Yesterday I met my friend,hôm qua,Ngày trước hôm nay; ngày trước đó,,,true,2026-03-18 23:22:53.645,2026-03-18 23:22:53.645
fd189b4a-2b52-4bac-9514-0a8f7364ab89,349e1df9-b9b6-4a64-ab4b-babd170cadc4,One,Number 1,wʌn,number,I have one cat.,Một,Số 1,,,true,2026-03-26 14:30:40.658877,2026-03-26 14:30:40.658877
fd222026-8a9f-4e6d-ac29-cced09b9d04e,d33c8d93-322e-4680-b491-2ce58f9bc75f,Virtue,Moral quality,ˈvɝ.tʃu,noun,Virtue happiness path.,Đức hạnh,Phẩm chất,,,true,2026-03-26 14:30:40.658877,2026-03-26 14:30:40.658877
fd2a9346-d609-4394-91d9-04e6403f92c5,23517e96-f9dd-4318-8b61-083c140556f8,Dialectic,Argument method,daɪˈælɛk.tɪk,noun,Hegel dialectic used.,Biện luận,Phương pháp,,,true,2026-03-26 14:30:40.658877,2026-03-26 14:30:40.658877
fd4a52dd-44ee-4b32-b8bb-eec438cee03e,ad3e6677-2586-40ff-bd67-b5e6acd96ad7,Proud,Feeling pride,praʊd,adjective,I proud you.,Tự hào,Cảm giác hạnh,,,true,2026-03-26 14:30:40.658877,2026-03-26 14:30:40.658877
fdaf2bbd-5a8e-428c-a9f9-517abde83b66,d0d60af4-a86f-4442-a1a0-892d2a5cdbd3,Metaphysics,Reality study,ˌmɛt.əˈfɪz.ɪks,noun,Metaphysics questions.,Siêu hình,Thực tại,,,true,2026-03-26 14:30:40.658877,2026-03-26 14:30:40.658877
fdda99c2-ec2c-46d5-975a-cb15af5b6885,2d825671-b231-4d6a-9c0c-5ec2fa5d7d70,Daughter,Female child,ˈdɔ.tɚ,noun,She has daughters.,Con gái,Đứa con nữ,,,true,2026-03-26 14:30:40.658877,2026-03-26 14:30:40.658877
fdfff697-1fcb-4e05-8869-cd16329e6e0e,9c08d2d5-ab12-4b90-9273-35e16928fd20,Brother,Male sibling,ˈbrʌð.ɚ,noun,My brother plays sports.,Anh em trai,Anh chị em,,,true,2026-03-26 14:30:40.658877,2026-03-26 14:30:40.658877
fe16eaee-d866-4cb0-b164-5fc09159589f,23517e96-f9dd-4318-8b61-083c140556f8,Consciousness,Awareness self,ˈkɑn.ʃəs.nəs,noun,Consciousness mysterious.,Ý thức,Nhận thức,,,true,2026-03-26 14:30:40.658877,2026-03-26 14:30:40.658877
fe226f77-5d7a-47e0-af50-dac61d48320a,568d01b2-5a64-4823-afa2-fd4664ca4c1c,Two,Number 2,tu,number,I have two dogs.,Hai,Số 2,,,true,2026-03-26 14:30:40.658877,2026-03-26 14:30:40.658877
fe438071-1c82-4999-b983-9601981d1785,73ca6f19-8411-46ab-ae0d-39b4da6198c8,Pragmatism,Results based,ˈpræɡ.mə.tɪz.əm,noun,Pragmatism results.,Thực dụng,Dựa trên,,,true,2026-03-26 14:30:40.658877,2026-03-26 14:30:40.658877
fe4d0267-251b-42ba-b4f8-8d91d908ba8e,808c58db-c3c6-41b1-91d8-61e689795ae6,afternoon,middle part of day from noon to evening,ˌæftərˈnuːn,danh từ,I study in afternoon,buổi chiều,Phần giữa ngày từ trưa đến buổi tối,,,true,2026-03-18 23:22:53.645,2026-03-18 23:22:53.645
fe90d697-28b5-44d0-86ae-44f38660bf86,8f558c2d-9555-4f2e-a822-5c74891ffe67,Sorry,Apologize,ˈsɑr.i,adjective,"Sorry, I hurried.",Xin lỗi,Lời xin lỗi,,,true,2026-03-26 14:30:40.658877,2026-03-26 14:30:40.658877
fe9b331e-5057-4f9f-8cb8-7edda82da209,859a1e12-e633-40e5-b4e2-b7e9dfd2a7d7,purple,a dark color between red and blue; violet-colored,ˈpɜːrpəl,danh từ,Purple grapes are sweet,màu tím,Một màu tối nằm giữa đỏ và xanh dương; màu tím,,,true,2026-03-18 23:22:53.645,2026-03-18 23:22:53.645
fea270ab-d928-47fb-be86-3ac236cd1c21,d57a850d-30c0-4988-a53f-fc9638884178,Epistemology,Knowledge study,ˌɛp.ɪ.stəˈmɑl.ə.dʒi,noun,Epistemology knowledge.,Nhận thức luận,Nghiên cứu,,,true,2026-03-26 14:30:40.658877,2026-03-26 14:30:40.658877
febb7b98-2919-45da-afac-74ac36d7b423,7cf8f06f-0441-4076-a651-76da132eb2bf,Nine,Number 9,naɪn,number,I have nine flowers.,Chín,Số 9,,,true,2026-03-26 14:30:40.658877,2026-03-26 14:30:40.658877
fec62f89-ade5-447b-b8c8-a37821c153ce,f35e320a-ec1d-497e-90b9-830150a5f34d,Dialectic,Argument method,daɪˈælɛk.tɪk,noun,Hegel dialectic used.,Biện luận,Phương pháp,,,true,2026-03-26 14:30:40.658877,2026-03-26 14:30:40.658877
fedf3dd3-41d3-4bda-aff3-b193c07fe495,f5e165ea-d9f9-45d5-90d3-2acf41ea2d21,thousand,the number 1000; very large number,ˈθaʊzənd,danh từ,Thousand bricks build house,số nghìn,Số 1000; một con số rất lớn,,,true,2026-03-18 23:22:53.645,2026-03-18 23:22:53.645
fef7d0de-49bd-4ac0-b4fd-f26601181ed4,f2867ff8-da21-42e1-ad58-ff38fa6324b8,Grandfather,Father of parent,ˈɡræn.ˌfɑ.ðɚ,noun,Grandfather is wise.,Ông,"Ngoại, nội",,,true,2026-03-26 14:30:40.658877,2026-03-26 14:30:40.658877
ff24adb5-a911-4b7b-8080-07d078eaa330,861b28e6-a21c-4b16-8250-0228c87f55b4,Ten,Number 10,tɛn,number,I have ten dollars.,Mười,Số 10,,,true,2026-03-26 14:30:40.658877,2026-03-26 14:30:40.658877
ff372cd0-4122-4a58-b9dc-e248df8750a6,dd37cd9c-fd13-43c8-8f32-cc50a38476a0,Dialectic,Argument method,daɪˈælɛk.tɪk,noun,Hegel dialectic used.,Biện luận,Phương pháp,,,true,2026-03-26 14:30:40.658877,2026-03-26 14:30:40.658877
ff63148f-a3d2-4655-b47d-61f189198faa,0c65a440-ca84-4f96-a502-a5c9aebdef77,whiskey,a strong alcoholic spirit,ˈwɪski,danh từ,Whiskey is strong,whiskey,rượu mạnh có cồn,,,true,2026-03-18 23:26:07.668,2026-03-18 23:26:07.668
ff659c1f-c8e7-4478-82fc-8d15684977ed,c19483d2-a4f7-462e-a5b8-6fb57f61ef95,Family,Relatives group,ˈfæm.ə.li,noun,My family is happy.,Gia đình,Nhóm thân,,,true,2026-03-26 14:30:40.658877,2026-03-26 14:30:40.658877
ff671a9c-af3e-4bfc-b625-a9c661e1624b,e0dc609f-c176-4fdb-93bf-e39d087671f5,Ethics,Moral principles,ˈɛθ.ɪks,noun,Ethics guide decisions.,Đạo đức,Nguyên tắc,,,true,2026-03-26 14:30:40.658877,2026-03-26 14:30:40.658877
ffb6cf86-22c9-4e81-8e09-6f813c34f0b1,859a1e12-e633-40e5-b4e2-b7e9dfd2a7d7,navy,a very dark blue color; dark blue,ˈneɪvi,danh từ,Navy uniform,màu xanh đen,Một màu xanh dương rất tối; xanh đen,,,true,2026-03-18 23:22:53.645,2026-03-18 23:22:53.645
ffe888f5-e257-434a-8e0b-9583b30e2705,8f558c2d-9555-4f2e-a822-5c74891ffe67,Thank you,Express gratitude,ˈθæŋk juː,phrase,Thank you for help.,Cảm ơn,Tỏ lòng biết ơn,,,true,2026-03-26 14:30:40.658877,2026-03-26 14:30:40.658877