id,created_at,question_id,option_text,option_image_url,is_correct,option_order,explanation,match_pair_id
000c6582-687e-4eaf-9f89-0f1174524ace,2026-04-02 03:56:05,6e98b05f-05b6-4a67-8cb2-b91a28e0f01d,Completely different sentence,,false,4,Wrong transcription,
000cf4a3-d8f3-46d4-9a8f-e911f5d70dd5,2026-04-02 03:56:05,7dd810b2-5c04-4c73-aa07-cacaa6899759,Misses the context,,false,3,Does not answer the question,
00133679-bb46-4b86-8b9c-124b8dd3e36d,2026-04-02 03:56:05,75fd98f5-3434-4fcd-9da4-706545fb814c,Opposite of what was said,,false,3,Inverted meaning,
001aadf3-592d-43a2-9664-f0aa435eca08,2026-04-02 03:56:05,a02afa38-00db-4362-880c-451a4ecf8a05,Sound-alike but wrong,,false,2,Phonetic confusion,
00277ff2-c02f-4dc9-8897-c41f3168236f,2026-04-02 03:56:05,81727dec-a224-4df6-979f-b42692c4ad0e,Sounds similar but different,,false,2,Similar pronunciation,
003feaf3-f6e7-4250-b468-dd13c5f45e33,2026-04-02 03:56:05,8adc5188-d58a-4070-8112-c89245c181e7,True based on the passage,,true,1,Correct interpretation,
004209ef-a86f-4d5e-ad3a-0984c677eae4,2026-04-02 03:56:05,7bbe5d00-6c68-48a5-b7c6-c07c49a3210a,Partially true but incomplete,,false,4,Half-correct answer,
004a2c5e-f550-400e-8a71-4d20627bed19,2026-04-02 03:56:05,f7ffe5d1-997d-4362-a0ac-4d52ce2f2009,The speaker says this exactly,,true,1,Correct audio interpretation,
0057a68d-290b-412c-b3af-b7281c5d371d,2026-04-02 03:56:05,2066b4d2-5306-4c33-aa5d-7ba172bec155,Wrong verb tense,,false,2,"Same word, wrong form",
00878c82-4913-4563-a11d-26c9b355dfe8,2026-04-02 03:56:05,f6161149-e8a8-422a-9f24-1210ea9734e3,Related topic from audio,,false,3,Context related but not stated,
00880b97-8494-47c9-9ae7-c5f15306da4c,2026-04-02 03:56:05,093ab0c7-08d3-4c3a-baae-95ce27bb3855,Item A: English phrase,,true,1,Matches Vietnamese translation,pair_A
00c78aec-62c8-43e4-afab-668180c273b1,2026-04-02 03:56:05,d15f9f65-dc86-4643-ac9c-849d376e23b2,Completely different,,false,4,Unrelated option,
00d2ae18-13dd-4f02-aaba-68349b783292,2026-04-02 03:56:05,1112cba9-df8d-4a1a-ad2f-9b081fde3445,Related topic from audio,,false,3,Context related but not stated,
00dce5ec-ce74-4bd4-b2dd-b0befd5214c0,2026-04-02 03:56:05,3c961845-df4d-49b0-b5d8-805fc05128d5,Has spelling error,,false,2,Homophone confusion,
00f34c72-c228-408a-8561-d6e95dcbee7d,2026-04-02 03:56:05,aa746dac-8a45-4524-866b-2a2b6a460b0e,Opposite meaning,,false,4,Antonym for this context,
010a8024-d4b1-4954-97b8-50a6880f60f7,2026-04-02 03:56:05,4d02a13b-09bb-42db-af7e-afaf45785e4c,Misses the context,,false,3,Does not answer the question,
010b8fde-1f69-4724-b57f-c773b7443514,2026-04-02 03:56:05,ec86125b-b6e8-448d-a2eb-f92858072f3d,Correct sentence from audio,,true,1,Exactly as spoken,
011c569e-70d1-477e-86d8-db07b965b437,2026-04-02 03:56:05,24d9b4c4-6a8f-46bf-80b7-da3eaad4ac63,Related topic from audio,,false,3,Context related but not stated,
0132ac67-1004-4138-aedf-ee98222004fd,2026-04-02 03:56:05,77120382-fbec-403f-b3d4-b8ff93ad4a02,The correct word to fill,,true,1,Proper grammar and meaning,
0146be04-31bb-45f1-b610-c867dc0cfb36,2026-04-02 03:56:05,849c56dc-68b0-4df5-97bd-6b99b1788b45,False: not mentioned in text,,false,2,Misunderstanding,
01753031-ab3e-4307-b7c6-b939b3444d7a,2026-04-02 03:56:05,64f68b36-3723-48af-b5d9-b666976017c9,Similar sounding sentence,,false,3,Auditory similarity,
017892a4-8367-4d70-80e2-b3ccdd4d93c9,2026-04-02 03:56:05,a6d97760-525b-4a4e-a152-d9ee2920e8cc,True based on the passage,,true,1,Correct interpretation,
01eec0d5-9f51-4f5f-b1c5-d008c242a8c3,2026-04-02 03:56:05,a17ca0aa-c977-46cf-8c1a-af914f2d6fdb,Natural and appropriate response,,true,1,Fits conversation flow,
01ef0678-d50d-4828-92fb-081f7061311c,2026-04-02 03:56:05,62ce04ed-a971-4f0d-b9c5-737c1ee1e58b,Item D: English phrase,,true,4,Matches Vietnamese translation,pair_D
01ef4645-8ef0-4327-8993-e5733d0155fe,2026-04-02 03:56:05,20eaf788-da6c-4e27-b762-f233356faa19,Item C: English phrase,,true,3,Matches Vietnamese translation,pair_C
01f21910-5a12-4751-b5a4-6b063b84a6a8,2026-04-02 03:56:05,134bf3eb-1009-48ef-8a4a-a7368ec30c69,Natural and appropriate response,,true,1,Fits conversation flow,
02049801-4daf-46e5-b792-509c67c37320,2026-04-02 03:56:05,501354c0-a8ca-4eef-b581-5b72180f32bb,Opposite meaning,,false,4,Antonym for this context,
022287ca-59b7-4a63-b1cb-a17ffcb59bc9,2026-04-02 03:56:05,48bc9167-4f02-466e-b9b9-894b7b082607,Wrong verb tense,,false,2,"Same word, wrong form",
0236d473-da7d-41a7-9a1f-6795b8d4391a,2026-04-02 03:56:05,fc593b27-8ab3-4b55-89fb-608666a92c50,The correct word to fill,,true,1,Proper grammar and meaning,
023a2f37-038d-42ee-9027-95cf845f6ef0,2026-04-02 03:56:05,8638e5ef-62ea-4294-99b5-a787d74ecc8d,Opposite of what was said,,false,3,Inverted meaning,
023e7fef-b1de-430c-8c5b-240b1768e666,2026-04-02 03:56:05,acf9cdc9-03ff-4232-b4c2-74a832764942,Opposite meaning,,false,4,Antonym for this context,
025c4f5f-2b67-42ec-adeb-1a67acfbd0b0,2026-04-02 03:56:05,75fcb20a-ed52-4c8a-b766-7c67e5d87f63,Has spelling error,,false,2,Homophone confusion,
026c9145-4826-47ce-8b1b-9dab5df86e31,2026-04-02 03:56:05,680db8b3-9fb5-4ee9-82dc-a74ed1da9918,Misses the context,,false,3,Does not answer the question,
028418a1-3865-40fb-ba88-1e7e9a0e6080,2026-04-02 03:56:05,1b20762e-2138-4cac-accf-e82808e39c10,Item D: English phrase,,true,4,Matches Vietnamese translation,pair_D
028c64dd-3f6f-4e2a-994c-c81052fbe1a3,2026-04-02 03:56:05,67480ddb-4cf8-4d69-aaf4-b2df19683c80,Partially true but incomplete,,false,4,Half-correct answer,
02907db2-1755-4417-be37-eb100ea99cdc,2026-04-02 03:56:05,5343b8c0-152f-4c8d-b73d-efc898d2fb46,Item B: English phrase,,true,2,Matches Vietnamese translation,pair_B
0294dc65-6872-441f-b83b-46c5fb1362ed,2026-04-02 03:56:05,13be727d-e542-4084-a6ec-fb0bb46bf4bd,Opposite meaning,,false,4,Antonym for this context,
02cf765a-efd0-4739-8eff-2fc9701d51f1,2026-04-02 03:56:05,94b9c3cb-430b-4b0b-8f44-b556ac5a6062,Partially true but incomplete,,false,4,Half-correct answer,
02d38da5-7870-4088-a4ce-90dc3eb13954,2026-04-02 03:56:05,5f7a20a7-409d-45ad-a752-c11693446e7c,Misses the context,,false,3,Does not answer the question,
02e213dc-5de5-48ce-b4f7-714f00d2d5ff,2026-04-02 03:56:05,54661e1f-96e2-41ea-bda2-6f43c5004992,Wrong verb tense,,false,2,"Same word, wrong form",
02f9faa2-e052-4edc-a98b-7d10d9b94b57,2026-04-02 03:56:05,2d272a53-eb4d-4b7c-8924-0d1da01383f3,English word translation,,true,1,Direct meaning from English,
0303cb5c-d436-4a96-9ca0-a3212a0a7a6c,2026-04-02 03:56:05,fb12ed4f-5d29-4c65-a37d-269437b70e91,Item D: English phrase,,true,4,Matches Vietnamese translation,pair_D
030a42e3-4522-44ad-be95-c1417175a744,2026-04-02 03:56:05,fbf62921-058f-42b2-a5dd-5e395ebe2ab7,Correct sentence from audio,,true,1,Exactly as spoken,
03285a8c-7153-41e5-9f78-c9ca917bdbd8,2026-04-02 03:56:05,1eff84c3-ea31-455b-aa71-b130670d538e,Related topic from audio,,false,3,Context related but not stated,
0336f7cf-11bb-43f9-bc82-4306c9ffbceb,2026-04-02 03:56:05,74dd0829-de8e-4eb0-a876-54aaa6934569,Item C: English phrase,,true,3,Matches Vietnamese translation,pair_C
033e3ec4-62af-4e84-b6b2-d4a58a713378,2026-04-02 03:56:05,f48d2c06-a133-4ab0-946c-29ae4c16566e,English word translation,,true,1,Direct meaning from English,
034ad931-df1b-4748-a3c7-9d35cee16642,2026-04-02 03:56:05,21d8ee47-f240-484f-a571-f99bb8b64e9f,Common beginner mistake,,false,4,Typical error,
0352b5cf-dcc3-49e2-a0c7-7c684cf58240,2026-04-02 03:56:05,f5966205-3c8e-4cda-8813-ef585a84319d,Related topic from audio,,false,3,Context related but not stated,
0381ec7b-1e1f-40eb-b33a-86fa34762dc6,2026-04-02 03:56:05,7a72343a-d4af-439f-9968-71c05fd0e1a1,Sounds similar but different,,false,2,Similar pronunciation,
03832158-4659-4cd8-8fdb-aa5a10f74546,2026-04-02 03:56:05,31299536-93a4-4a58-b2fe-a1a7f8125799,Correct sentence from audio,,true,1,Exactly as spoken,
03beaf9c-8aa6-4432-b718-c9e6a9f10b47,2026-04-02 03:56:05,66d54ec8-e685-4b26-a539-dac6b7d9d649,Different part of speech,,false,3,Noun instead of verb,
03ce517f-2f85-4d72-959d-d8106c18789b,2026-04-02 03:56:05,c142eb4d-c7e3-4c70-9b1d-6d1ca6e34ce1,True based on the passage,,true,1,Correct interpretation,
03df66cc-b509-46f4-b761-5a456d18ec92,2026-04-02 03:56:05,5779a6c5-595a-4327-8327-a2778e4f4f6b,Completely different,,false,4,Unrelated option,
0406db12-d07f-4fd7-ac40-a6cce19176d9,2026-04-02 03:56:05,972f0225-3635-4477-ac00-dd5cb00b97fe,Completely different sentence,,false,4,Wrong transcription,
0410053b-7ae2-4f8d-9c2f-08399e7833c5,2026-04-02 03:56:05,b8b45423-9883-41e1-8f9a-89c7570b00cb,The correct word to fill,,true,1,Proper grammar and meaning,
041360ce-de57-44b1-a2ff-34fc59ec6428,2026-04-02 03:56:05,184410ff-2a84-44c1-9489-d93a404c5208,Opposite of what was said,,false,3,Inverted meaning,
041bf387-e733-4a65-a3ac-13721bdff832,2026-04-02 03:56:05,61586d11-1e42-4981-afb0-3c02a0924b11,Item D: English phrase,,true,4,Matches Vietnamese translation,pair_D
043deec4-7ae4-4ac7-a2b1-7d108f98ef28,2026-04-02 03:56:05,bc07dd89-9936-4b56-bd2e-8214f82598cb,Item B: English phrase,,true,2,Matches Vietnamese translation,pair_B
04575b4a-e002-46dc-ae79-6b93841c04f9,2026-04-02 03:56:05,81727dec-a224-4df6-979f-b42692c4ad0e,The speaker says this exactly,,true,1,Correct audio interpretation,
0460aa5e-0519-4b40-9dd1-2f93bb338196,2026-04-02 03:56:05,5e1df709-072d-452b-a567-1d7130e23985,Partially true but incomplete,,false,4,Half-correct answer,
046f8ffd-f514-4107-8826-9014e8b25ad8,2026-04-02 03:56:05,75fd98f5-3434-4fcd-9da4-706545fb814c,False: not mentioned in text,,false,2,Misunderstanding,
047b48d2-30f7-4ed2-b05b-5fb631e23f9c,2026-04-02 03:56:05,2c84678c-92f0-4a3d-9cb3-235a9cbd52d1,Related topic from audio,,false,3,Context related but not stated,
048247a9-3871-4efe-9408-1a5f01e35857,2026-04-02 03:56:05,ccff1135-7a99-4697-b29d-172f13c1b6b2,Correct sentence from audio,,true,1,Exactly as spoken,
04f014b2-40c4-4190-a5b7-3deeefd280d0,2026-04-02 03:56:05,4d187997-f7c8-469c-ba75-4064f4a6976b,The speaker says this exactly,,true,1,Correct audio interpretation,
04f09897-d232-4446-a3e2-daf4393347da,2026-04-02 03:56:05,27fdb2dd-0456-4a62-bdbd-ca828d92872f,Sound-alike but wrong,,false,2,Phonetic confusion,
04fced58-88cb-4656-90cf-be7c7d81c332,2026-04-02 03:56:05,7fdfdad6-335c-4a09-8d0b-ca3b58fbc42d,Opposite meaning,,false,4,Antonym for this context,
050726e1-c743-4994-8389-08335795e5f0,2026-04-02 03:56:05,698525e5-e9dd-4641-a7d1-d5130a402355,Completely different sentence,,false,4,Wrong transcription,
050a8f0b-53bb-49d1-86fd-8176df47d4c2,2026-04-02 03:56:05,f0838520-b7a7-4d20-ad41-13daf7fdbac7,Natural and appropriate response,,true,1,Fits conversation flow,
053604e9-4fac-45ed-bb7f-70d74ede2fa1,2026-04-02 03:56:05,9be20828-7ec7-4514-9fa3-0e0732b122ec,Natural and appropriate response,,true,1,Fits conversation flow,
05a2eab0-4c0c-4893-9d77-6958b1050f9a,2026-04-02 03:56:05,107441d2-747b-4ad5-b112-6c0fa7e266ba,Has spelling error,,false,2,Homophone confusion,
05a9ad03-4954-401a-aa92-8f69dcad78b1,2026-04-02 03:56:05,30b29053-dd3c-4403-83f5-de2dce1ab271,English word translation,,true,1,Direct meaning from English,
05de75a4-46bf-4d31-ba7e-58f678b4a006,2026-04-02 03:56:05,a9338447-83b7-4487-8901-b3c88c2f23f7,Similar sounding sentence,,false,3,Auditory similarity,
05f56c59-d03b-4257-b2ec-1006098e42e0,2026-04-02 03:56:05,63e3f381-158f-4583-8c51-835fb2437640,The correct word to fill,,true,1,Proper grammar and meaning,
06054c52-935c-4f45-a5c3-da274b1a7362,2026-04-02 03:56:05,36cb1c3a-d63f-4c9c-b292-3f5df7ffde65,Item B: English phrase,,true,2,Matches Vietnamese translation,pair_B
06229436-61f7-479a-bb06-a443e707246a,2026-04-02 03:56:05,f631bf58-cfff-4671-b686-79a557522775,False: not mentioned in text,,false,2,Misunderstanding,
0630a640-fa31-4873-9c5f-4b424192d43d,2026-04-02 03:56:05,4ac108ca-0334-40ff-ab30-ef7cfe412c14,Grammatically incorrect,,false,2,Unnatural phrasing,
063d7096-90bd-44cd-a036-647afe810363,2026-04-02 03:56:05,fd5d1f54-cf38-4f56-b96f-36f34a85477d,Misses the context,,false,3,Does not answer the question,
0667c53e-4047-440d-aac4-ec895a17ca55,2026-04-02 03:56:05,7fdfdad6-335c-4a09-8d0b-ca3b58fbc42d,Different part of speech,,false,3,Noun instead of verb,
069bd0c5-af42-4dcf-b776-f273dfe7f2cd,2026-04-02 03:56:05,3223afbc-7d2e-4c6b-95a9-7bde26d7825d,Opposite meaning,,false,4,Antonym for this context,
06a11e97-fc2c-45f2-8f62-d91e0b9cf074,2026-04-02 03:56:05,f4f2da44-8187-4377-96d6-39f6e2aad8e6,Different part of speech,,false,3,Noun instead of verb,
06b52f09-7ff3-4257-b16a-fb7337177679,2026-04-02 03:56:05,ac376582-7b26-45d2-bc0e-8ef53f095e35,Wrong verb tense,,false,2,"Same word, wrong form",
06c83c00-ecd2-4517-8989-e99b398f2b75,2026-04-02 03:56:05,350b1821-43a2-4a1c-a158-7c1cb2b00496,Misses the context,,false,3,Does not answer the question,
06d02c65-9772-429d-8928-69d87c3dc23a,2026-04-02 03:56:05,f6be5ab8-c480-4d13-b821-df623d1f7655,Item A: English phrase,,true,1,Matches Vietnamese translation,pair_A
06e154d9-faa7-4cca-acd9-a9552de9eda0,2026-04-02 03:56:05,96530eae-2ccf-4708-aa59-ecb3976c56e1,Sounds similar but different,,false,2,Similar pronunciation,
06e38e74-9ea5-4434-8b6a-11912f47bf34,2026-04-02 03:56:05,471eec4e-3a7c-4cdd-83ed-b7b902b15892,Grammatically incorrect,,false,2,Unnatural phrasing,
06ef2e8e-e216-4d70-b32a-a6761cd2f43b,2026-04-02 03:56:05,51d223d8-a593-48a3-9bab-2a0aa86e194c,False: not mentioned in text,,false,2,Misunderstanding,
074756e7-1eb3-4922-8426-10ec32fc2acc,2026-04-02 03:56:05,9be20828-7ec7-4514-9fa3-0e0732b122ec,Misses the context,,false,3,Does not answer the question,
074a696a-d2fe-441d-bf55-56c3745277d1,2026-04-02 03:56:05,13260994-b514-41e8-a759-1ffc49bb1c87,Common beginner mistake,,false,4,Typical error,
075e2533-635d-4c26-988e-fccd20fafe4a,2026-04-02 03:56:05,00ac25de-d5a8-410b-8834-590a16aa5ab5,Correct sentence from audio,,true,1,Exactly as spoken,
075f5243-ab0a-43bd-b560-4fa15590bccc,2026-04-02 03:56:05,dedb1946-8d76-4b3a-b1b2-4975a8824ce4,Opposite meaning,,false,3,Antonym in Vietnamese,
0769d2a3-0446-4bf5-83f3-34063f2907af,2026-04-02 03:56:05,4791633c-97a1-49a3-8088-f49d77664055,Opposite meaning,,false,4,Antonym for this context,
076fd129-3707-4cd5-a92e-946ac8d50037,2026-04-02 03:56:05,a39f9eb8-8f47-4f19-8c14-2d5d7760b695,True based on the passage,,true,1,Correct interpretation,
077028c8-db0b-43b4-b1d0-7d26279d07a1,2026-04-02 03:56:05,38792b6f-e973-4d10-aeed-adbc7589f1f7,True based on the passage,,true,1,Correct interpretation,
07a6a009-1f7c-4fa0-b83c-357388ff1d5e,2026-04-02 03:56:05,a62ff6d3-38f4-49ea-85c5-e075d6e6fa67,Grammatically incorrect,,false,2,Unnatural phrasing,
07c5b409-471e-4980-887e-5d66d6365b82,2026-04-02 03:56:05,75af9b99-e4c9-40c0-b0d6-bf2317fd79ac,Related topic from audio,,false,3,Context related but not stated,
07f2d41f-5b50-4dab-bf4b-55b040efbf4f,2026-04-02 03:56:05,0f2eb181-68ec-4b40-ace6-ac0f6b692345,English word translation,,true,1,Direct meaning from English,
08243cd3-fca9-4b65-a313-c85ca326a175,2026-04-02 03:56:05,fcc13d1c-e234-4ba6-8158-2a57c632d72f,Wrong verb tense,,false,2,"Same word, wrong form",
082d1158-04f3-4fd7-bcea-b9cbab79958d,2026-04-02 03:56:05,9b4b34f5-1ac5-48d0-b950-5848eed8bffa,Opposite of what was said,,false,3,Inverted meaning,
0845da6c-a291-4008-8154-527ce2c186c4,2026-04-02 03:56:05,75af9b99-e4c9-40c0-b0d6-bf2317fd79ac,Sounds similar but different,,false,2,Similar pronunciation,
0878ddac-220f-4167-b055-8452a0dd1965,2026-04-02 03:56:05,faf47169-7749-4488-8084-aff4e2179b45,Misses the context,,false,3,Does not answer the question,
08976d07-e0d1-4e37-8e75-13afd124f165,2026-04-02 03:56:05,4795e012-8e42-45a3-8106-4c9aec83cc5f,Opposite of what was said,,false,3,Inverted meaning,
08a6ef77-ad28-4a25-866f-84e22a03e186,2026-04-02 03:56:05,5a0f782d-1233-42c9-8453-c8360859b1a1,True based on the passage,,true,1,Correct interpretation,
08a9b766-132a-4aa0-ad63-66c1945b15d7,2026-04-02 03:56:05,b829d068-60aa-4bd2-9485-88051039863a,Misses the context,,false,3,Does not answer the question,
08aad217-0731-40e9-bbbc-32f7924c64ac,2026-04-02 03:56:05,5f85a523-8a8d-4b05-9142-a139d2b48932,Opposite of what was said,,false,3,Inverted meaning,
08cfc279-2dcc-4dc5-bbd5-157b1dec823e,2026-04-02 03:56:05,0f2eb181-68ec-4b40-ace6-ac0f6b692345,Opposite meaning,,false,3,Antonym in Vietnamese,
08d06fce-9e6f-4ca8-a9ad-90acfc0309ca,2026-04-02 03:56:05,1cef9a80-285b-4f31-8cea-84a51b8d582d,True based on the passage,,true,1,Correct interpretation,
08d7ea06-cac2-4ccd-a85c-45a1c6f32e5b,2026-04-02 03:56:05,74dd0829-de8e-4eb0-a876-54aaa6934569,Item B: English phrase,,true,2,Matches Vietnamese translation,pair_B
08dacd97-d702-4edd-b12c-2205a14aaac4,2026-04-02 03:56:05,f4584d02-b919-4b28-9cff-4284d2246fe0,The speaker says this exactly,,true,1,Correct audio interpretation,
08fdaa34-87e3-49f8-8d2f-c59b6a9df4b1,2026-04-02 03:56:05,b8b45423-9883-41e1-8f9a-89c7570b00cb,Wrong verb tense,,false,2,"Same word, wrong form",
08fe4542-699e-44fb-87b1-728f0f9167c7,2026-04-02 03:56:05,8d59de9f-626f-471c-b9ee-32f001f7dd91,The speaker says this exactly,,true,1,Correct audio interpretation,
08ff06ef-421d-4da1-80e0-fe87a6e15da5,2026-04-02 03:56:05,201171e8-9ae6-4729-b07f-5ec238c75a88,Correct sentence from audio,,true,1,Exactly as spoken,
0911f223-d0f2-4f1e-bbce-b9f677f6e2ae,2026-04-02 03:56:05,cce012c7-ce47-4800-94d4-fb2262e4b2f1,Item A: English phrase,,true,1,Matches Vietnamese translation,pair_A
0912054b-0bc0-45d7-af6a-a6f35927df90,2026-04-02 03:56:05,e7814f70-b76f-4fde-a11f-1e6aa748931d,Completely different,,false,4,Unrelated option,
0927982d-948f-4762-814a-5bdd7500c591,2026-04-02 03:56:05,8abddce3-0c35-4d7c-ab35-4d0729703418,Opposite meaning,,false,3,Antonym in Vietnamese,
093626e5-d643-42d6-8570-55030788402e,2026-04-02 03:56:05,21fe5591-b311-41cf-94a7-b9ee1a9c1651,Opposite meaning,,false,3,Antonym in Vietnamese,
093f6004-8394-4b41-a447-f5fcef318e5d,2026-04-02 03:56:05,fd0feeda-6274-4322-ba91-658a071b40ef,Different part of speech,,false,3,Noun instead of verb,
0979ae61-b64f-4ea2-8084-879c1ef55524,2026-04-02 03:56:05,26f19697-c6f2-4416-aca2-ebb845e8637f,Partially true but incomplete,,false,4,Half-correct answer,
09898391-9504-45f0-a581-1f7dd43fc589,2026-04-02 03:56:05,96151b17-9aef-4f16-ac69-4c7063c5ca1b,Opposite of what was said,,false,3,Inverted meaning,
09947c4c-072f-478f-a9d2-a98de4edf55c,2026-04-02 03:56:05,5a0f782d-1233-42c9-8453-c8360859b1a1,Partially true but incomplete,,false,4,Half-correct answer,
0996d42f-c237-48f5-8cc7-b8d7a828d668,2026-04-02 03:56:05,08344a86-2d4e-4aba-a121-66e08a9374c6,False: not mentioned in text,,false,2,Misunderstanding,
09b289ca-2314-435f-a3ee-9f845955d37f,2026-04-02 03:56:05,87348dec-7c73-4b9f-85e5-670eca669f0a,Completely different sentence,,false,4,Wrong transcription,
09b903e6-3c08-4e7d-8608-0151bfb9546c,2026-04-02 03:56:05,dce5d8eb-ae28-4371-9b7c-de911934464d,Related topic from audio,,false,3,Context related but not stated,
09dc904d-c4fe-4b63-816d-3d0da868190e,2026-04-02 03:56:05,25206411-bbac-430d-ba84-5a3c2302c30d,Common beginner mistake,,false,4,Typical error,
09e14eba-9839-494e-b02f-5817afe3ac63,2026-04-02 03:56:05,d7d9241e-8902-481b-9c29-b1057227e264,Sound-alike but wrong,,false,2,Phonetic confusion,
09e9eeef-8dfd-4561-91fd-273370ac3a9c,2026-04-02 03:56:05,a76223c9-23f0-422b-8caf-59b408f4a233,Partially true but incomplete,,false,4,Half-correct answer,
0a0a2b70-36fc-4e67-908b-f665a11a0352,2026-04-02 03:56:05,bebefd06-58b0-4ca8-8cd9-509a35bc9f4a,Grammatically incorrect,,false,2,Unnatural phrasing,
0a362f36-7bf4-4f46-8c0c-bdff1f6c0088,2026-04-02 03:56:05,a6525863-0e8b-43e6-a136-676b5b4b5bf6,Similar sounding sentence,,false,3,Auditory similarity,
0a42b012-75bb-474e-847b-7e762bdafd78,2026-04-02 03:56:05,4f723733-abdd-40ad-85ab-fa4dfc60a874,Related topic from audio,,false,3,Context related but not stated,
0a574eed-6667-4943-8a7d-8d4891f7eb5c,2026-04-02 03:56:05,67d92c32-1d0b-4a03-9a98-1cd06231b332,Similar sounding sentence,,false,3,Auditory similarity,
0a5f0e22-1351-460e-b6ce-b043fdf1a962,2026-04-02 03:56:05,54661e1f-96e2-41ea-bda2-6f43c5004992,The correct word to fill,,true,1,Proper grammar and meaning,
0a8795c7-2a82-4f13-a72f-09cd5becc0fc,2026-04-02 03:56:05,c7cdb437-189d-4dff-9cb2-946449b266fc,Impolite or rude tone,,false,4,Wrong register,
0a9b39dc-92f9-43dd-9c1d-05c54c648cdf,2026-04-02 03:56:05,998c9f28-c0f4-4ca9-957d-241dae2e1845,The speaker says this exactly,,true,1,Correct audio interpretation,
0ad4ca36-7d9f-4d49-9ad0-4bcecad53559,2026-04-02 03:56:05,48b1d7ea-460c-41d7-a745-c703fa9bbada,Item C: English phrase,,true,3,Matches Vietnamese translation,pair_C
0ae74d68-c311-4713-b226-78a62b0c15c7,2026-04-02 03:56:05,c2f1ca03-e682-4bff-9c2f-90da518138fc,Similar sounding sentence,,false,3,Auditory similarity,
0af5bca0-741d-4953-afb2-15a0f547ae91,2026-04-02 03:56:05,680db8b3-9fb5-4ee9-82dc-a74ed1da9918,Grammatically incorrect,,false,2,Unnatural phrasing,
0b0d1718-89eb-40e4-8107-c09d0a59e93d,2026-04-02 03:56:05,858760b7-d289-4103-9ca4-413c72af787e,The speaker says this exactly,,true,1,Correct audio interpretation,
0b248fc1-e0be-4e85-9510-ea0c7ab6f738,2026-04-02 03:56:05,2bb51f58-f3b9-4523-8413-7c7aafd2148b,Misses the context,,false,3,Does not answer the question,
0b267a9c-0608-48e1-9c48-578e53398448,2026-04-02 03:56:05,d16ce3ed-21ab-4acf-b3d5-6f4963f4ea01,Item C: English phrase,,true,3,Matches Vietnamese translation,pair_C
0b2d0f7e-66db-4986-ba8f-ac16b1e69eca,2026-04-02 03:56:05,858760b7-d289-4103-9ca4-413c72af787e,Sounds similar but different,,false,2,Similar pronunciation,
0b3d37d8-27e1-4c26-b909-49db69d25e20,2026-04-02 03:56:05,3223afbc-7d2e-4c6b-95a9-7bde26d7825d,Different part of speech,,false,3,Noun instead of verb,
0b3e8927-b904-46ff-bf54-99119b131e05,2026-04-02 03:56:05,87f51ef7-df1b-4188-b48d-1625e41ca080,True based on the passage,,true,1,Correct interpretation,
0b40186d-768f-4cc1-b690-6d840044dfa6,2026-04-02 03:56:05,ce2d8e1a-2172-45c7-9607-60ae775468cb,Related topic from audio,,false,3,Context related but not stated,
0b629b55-bafb-41d3-a9b9-31f306ce4c51,2026-04-02 03:56:05,6b8f8e4b-883d-41e0-a5ff-fd50c6d561a9,Partially true but incomplete,,false,4,Half-correct answer,
0b6b52fc-e8d5-482a-8b91-27fa6ab45435,2026-04-02 03:56:05,e2133f67-940f-4d2a-b37e-bf0eea9bfad7,Item B: English phrase,,true,2,Matches Vietnamese translation,pair_B
0b7cfad2-81bc-4cf5-8871-945ce0684f55,2026-04-02 03:56:05,6770c9f0-bff1-4668-8436-faafaf77575c,Different part of speech,,false,3,Noun instead of verb,
0bb61cea-8df4-4b3b-a0f7-f40c3fb580b0,2026-04-02 03:56:05,2a81b8e0-a112-45d5-9b87-03bbfb36cb75,Wrong verb tense,,false,2,"Same word, wrong form",
0bd79122-2730-4ca3-99f1-f62173f6be4c,2026-04-02 03:56:05,26f19697-c6f2-4416-aca2-ebb845e8637f,Opposite of what was said,,false,3,Inverted meaning,
0bdfff38-0515-4fb9-93ce-6a1fe82e3b89,2026-04-02 03:56:05,8f7dfc78-ae54-42c0-972c-18f5e2d9bcbb,Has spelling error,,false,2,Homophone confusion,
0be62389-33de-4716-b890-928d80279a51,2026-04-02 03:56:05,5a988c32-d406-4603-9e62-4dfbff6da0d7,Completely different,,false,4,Unrelated option,
0c0a0e10-9074-40f5-b7c4-593809b1c198,2026-04-02 03:56:05,910af6a8-2050-4853-892d-43ebd68af46a,Wrong verb tense,,false,2,"Same word, wrong form",
0c44e2b4-72bd-4ab7-80c2-8bf15bb9b4e8,2026-04-02 03:56:05,f232c412-f8cd-4001-bed3-780e865714ed,Sound-alike but wrong,,false,2,Phonetic confusion,
0c4f2ef7-61a5-49a8-9f8c-d172299c1092,2026-04-02 03:56:05,ebca5e66-307f-44d4-bb2c-b9bcb7dddf2d,English word translation,,true,1,Direct meaning from English,
0c864f5f-8ec4-436d-8344-1959c6050351,2026-04-02 03:56:05,c7e68e9b-27c3-4ed6-b546-2ac385a6716c,The speaker says this exactly,,true,1,Correct audio interpretation,
0c915851-4f77-4223-8d56-ca9c03622b1a,2026-04-02 03:56:05,99ea8f3b-dc79-4f74-aab8-86d5e36e3c34,Item B: English phrase,,true,2,Matches Vietnamese translation,pair_B
0ca07ddf-8d92-41a8-844d-07a22613b765,2026-04-02 03:56:05,09923e18-8b1a-4d97-8f55-5c48fb288a83,Common beginner mistake,,false,4,Typical error,
0cb17f40-adbd-4ef3-8282-0f8fee5733ca,2026-04-02 03:56:05,a4e75285-8fb7-4645-87a1-973a01a9dfb8,The correct word to fill,,true,1,Proper grammar and meaning,
0cbc7734-de1f-40e1-90ac-de7dab2af23f,2026-04-02 03:56:05,664b7dec-be70-45f2-87e8-b7755e13de15,Sound-alike but wrong,,false,2,Phonetic confusion,
0cd38325-0834-4b7f-9a9e-36a464ce6d29,2026-04-02 03:56:05,eb1ef3e9-2a6d-4597-b94d-20db61c7a1c4,Misses the context,,false,3,Does not answer the question,
0ce4d47e-2d38-454e-b09d-7ba0b7c6caf1,2026-04-02 03:56:05,2495eaa8-b6a3-429a-9373-d3563639fcd5,Sounds similar but different,,false,2,Similar pronunciation,
0d0ab8d3-85be-4043-ba02-753fb6171f95,2026-04-02 03:56:05,893f69ed-94e8-4e30-ad94-b98a43cba997,Item D: English phrase,,true,4,Matches Vietnamese translation,pair_D
0d0c2470-543e-4627-ae43-de10da1051b1,2026-04-02 03:56:05,20dfdc27-df6f-437d-ba37-775749b97be0,True based on the passage,,true,1,Correct interpretation,
0d0dd3ee-1d56-41be-b650-b63d27f3d3cc,2026-04-02 03:56:05,bbf0239c-cca0-4734-99b1-fd836e826e86,Sound-alike but wrong,,false,2,Phonetic confusion,
0d1bbfbc-4f3c-4766-b1c0-72d5f992a949,2026-04-02 03:56:05,d16ce3ed-21ab-4acf-b3d5-6f4963f4ea01,Item B: English phrase,,true,2,Matches Vietnamese translation,pair_B
0d39bd27-9cd6-4f40-8380-fc894e7826b7,2026-04-02 03:56:05,7a72343a-d4af-439f-9968-71c05fd0e1a1,Related topic from audio,,false,3,Context related but not stated,
0d46f99e-d3c7-441a-8989-e5995eb7208d,2026-04-02 03:56:05,4a936e66-f910-42a2-8d39-8a26100dbfea,Item A: English phrase,,true,1,Matches Vietnamese translation,pair_A
0d63eb73-d793-4378-ae0c-6ebc11deb996,2026-04-02 03:56:05,dddb00c0-e364-4a82-853e-25eb35b8fe74,Related topic from audio,,false,3,Context related but not stated,
0d6caf6c-60ab-4d98-aba2-922fcfd0c617,2026-04-02 03:56:05,6b05ebb1-cf41-48cf-af5d-94b56e6266aa,Correct sentence from audio,,true,1,Exactly as spoken,
0d79b259-773d-42c5-8926-89741611e572,2026-04-02 03:56:05,c08da966-28d3-4c88-887c-8b66d2ef8727,Similar sounding sentence,,false,3,Auditory similarity,
0d7e206a-b7e4-4111-9d4d-514db032eac7,2026-04-02 03:56:05,5e26a4ca-3ceb-45c4-a747-8c6a806d73c0,False: not mentioned in text,,false,2,Misunderstanding,
0d7e5483-02fe-443e-a8d0-94c354c488f9,2026-04-02 03:56:05,4c7fe20f-149d-4009-a60b-c443d8a331d0,Item D: English phrase,,true,4,Matches Vietnamese translation,pair_D
0d8c5141-2a5b-4a4b-803c-ceba69f59024,2026-04-02 03:56:05,9e4ba257-9f41-4717-9e45-41c601014524,Item B: English phrase,,true,2,Matches Vietnamese translation,pair_B
0d98c017-736b-4c4f-9807-c9add6b78210,2026-04-02 03:56:05,fe1f986b-89b5-4ab0-9dc9-aaa40463eb1f,Opposite meaning,,false,4,Antonym for this context,
0d9b06f2-cb24-4d79-9ec1-a3e44f1225e2,2026-04-02 03:56:05,dbd1f38f-99c6-4fb8-be52-0d1963abcfb5,Partially true but incomplete,,false,4,Half-correct answer,
0daa061c-a5f5-472e-b5ed-24e27edc8be6,2026-04-02 03:56:05,0922f178-7cc5-46a7-a34e-42356172957e,Sounds similar but different,,false,2,Similar pronunciation,
0dbf0acb-15f9-42ca-ab0b-6657a6fe1f9e,2026-04-02 03:56:05,1dfd9136-2a71-4f6b-aee6-8eccff6e500d,Correct sentence from audio,,true,1,Exactly as spoken,
0dd7b8aa-9d34-469f-9d3b-0142b5b6d926,2026-04-02 03:56:05,4749627e-35b7-43fc-8818-ca35939cc3c3,Misses the context,,false,3,Does not answer the question,
0dee3830-8db9-411e-becb-8ab3ac60f104,2026-04-02 03:56:05,4fa4ea9c-feb0-4fae-8816-b8cf4cfdbebb,Misses the context,,false,3,Does not answer the question,
0dfab62e-f469-42a3-aeea-98d49982b604,2026-04-02 03:56:05,4508ce2f-033a-4192-b752-3e8799e603bd,Opposite of what was said,,false,3,Inverted meaning,
0dff6e47-7161-46e0-8a61-f201ce6f736b,2026-04-02 03:56:05,b6dc100f-3fa5-4e07-b415-4a489f2b89a9,English word translation,,true,1,Direct meaning from English,
0e08cf49-2001-495f-baf4-aa2e56812db0,2026-04-02 03:56:05,b4b7310c-fca7-42d9-8632-aee38bf32e7f,Sounds similar but different,,false,2,Similar pronunciation,
0e0e0e69-e9c6-4996-acf7-00aed4ad9822,2026-04-02 03:56:05,c87c6b11-32d5-44a9-a585-9020e9ca9773,Similar sounding sentence,,false,3,Auditory similarity,
0e2483cb-5094-484f-963b-4a49424cca30,2026-04-02 03:56:05,e7e63666-b372-458b-9ef6-081ba65ec245,Common beginner mistake,,false,4,Typical error,
0e2fa0b1-f0af-480b-94e2-ff1b84fac310,2026-04-02 03:56:05,95b8c4b9-061d-46a8-9f14-1554a59107ac,Opposite meaning,,false,4,Antonym for this context,
0e44aa8f-c4a2-4c52-877e-97ff30e11016,2026-04-02 03:56:05,06205a05-f926-4a4d-a4f2-a9ea7b8437c2,Wrong verb tense,,false,2,"Same word, wrong form",
0e54ffcd-26ee-4026-98d2-f3ad6a693aa5,2026-04-02 03:56:05,b0b24549-1b28-491a-9bec-a8e8ecd2dc67,Impolite or rude tone,,false,4,Wrong register,
0e5d0e4e-380c-46a5-934a-5a89add846c8,2026-04-02 03:56:05,3e22cdfa-3d8c-439e-a19b-fcb2f650899b,Opposite of what was said,,false,3,Inverted meaning,
0e6fd9e5-90ee-4820-b273-49d3cd4ee431,2026-04-02 03:56:05,cc6ca6ad-796d-4743-9d96-0b8c67536ec2,English word translation,,true,1,Direct meaning from English,
0e8c1ee2-c942-4eb8-9c47-0f8f8c3bbc71,2026-04-02 03:56:05,c7cdb437-189d-4dff-9cb2-946449b266fc,Misses the context,,false,3,Does not answer the question,
0e9c5e4f-7881-415f-813c-cc1eddbd76f7,2026-04-02 03:56:05,2c9e8b8f-3c6b-4ba0-a3e1-34a4644c1714,Opposite meaning,,false,3,Antonym in Vietnamese,
0eacf55f-1461-48a6-add4-b4800fa54376,2026-04-02 03:56:05,49a2112f-3a68-4927-b768-b103084acdb5,Correct sentence from audio,,true,1,Exactly as spoken,
0ecdc8e5-8cae-4876-a613-e2bf4b77272f,2026-04-02 03:56:05,4095ee4d-a907-4424-832f-182969c71646,Opposite of what was said,,false,3,Inverted meaning,
0f200513-5568-4aad-9860-dc98a05ac770,2026-04-02 03:56:05,ebc95f9c-a47d-40c6-8e18-9c94da756db8,Impolite or rude tone,,false,4,Wrong register,
0f2befd5-6632-4edb-a010-6f60d5bfefd1,2026-04-02 03:56:05,835582ff-1c15-4212-b1a8-a29f48680283,Item C: English phrase,,true,3,Matches Vietnamese translation,pair_C
0f751db5-b532-4bd3-82cd-3d6a19618ca1,2026-04-02 03:56:05,51d223d8-a593-48a3-9bab-2a0aa86e194c,True based on the passage,,true,1,Correct interpretation,
0f805a8b-9e9b-4cc7-942f-3a1a2c22fc4f,2026-04-02 03:56:05,e3b6c098-0378-45e0-92d3-2204b2790eef,Impolite or rude tone,,false,4,Wrong register,
0f8284a7-2548-48e8-a34a-765abb804462,2026-04-02 03:56:05,f944769c-10c9-4c49-b129-648b1dcf2ea6,Item B: English phrase,,true,2,Matches Vietnamese translation,pair_B
0f8bcffc-4b3d-4d3d-8df7-ba968b859c2e,2026-04-02 03:56:05,de966134-6feb-4cbd-bf89-d2853cec93e5,Completely different,,false,4,Unrelated option,
0fdf8c5b-a766-4ac3-8259-8e391c3fc49d,2026-04-02 03:56:05,9770035b-c66e-4710-b9e1-166e45ef924c,Item D: English phrase,,true,4,Matches Vietnamese translation,pair_D
10184d24-bbbe-4955-ac1a-b2aaf4588598,2026-04-02 03:56:05,6de14a74-ea36-4518-a1dd-633c6b72b475,Completely different,,false,4,Unrelated option,
1035ffe2-ecaf-4487-a9de-9bf6372c29ce,2026-04-02 03:56:05,4e34ce6e-b712-48a2-b1ec-3187ba26e793,False: not mentioned in text,,false,2,Misunderstanding,
104251dd-23ef-438e-aca2-55dbd2e67546,2026-04-02 03:56:05,45acc713-4b33-400f-afd6-6e7a3996688e,Item D: English phrase,,true,4,Matches Vietnamese translation,pair_D
1067302e-cced-4551-896d-981b7c851bb1,2026-04-02 03:56:05,b19e3a42-0203-4c4f-84d9-f8a34bf0bc5b,Similar sounding sentence,,false,3,Auditory similarity,
106c6805-1aea-4beb-b804-a0884e975ca2,2026-04-02 03:56:05,27b07666-c280-4ef7-aba1-8558fab15f6b,Natural and appropriate response,,true,1,Fits conversation flow,
10915a9a-88a6-4387-b42d-d7b224eea846,2026-04-02 03:56:05,fd0feeda-6274-4322-ba91-658a071b40ef,The correct word to fill,,true,1,Proper grammar and meaning,
10d52e00-e442-4e57-a8d5-59142da8e202,2026-04-02 03:56:05,73be686d-c5ca-497e-a87c-2d2fdcae20b1,Misses the context,,false,3,Does not answer the question,
10f28ea8-e410-498e-ae91-60071ee03366,2026-04-02 03:56:05,f232c412-f8cd-4001-bed3-780e865714ed,English word translation,,true,1,Direct meaning from English,
11006736-e8c9-4739-aeef-d1627cc6018c,2026-04-02 03:56:05,134bf3eb-1009-48ef-8a4a-a7368ec30c69,Impolite or rude tone,,false,4,Wrong register,
111fc0ed-3687-4a5b-aeba-1b04a20124fd,2026-04-02 03:56:05,3f1b6de5-7a95-4430-9a02-9eff76b3b5bd,Grammatically incorrect,,false,2,Unnatural phrasing,
118257b3-a60d-42de-966c-e19c78480dbb,2026-04-02 03:56:05,4cf2edf9-1a48-4ce9-b334-64d94cf0e02e,Impolite or rude tone,,false,4,Wrong register,
1183b8cc-088f-4aa8-a580-9761ad1ce82e,2026-04-02 03:56:05,69d6f345-5dd3-4272-8988-c30be9a2daf6,Grammatically incorrect,,false,2,Unnatural phrasing,
11988bc1-d0d2-485e-bf82-d8c8701a135d,2026-04-02 03:56:05,0b5b188f-f231-4006-a983-6cc983fc044d,Opposite meaning,,false,3,Antonym in Vietnamese,
119dfd0b-a2c6-4695-bd79-976a686e8667,2026-04-02 03:56:05,1cef9a80-285b-4f31-8cea-84a51b8d582d,False: not mentioned in text,,false,2,Misunderstanding,
11bbb3d4-3a0d-4f84-bd64-505200398e94,2026-04-02 03:56:05,513e7ba5-cb38-4ef9-829f-7f62a7087d9d,Opposite meaning,,false,3,Antonym in Vietnamese,
11d1bc61-b265-4cfc-b4c3-63fef87775d0,2026-04-02 03:56:05,deef6e16-552b-4a00-a6b9-dad233eb433d,Sounds similar but different,,false,2,Similar pronunciation,
11ec7bef-5bbd-4d57-aba1-26387ee65ee3,2026-04-02 03:56:05,fbe88a6b-03df-4c63-9789-dca0ec12bb40,Opposite meaning,,false,4,Antonym for this context,
121041b0-f689-409d-a216-cd3af8057120,2026-04-02 03:56:05,4395f1f2-a5ac-40ec-865e-452b76e1a750,Natural and appropriate response,,true,1,Fits conversation flow,
1210a061-28a5-4ad2-8146-a5569b7fa892,2026-04-02 03:56:05,7c90898c-3b28-427b-8131-9a256d65ae29,Completely different sentence,,false,4,Wrong transcription,
1222adb9-8f1c-4bc5-9737-469f2d3fdb8b,2026-04-02 03:56:05,637e364c-e6f6-45cb-8625-dde2227daa6d,Common beginner mistake,,false,4,Typical error,
1231829a-b9b8-4582-ab97-614d84acf933,2026-04-02 03:56:05,a044ce1b-72b4-422e-80ca-245e8905c112,Related topic from audio,,false,3,Context related but not stated,
12531972-3109-492a-8b8f-41cd75e5aaba,2026-04-02 03:56:05,4e803978-faff-4c65-8250-73f4975a7441,Opposite meaning,,false,3,Antonym in Vietnamese,
1258503a-919f-4bac-b632-c2a70395a78e,2026-04-02 03:56:05,4e7ff9c9-a5d6-4852-9543-7fefae8761ae,The speaker says this exactly,,true,1,Correct audio interpretation,
12a46a11-255a-463a-90d2-6274ad4184cd,2026-04-02 03:56:05,8f426d31-122b-4f42-bc01-c8470ba0d3bb,Partially true but incomplete,,false,4,Half-correct answer,
12ba8ade-406e-485c-b815-a728cfaa2c78,2026-04-02 03:56:05,f79bf0c8-986f-40a4-9327-9bf80e7f8649,Completely different sentence,,false,4,Wrong transcription,
12c144f9-0bff-41dd-8810-83cf96ad696a,2026-04-02 03:56:05,bc05cf7e-bdd8-4e46-8f52-1c84297b26ad,Different part of speech,,false,3,Noun instead of verb,
12c9811c-e7d4-4c6e-9769-844bfd24b59c,2026-04-02 03:56:05,664b7dec-be70-45f2-87e8-b7755e13de15,Opposite meaning,,false,3,Antonym in Vietnamese,
12fdab95-784f-4403-a31b-d33cfdb0314f,2026-04-02 03:56:05,a18a570f-31e6-48f6-b6c6-4619ba8c8d54,Item A: English phrase,,true,1,Matches Vietnamese translation,pair_A
12ff5e86-5249-4317-ae67-a0c7724c7e5b,2026-04-02 03:56:05,ef206911-6154-4d9c-bd21-ceaf8b501f8e,The correct word to fill,,true,1,Proper grammar and meaning,
131f61bc-9914-47d8-a52e-0624bceb4a4d,2026-04-02 03:56:05,4e84a37c-da02-4f06-8c2e-47113c67a658,Sounds similar but different,,false,2,Similar pronunciation,
1338045f-8df5-4d68-adf5-cd1858463f12,2026-04-02 03:56:05,486b4790-4d23-46d8-a475-4313c3ed6952,Item D: English phrase,,true,4,Matches Vietnamese translation,pair_D
135667ad-09b6-4761-bb08-a5225dd017fc,2026-04-02 03:56:05,a3a6ca8e-394f-427a-8d44-d2f499b89648,Partially true but incomplete,,false,4,Half-correct answer,
1373ee7d-34cb-429b-8fda-29d5284470fd,2026-04-02 03:56:05,dc22c061-9411-433e-bd49-933e4445456f,False: not mentioned in text,,false,2,Misunderstanding,
13758744-43be-42a5-aa6e-7d51f9e0c46f,2026-04-02 03:56:05,6c734fa0-28cd-457f-81f9-213e4ac8aa63,The correct word to fill,,true,1,Proper grammar and meaning,
1392541b-b5e7-4d1d-9f2d-53b048676d1f,2026-04-02 03:56:05,db041796-25cf-42e3-ab9f-9f1f01706c97,The speaker says this exactly,,true,1,Correct audio interpretation,
1394dfdc-5777-4ac3-8bb2-3783d02812ec,2026-04-02 03:56:05,54661e1f-96e2-41ea-bda2-6f43c5004992,Different part of speech,,false,3,Noun instead of verb,
13af089b-8cfd-47d1-b982-ddb2adf2c556,2026-04-02 03:56:05,24d9b4c4-6a8f-46bf-80b7-da3eaad4ac63,The speaker says this exactly,,true,1,Correct audio interpretation,
13cd37d1-073b-4720-b6cd-45fad727a633,2026-04-02 03:56:05,61586d11-1e42-4981-afb0-3c02a0924b11,Item A: English phrase,,true,1,Matches Vietnamese translation,pair_A
13e606ab-6ae4-4953-97d2-43db9499c665,2026-04-02 03:56:05,8abddce3-0c35-4d7c-ab35-4d0729703418,English word translation,,true,1,Direct meaning from English,
13eea6ef-89b0-4567-8b15-bc619075dfbc,2026-04-02 03:56:05,20b4a378-33e1-4310-924e-bdd4523e5f19,Item D: English phrase,,true,4,Matches Vietnamese translation,pair_D
1409d081-c32d-4c17-b058-a32ce1b383d8,2026-04-02 03:56:05,2f893030-7961-4a6f-a582-c0eacd9164de,The correct word to fill,,true,1,Proper grammar and meaning,
1425fe52-6b2d-402f-839d-795cc5f7ae74,2026-04-02 03:56:05,a4e75285-8fb7-4645-87a1-973a01a9dfb8,Different part of speech,,false,3,Noun instead of verb,
142a467b-6aa8-4830-8e6f-3fdfa10b9dea,2026-04-02 03:56:05,a17ca0aa-c977-46cf-8c1a-af914f2d6fdb,Misses the context,,false,3,Does not answer the question,
14492672-2a25-4002-aeb3-1b49623b9ac0,2026-04-02 03:56:05,d7d9241e-8902-481b-9c29-b1057227e264,Common beginner mistake,,false,4,Typical error,
145277c3-21c7-4e98-975f-54c4d045a318,2026-04-02 03:56:05,1c3b1cd0-e758-45be-b5f1-2b7943f75c10,The speaker says this exactly,,true,1,Correct audio interpretation,
149a3672-3311-47ca-a1e8-2f989c8e3f7d,2026-04-02 03:56:05,a76223c9-23f0-422b-8caf-59b408f4a233,True based on the passage,,true,1,Correct interpretation,
14aa86cd-2247-4593-aae4-5a3dfa8d607e,2026-04-02 03:56:05,5a34729f-500c-492b-9dd4-7849d0357f8f,Opposite of what was said,,false,3,Inverted meaning,
14ae344b-df2a-4d2e-bad8-691d915336cb,2026-04-02 03:56:05,97098821-fa70-4be5-8958-09d63f833715,Common beginner mistake,,false,4,Typical error,
14b5b3a1-0561-4b0d-9896-3ae72a5324b0,2026-04-02 03:56:05,67480ddb-4cf8-4d69-aaf4-b2df19683c80,False: not mentioned in text,,false,2,Misunderstanding,
14c6f7db-647f-4dbb-8012-8891592d52c0,2026-04-02 03:56:05,c94e1672-a66e-41f7-86e4-9ce013161b88,The correct word to fill,,true,1,Proper grammar and meaning,
14e5ccc8-17c5-4461-9d59-f4967d8c16ec,2026-04-02 03:56:05,9ab3a09b-e66d-41cd-9a47-3b1e23ba679c,Item C: English phrase,,true,3,Matches Vietnamese translation,pair_C
14e7f60f-13f0-4fb9-8d7f-5ba19f3b2cf3,2026-04-02 03:56:05,d441dda2-66b1-4207-9fdf-befcac3ed510,Natural and appropriate response,,true,1,Fits conversation flow,
14f61174-b0ed-4ce9-b835-d78d57dd5a6b,2026-04-02 03:56:05,aeeb7b1f-a10e-4704-bc2a-7b8b22da1b85,Item B: English phrase,,true,2,Matches Vietnamese translation,pair_B
14fc0cd1-893b-43ba-991d-065426afc6b0,2026-04-02 03:56:05,3595c2f4-b7e0-4750-98a2-f35a34e29b6d,Item C: English phrase,,true,3,Matches Vietnamese translation,pair_C
1586f030-85d2-4235-b80b-83e7aa129ec0,2026-04-02 03:56:05,b8b8d6c6-3464-4183-a618-ee5fea4c33a5,Wrong verb tense,,false,2,"Same word, wrong form",
158a9833-18fa-4da9-b534-0ec7140b3e68,2026-04-02 03:56:05,d81f294c-60c5-4a37-bc18-1527137941d9,Natural and appropriate response,,true,1,Fits conversation flow,
159ac1b5-c99b-41ea-aaf0-ffa98573ef50,2026-04-02 03:56:05,bbf0239c-cca0-4734-99b1-fd836e826e86,Common beginner mistake,,false,4,Typical error,
15e9841c-f93c-48a8-87fa-519c97513938,2026-04-02 03:56:05,2c43a83a-7eef-472b-b2ab-22c270b99452,The speaker says this exactly,,true,1,Correct audio interpretation,
15f4d0fb-2cff-4288-8235-d0bb6238a9ca,2026-04-02 03:56:05,1be8863e-e823-49df-8e44-68c9b8c8f167,Related topic from audio,,false,3,Context related but not stated,
16058287-2b1f-4931-9cfd-a17b600d29af,2026-04-02 03:56:05,517538f0-d4c3-4b25-b9a6-0d3262e4e462,Misses the context,,false,3,Does not answer the question,
160c8a14-a693-4713-acef-f5203f026650,2026-04-02 03:56:05,14aec51b-d7cb-4c89-a01f-3b69d5378dd8,Sound-alike but wrong,,false,2,Phonetic confusion,
1639fbe7-7249-4b96-931e-b917e9756e6f,2026-04-02 03:56:05,31dc2bfe-233a-42dc-ae15-203763c3e732,English word translation,,true,1,Direct meaning from English,
1649f4c3-a4c5-4d24-ad19-ffc578e20d98,2026-04-02 03:56:05,1be8863e-e823-49df-8e44-68c9b8c8f167,The speaker says this exactly,,true,1,Correct audio interpretation,
1671b924-8b85-4278-a2dd-73b603a04b50,2026-04-02 03:56:05,7c90898c-3b28-427b-8131-9a256d65ae29,Correct sentence from audio,,true,1,Exactly as spoken,
167402ac-1313-4097-a33e-6dc58154b36d,2026-04-02 03:56:05,cd3069c9-b8dc-4fed-9428-3cea46b9bb31,Similar sounding sentence,,false,3,Auditory similarity,
167b559e-8cf3-4fbd-818e-27d3d9586c3c,2026-04-02 03:56:05,b19e3a42-0203-4c4f-84d9-f8a34bf0bc5b,Has spelling error,,false,2,Homophone confusion,
16b066bb-ada9-4c09-93c7-5012b6b45ed6,2026-04-02 03:56:05,8c38fcca-c84f-470f-8af2-eeb1f40e386b,The correct word to fill,,true,1,Proper grammar and meaning,
16f23731-206c-44e4-8854-0c9f5ba68986,2026-04-02 03:56:05,1fd2eab3-b142-41fa-a6d1-66d0ab0a7fe1,English word translation,,true,1,Direct meaning from English,
170ad00b-bb8f-4a3b-9dae-328944cdc5aa,2026-04-02 03:56:05,2066b4d2-5306-4c33-aa5d-7ba172bec155,Opposite meaning,,false,4,Antonym for this context,
1721a9f7-cdfb-4510-bca5-ffa3f5cbb144,2026-04-02 03:56:05,aa8d8455-9c8d-4ef5-a41a-c6c576cbe86b,Sound-alike but wrong,,false,2,Phonetic confusion,
17256483-2dba-44f2-9f1f-6f95d8b62202,2026-04-02 03:56:05,cef1455f-27d8-4092-b5c1-90fcbce1161a,False: not mentioned in text,,false,2,Misunderstanding,
17304489-1049-4900-bd8a-eba4c989a0c0,2026-04-02 03:56:05,524ce367-fc2a-496e-af36-ad0b45a323e9,The correct word to fill,,true,1,Proper grammar and meaning,
17351110-c30b-41a4-8c29-dcfb5ff84aed,2026-04-02 03:56:05,4afaa4c6-cce7-4b94-be11-69efbaa11dc0,Different part of speech,,false,3,Noun instead of verb,
17441cf1-ef48-4580-abef-4cc0deb7733c,2026-04-02 03:56:05,53f06b75-9cf4-4f93-927b-b48bafce71ec,True based on the passage,,true,1,Correct interpretation,
1746a932-8d09-4990-b477-e69219054cc2,2026-04-02 03:56:05,bc08d346-1fe2-46eb-b12a-af047dc5aadf,Common beginner mistake,,false,4,Typical error,
1779866c-c162-46dc-8431-abb709922216,2026-04-02 03:56:05,1bd9caf9-843a-4c4c-bdd7-20dee56b5c90,Misses the context,,false,3,Does not answer the question,
17b532a0-a3b0-4345-9fdd-f728d87fecb8,2026-04-02 03:56:05,fbf62921-058f-42b2-a5dd-5e395ebe2ab7,Similar sounding sentence,,false,3,Auditory similarity,
180af444-28d9-4a07-83b3-74c64c0cadf2,2026-04-02 03:56:05,fd3a2eee-17eb-4403-aef7-cfef4e941e1b,The speaker says this exactly,,true,1,Correct audio interpretation,
181d8bd0-9555-4edc-919d-a1b252df2210,2026-04-02 03:56:05,11040287-752b-4512-b683-4f240d088721,Similar sounding sentence,,false,3,Auditory similarity,
185146ba-205d-4f5d-9216-9f5f1545bfb1,2026-04-02 03:56:05,1fd2eab3-b142-41fa-a6d1-66d0ab0a7fe1,Common beginner mistake,,false,4,Typical error,
1858c2f1-ee42-4cfb-bef2-a102369479f5,2026-04-02 03:56:05,64f68b36-3723-48af-b5d9-b666976017c9,Has spelling error,,false,2,Homophone confusion,
185e61c9-21d9-4f67-b48c-39c1b337db85,2026-04-02 03:56:05,c68e549c-3dd7-4cf7-b0b3-29817f81c5e1,True based on the passage,,true,1,Correct interpretation,
1867f690-4e77-4584-a9d2-c8ebdaaf6176,2026-04-02 03:56:05,bebefd06-58b0-4ca8-8cd9-509a35bc9f4a,Impolite or rude tone,,false,4,Wrong register,
18692312-bb01-41f5-a164-3de7c5e9a7d4,2026-04-02 03:56:05,db90c799-0ddd-41d3-95bc-92b23f61fc89,English word translation,,true,1,Direct meaning from English,
187b5580-0e44-47fa-b2ae-99e1c653e651,2026-04-02 03:56:05,9106d63a-b922-4459-b322-749303731ae3,Opposite meaning,,false,4,Antonym for this context,
188bb079-ab99-485e-a332-396d10048e5d,2026-04-02 03:56:05,faf47169-7749-4488-8084-aff4e2179b45,Grammatically incorrect,,false,2,Unnatural phrasing,
189f28e9-4575-42dc-a460-168ee8bb7e37,2026-04-02 03:56:05,44a8edb1-0cda-483c-94e3-df58c74349de,English word translation,,true,1,Direct meaning from English,
18afbd94-6c3f-4cf6-aeae-22ddfa8fc4ea,2026-04-02 03:56:05,7f7bb9cd-8c7d-410e-9444-a790d580b6be,Misses the context,,false,3,Does not answer the question,
18b2b171-a97d-490c-92ce-b0fd926d34ed,2026-04-02 03:56:05,342899b9-dc34-4f28-a79f-d956afdea771,Common beginner mistake,,false,4,Typical error,
18b46195-be2e-4991-afea-5e85cb463aae,2026-04-02 03:56:05,0ce7b89c-44d9-4a93-a763-fedb738680b0,The correct word to fill,,true,1,Proper grammar and meaning,
18b98690-79dd-4428-bcf3-130fdb8a6f07,2026-04-02 03:56:05,a044ce1b-72b4-422e-80ca-245e8905c112,Completely different,,false,4,Unrelated option,
18be87e5-53ab-4d8e-afb6-3da2b389b574,2026-04-02 03:56:05,b721193e-05de-46f1-b9bd-fea599b2f5f2,Common beginner mistake,,false,4,Typical error,
18dac1b8-a48e-455e-a8ea-cef395641329,2026-04-02 03:56:05,5a5986d2-5123-4411-ac0b-11c280404eaa,Item D: English phrase,,true,4,Matches Vietnamese translation,pair_D
18f69059-a9ff-4176-9005-52bdb5bc575b,2026-04-02 03:56:05,dc5b4fcb-6a76-4b8b-86a1-6a2a0a6e4c66,The speaker says this exactly,,true,1,Correct audio interpretation,
19204911-1afb-4fb5-b5a3-24e0667e7272,2026-04-02 03:56:05,290bb855-042b-44a4-b846-8a23b845aad5,Related topic from audio,,false,3,Context related but not stated,
19210fc8-04fd-45c5-a6f7-6e2fede95c01,2026-04-02 03:56:05,a3e41dcd-5848-437d-932c-79f633bd9b53,Item C: English phrase,,true,3,Matches Vietnamese translation,pair_C
19340232-806c-4f21-9924-735cec5ee470,2026-04-02 03:56:05,d441dda2-66b1-4207-9fdf-befcac3ed510,Impolite or rude tone,,false,4,Wrong register,
19437a27-a084-4682-b26f-2faf5fcba507,2026-04-02 03:56:05,1fabd10c-6077-495c-883c-d9a9647491fd,Different part of speech,,false,3,Noun instead of verb,
1946330e-51fe-4e8d-881e-fdaff9989b4f,2026-04-02 03:56:05,ad215b43-6b46-4e68-9392-c118e423fc62,Opposite meaning,,false,4,Antonym for this context,
19861be2-6c9b-4d90-940a-ea51e134ba99,2026-04-02 03:56:05,f6be5ab8-c480-4d13-b821-df623d1f7655,Item B: English phrase,,true,2,Matches Vietnamese translation,pair_B
19b06d5c-b961-4c36-89c0-68585c4aed9b,2026-04-02 03:56:05,445c5dce-7af7-4946-9636-8cd2c5b00616,Opposite meaning,,false,4,Antonym for this context,
19c99ee0-c91f-4650-9b84-444fccfec7cb,2026-04-02 03:56:05,517538f0-d4c3-4b25-b9a6-0d3262e4e462,Impolite or rude tone,,false,4,Wrong register,
19d880a4-b263-4783-b970-f7fbe8b0ae9e,2026-04-02 03:56:05,4bf4bdf4-4a01-4201-b356-c322a9df6336,Opposite meaning,,false,4,Antonym for this context,
19fe9054-d57a-43eb-9733-691b3a78f439,2026-04-02 03:56:05,6ce2e7b5-afad-4a18-baee-49c8692c23bf,False: not mentioned in text,,false,2,Misunderstanding,
1a081079-b134-4178-8f8d-c07536449af1,2026-04-02 03:56:05,e0b782d1-1751-4c31-848e-950622918716,Misses the context,,false,3,Does not answer the question,
1a2c1985-d77d-41a3-ab10-7e939d84bc1e,2026-04-02 03:56:05,21fe5591-b311-41cf-94a7-b9ee1a9c1651,Sound-alike but wrong,,false,2,Phonetic confusion,
1a45d8c5-57c4-4f30-9c3d-5ba03621afbe,2026-04-02 03:56:05,13be727d-e542-4084-a6ec-fb0bb46bf4bd,Wrong verb tense,,false,2,"Same word, wrong form",
1a468af0-277f-42a2-9a7b-12380d17a02a,2026-04-02 03:56:05,b8acff6b-dc2d-4e03-b946-e70614f9ae53,Related topic from audio,,false,3,Context related but not stated,
1a5d32d2-a1e6-4572-9ced-0069a4d2bc14,2026-04-02 03:56:05,6683897f-ac1f-43ec-a837-dbdd3ce02d99,English word translation,,true,1,Direct meaning from English,
1a5ee126-905b-4d29-8b6b-452d8aa12ea8,2026-04-02 03:56:05,c2f1ca03-e682-4bff-9c2f-90da518138fc,Completely different sentence,,false,4,Wrong transcription,
1a686c35-9d80-4df8-b4c9-244a35038a76,2026-04-02 03:56:05,1b775e46-c7bc-4dae-af4c-d4c1ffd05eff,Item B: English phrase,,true,2,Matches Vietnamese translation,pair_B
1a730284-6074-47f7-ad4d-fa08f7e5cb5c,2026-04-02 03:56:05,1b20762e-2138-4cac-accf-e82808e39c10,Item A: English phrase,,true,1,Matches Vietnamese translation,pair_A
1a8f39f6-00c5-4e35-a98c-9018bcc57187,2026-04-02 03:56:05,3ce3471b-daaa-474f-be66-9a92d15b0235,Common beginner mistake,,false,4,Typical error,
1abae63a-fbe2-440a-b83e-ff976ff75683,2026-04-02 03:56:05,54c69cef-5b19-4b7b-b17a-c6123685e233,Common beginner mistake,,false,4,Typical error,
1abbc90a-4afb-4cb2-9b40-d85e1b5b34d8,2026-04-02 03:56:05,cef1455f-27d8-4092-b5c1-90fcbce1161a,True based on the passage,,true,1,Correct interpretation,
1ac1bf65-16fb-4c4c-a92a-321b7a9ebb27,2026-04-02 03:56:05,71af1b31-9294-4e51-9523-7d85b25040f3,Impolite or rude tone,,false,4,Wrong register,
1aee504c-7424-403a-b7cb-3b3f1e17c2bd,2026-04-02 03:56:05,151643e8-faa9-4a15-969e-b0a89429854d,Item D: English phrase,,true,4,Matches Vietnamese translation,pair_D
1b12c3d3-0dd8-4d95-98e3-79ff20484649,2026-04-02 03:56:05,cc391bbe-94a0-46f8-9587-e586137ac5b8,The speaker says this exactly,,true,1,Correct audio interpretation,
1b3ed339-7c0e-4949-ab6d-e15fb6f84cd9,2026-04-02 03:56:05,f588029a-a55e-4cf8-afbd-095ff87a1985,Grammatically incorrect,,false,2,Unnatural phrasing,
1b42e745-5c1f-4833-9c59-182fb0f92594,2026-04-02 03:56:05,2f0cf87b-46d0-4d0e-b0e1-1b481a9ba19b,Grammatically incorrect,,false,2,Unnatural phrasing,
1b51bd63-7994-4147-aa15-307ef373b306,2026-04-02 03:56:05,bd323f38-0d71-423e-8097-8d0dbc177d58,Wrong verb tense,,false,2,"Same word, wrong form",
1b6fb5bd-5a4d-44fb-ba49-04600f48f7ba,2026-04-02 03:56:05,dca98b1a-d710-4717-836c-65ef044c029b,Opposite of what was said,,false,3,Inverted meaning,
1b9446d0-6c5e-4853-b23f-19e5d06ebc38,2026-04-02 03:56:05,842abd3f-6c92-476c-aba0-24f8159e4728,English word translation,,true,1,Direct meaning from English,
1b99cf2a-89a2-46d9-b59f-0dcba111b706,2026-04-02 03:56:05,f5de2f9e-26da-42c0-83dc-591c98f4e176,Related topic from audio,,false,3,Context related but not stated,
1ba6bb04-e517-4a4b-8099-820359813e58,2026-04-02 03:56:05,96530eae-2ccf-4708-aa59-ecb3976c56e1,The speaker says this exactly,,true,1,Correct audio interpretation,
1bc65c31-2f99-4472-bf76-3818dd8b41ab,2026-04-02 03:56:05,3c961845-df4d-49b0-b5d8-805fc05128d5,Correct sentence from audio,,true,1,Exactly as spoken,
1bc67e39-087c-46bd-99e4-abee4db07de7,2026-04-02 03:56:05,5baed125-cae7-4213-a34e-cc26d8cb1289,Partially true but incomplete,,false,4,Half-correct answer,
1be78041-2b3d-4d70-ad53-6a69813a1302,2026-04-02 03:56:05,1bd9caf9-843a-4c4c-bdd7-20dee56b5c90,Grammatically incorrect,,false,2,Unnatural phrasing,
1bef34a1-402a-43a2-b64a-337bd6ae4ef9,2026-04-02 03:56:05,fbe88a6b-03df-4c63-9789-dca0ec12bb40,Wrong verb tense,,false,2,"Same word, wrong form",
1c13928c-0dd6-4347-b7a6-d23c3d6a5c8b,2026-04-02 03:56:05,a40acdbc-4835-4e07-8565-dbf0e837e4aa,Correct sentence from audio,,true,1,Exactly as spoken,
1c15dff0-6e6f-472e-b89f-96378fbd9f44,2026-04-02 03:56:05,be57da9d-3632-4ed1-952a-ac44cc4ce5a2,Opposite of what was said,,false,3,Inverted meaning,
1c78e9af-b7c6-4e79-9119-102066cf64e1,2026-04-02 03:56:05,6f7a6ad0-ad9b-4c1b-a815-b3733c9ca14b,The correct word to fill,,true,1,Proper grammar and meaning,
1c817a10-2808-41f6-8197-ea95531963fb,2026-04-02 03:56:05,f1716aa4-c466-42cc-8c4e-1278b2c15bc7,Impolite or rude tone,,false,4,Wrong register,
1c88af39-5dc9-4031-a3b7-10e9b61e0097,2026-04-02 03:56:05,0686bc45-d2d2-4f3b-9dff-ef349b3b8174,The correct word to fill,,true,1,Proper grammar and meaning,
1c8f0ebf-2345-4e3c-9de9-fb76ab580a6d,2026-04-02 03:56:05,cb0a40db-bb4d-4ab6-bf13-05fc298f915b,Common beginner mistake,,false,4,Typical error,
1c96da26-3b1c-4c7d-a66f-519cb3a84c8e,2026-04-02 03:56:05,71104fc0-17ea-47e3-89de-b2e8a7cc917b,Opposite meaning,,false,3,Antonym in Vietnamese,
1c99137c-1df8-4028-aaec-c669a4fc14b4,2026-04-02 03:56:05,224ed780-66c2-4b41-b977-7aeacc5327a3,Has spelling error,,false,2,Homophone confusion,
1cbabe2b-172e-4d21-a0ba-f75936b406c2,2026-04-02 03:56:05,6c734fa0-28cd-457f-81f9-213e4ac8aa63,Different part of speech,,false,3,Noun instead of verb,
1cd79ace-666b-4ef3-8c02-201b29d8ac03,2026-04-02 03:56:05,48b1d7ea-460c-41d7-a745-c703fa9bbada,Item A: English phrase,,true,1,Matches Vietnamese translation,pair_A
1cdea266-5b8e-46ed-af3b-597ba93162ed,2026-04-02 03:56:05,e832525a-dd6a-4dd4-9464-0a047184c746,Item A: English phrase,,true,1,Matches Vietnamese translation,pair_A
1d08d6fe-287e-4762-b82f-d03d6281f8a0,2026-04-02 03:56:05,1016b830-420f-4648-b053-61ec09142118,Different part of speech,,false,3,Noun instead of verb,
1d118742-d6e3-4c3d-9875-06440a9c01b5,2026-04-02 03:56:05,d76ab1ca-4640-4435-8eca-901d8f6ffbbb,Item B: English phrase,,true,2,Matches Vietnamese translation,pair_B
1d15fbc9-60a0-4934-b302-a7f8613ad6c4,2026-04-02 03:56:05,d906efbe-4248-47a9-990a-da2f2d910c2f,The speaker says this exactly,,true,1,Correct audio interpretation,
1d281862-2264-4b66-bf76-0dbf4799ad6e,2026-04-02 03:56:05,11040287-752b-4512-b683-4f240d088721,Correct sentence from audio,,true,1,Exactly as spoken,
1d29fc39-50d2-480a-aca2-994be6346b3d,2026-04-02 03:56:05,5b18ee1a-eccd-4dda-9af6-7f3695154288,Correct sentence from audio,,true,1,Exactly as spoken,
1d6d0a16-d621-4350-8670-7a9160a9e4da,2026-04-02 03:56:05,38cce009-909c-4434-a4d5-bffb98e35f96,Correct sentence from audio,,true,1,Exactly as spoken,
1d9bf094-3e8f-4893-a3b7-9628d93b6c61,2026-04-02 03:56:05,6d70cdd3-146f-4228-a242-14fd4663c850,Different part of speech,,false,3,Noun instead of verb,
1dab1b15-3162-473a-870c-9ff71d4b9ad3,2026-04-02 03:56:05,66b42be4-b6b7-4d44-ad57-1e3c62100fd7,Partially true but incomplete,,false,4,Half-correct answer,
1db4bcde-329c-4ffe-9e8a-373d37444e0a,2026-04-02 03:56:05,e73d7a03-08db-49c7-9bad-1b42187ad768,Wrong verb tense,,false,2,"Same word, wrong form",
1dc0aae4-e984-41da-87db-2af5fa86729a,2026-04-02 03:56:05,77120382-fbec-403f-b3d4-b8ff93ad4a02,Wrong verb tense,,false,2,"Same word, wrong form",
1dc5b2f3-37ac-49c9-b9cf-b27f4d6f2277,2026-04-02 03:56:05,858760b7-d289-4103-9ca4-413c72af787e,Related topic from audio,,false,3,Context related but not stated,
1dcd47db-001b-4076-8976-7a40f3b3d58f,2026-04-02 03:56:05,e67f76ee-5b86-431a-97cc-b0be13a5a283,Sound-alike but wrong,,false,2,Phonetic confusion,
1ddbd288-c804-4484-97b0-4158a37833a2,2026-04-02 03:56:05,acf9cdc9-03ff-4232-b4c2-74a832764942,Wrong verb tense,,false,2,"Same word, wrong form",
1de29e72-c68d-4b44-8d19-25106a2d89c7,2026-04-02 03:56:05,957a716a-1dc4-4b3b-bd7d-16e44442e7bb,Impolite or rude tone,,false,4,Wrong register,
1deb0d54-5605-4e43-adee-8f1148bf1d78,2026-04-02 03:56:05,f0a32686-bf96-47e7-a665-eebddd783f3a,Related topic from audio,,false,3,Context related but not stated,
1e056d06-2245-411b-a2c7-8c783bef01f9,2026-04-02 03:56:05,7f54c712-6a5a-4705-9d77-c7e39f72b2b9,English word translation,,true,1,Direct meaning from English,
1e2c774e-a291-4d49-b241-50f667bd5520,2026-04-02 03:56:05,6688cd95-4019-4c8f-bda9-625beed02e7f,Item A: English phrase,,true,1,Matches Vietnamese translation,pair_A
1e378062-d3ff-4f1f-9c90-c9691c8ad0cc,2026-04-02 03:56:05,560c2894-818e-4605-be6f-0bd75ce9f4f3,True based on the passage,,true,1,Correct interpretation,
1e4583b9-d6d6-4954-90a7-efc05d7802bb,2026-04-02 03:56:05,e7814f70-b76f-4fde-a11f-1e6aa748931d,Related topic from audio,,false,3,Context related but not stated,
1e5471ed-6c59-4306-962e-73a4d813eb8a,2026-04-02 03:56:05,d7d516bd-7bc9-4713-9ae2-cb9983a1177d,Item A: English phrase,,true,1,Matches Vietnamese translation,pair_A
1e5eab3d-8e4a-496c-9302-ef40414c5c41,2026-04-02 03:56:05,bbf0239c-cca0-4734-99b1-fd836e826e86,English word translation,,true,1,Direct meaning from English,
1e6038b8-7661-4483-8926-cc7b8d6788ac,2026-04-02 03:56:05,a2a12736-ec00-4a07-a9ed-5a73d435fdd9,Sound-alike but wrong,,false,2,Phonetic confusion,
1e64692c-8b29-46f6-8a73-3b02dc4c2395,2026-04-02 03:56:05,e608253c-3b27-4df4-88f3-6a7aaff3e72a,Sound-alike but wrong,,false,2,Phonetic confusion,
1e728b89-f812-4852-ae6f-9d974f881e0d,2026-04-02 03:56:05,5a988c32-d406-4603-9e62-4dfbff6da0d7,Sounds similar but different,,false,2,Similar pronunciation,
1e8e3ddd-7066-41ed-ad92-bedc0cbf14f8,2026-04-02 03:56:05,aa70bc3c-766f-40d0-bf64-9198c05bec42,Sounds similar but different,,false,2,Similar pronunciation,
1ea755f9-6a2e-46df-ab73-a992d92d9ca6,2026-04-02 03:56:05,5cd1c10d-8c71-4459-b065-a1ffcc9cf6d7,Opposite meaning,,false,3,Antonym in Vietnamese,
1edba24d-a2f1-4a27-90f9-cb9b5288f5c2,2026-04-02 03:56:05,bb364fc8-fca7-4ebf-83f2-4606726c42f1,Item B: English phrase,,true,2,Matches Vietnamese translation,pair_B
1ee06a98-6d67-4e6b-b895-e11a9a6f8c1f,2026-04-02 03:56:05,815c5e0a-94f8-4759-b195-c9c632b1f211,Different part of speech,,false,3,Noun instead of verb,
1ef62f51-288b-45fc-b9c6-f9d4e718aa48,2026-04-02 03:56:05,4afaa4c6-cce7-4b94-be11-69efbaa11dc0,Wrong verb tense,,false,2,"Same word, wrong form",
1f096bb9-0ae1-4818-85d0-b53fa071d11e,2026-04-02 03:56:05,58c86342-df52-47e2-962a-4b283380bec3,Similar sounding sentence,,false,3,Auditory similarity,
1f0c0b76-92ea-4795-b183-66047a12907a,2026-04-02 03:56:05,d0811ec2-c87e-4c73-9342-7fbf24103f92,Opposite of what was said,,false,3,Inverted meaning,
1f126b03-749c-44a3-b960-d22a69611d7a,2026-04-02 03:56:05,6f695f5e-ceea-46cc-9e93-05803c8e6498,Different part of speech,,false,3,Noun instead of verb,
1f17cba9-b8f6-444b-843a-eb9685557958,2026-04-02 03:56:05,d869eaae-2038-4f93-9a41-feff53496f38,True based on the passage,,true,1,Correct interpretation,
1f2813ee-16de-481b-b690-477b08059ad7,2026-04-02 03:56:05,a39c4f6b-c0c5-4d9a-9fd9-08bc47e90a79,Item B: English phrase,,true,2,Matches Vietnamese translation,pair_B
1f53dd46-dd81-424e-88ac-5120959940f8,2026-04-02 03:56:05,4bd04913-65e2-4cfc-881f-432b86e4ac0e,Completely different sentence,,false,4,Wrong transcription,
1f56f2aa-ec1e-483b-9de0-7bbb5306c5a6,2026-04-02 03:56:05,4095ee4d-a907-4424-832f-182969c71646,Partially true but incomplete,,false,4,Half-correct answer,
1f7d71ce-35c8-4c0d-be2b-a11aa14072a0,2026-04-02 03:56:05,8a2dc33b-13e0-4a98-b7b0-668f57ca9d54,Natural and appropriate response,,true,1,Fits conversation flow,
1f8bf35b-b336-4cbe-97c1-da26357932dd,2026-04-02 03:56:05,21caad28-16f0-4d3f-9633-fa8e42b14028,Opposite of what was said,,false,3,Inverted meaning,
1f95404c-5161-4279-ae41-b5e6757de005,2026-04-02 03:56:05,71758483-f1a8-43ca-944c-3ba0976cf582,Partially true but incomplete,,false,4,Half-correct answer,
1f96b455-7d5d-4238-8e8b-731bcd6b1218,2026-04-02 03:56:05,b076e28b-9454-4617-bf20-de3fd960aead,Similar sounding sentence,,false,3,Auditory similarity,
1f9819e7-e7ff-44d1-962d-155069224bbb,2026-04-02 03:56:05,d81f294c-60c5-4a37-bc18-1527137941d9,Grammatically incorrect,,false,2,Unnatural phrasing,
1f9b2039-c2e7-4a42-a1df-2e79cf672824,2026-04-02 03:56:05,4cf2edf9-1a48-4ce9-b334-64d94cf0e02e,Natural and appropriate response,,true,1,Fits conversation flow,
1f9c9954-25af-4235-b022-8827f226a051,2026-04-02 03:56:05,1be0d781-fef8-49c8-b6d0-4ccfa5f8ace4,Completely different sentence,,false,4,Wrong transcription,
1fa13833-76aa-4944-8b3f-4bf17cad5568,2026-04-02 03:56:05,54d36cea-7f89-43e2-b277-a1c0b4b30237,Sounds similar but different,,false,2,Similar pronunciation,
1fc8533d-4818-4fc2-8d4c-28c658a2994d,2026-04-02 03:56:05,b55960ae-a48a-44a4-87ed-e95a179acc36,True based on the passage,,true,1,Correct interpretation,
1fd538bd-3faf-4605-b3cb-752e0472ebc0,2026-04-02 03:56:05,2caf7974-3666-49c2-ac62-980a65ebe52d,The correct word to fill,,true,1,Proper grammar and meaning,
1feb9fbc-0b9c-44c4-9629-13c657779aec,2026-04-02 03:56:05,71c171dc-3163-43a8-9e2f-355b9a394c54,Item D: English phrase,,true,4,Matches Vietnamese translation,pair_D
1fedb05b-dd06-42aa-b98e-60df1823f2c5,2026-04-02 03:56:05,48b1d7ea-460c-41d7-a745-c703fa9bbada,Item B: English phrase,,true,2,Matches Vietnamese translation,pair_B
20286dc5-f083-4888-9b39-7938cd0ce2e8,2026-04-02 03:56:05,96f080de-5407-4686-b1bc-c4756b6d87ce,Opposite meaning,,false,4,Antonym for this context,
202f7e65-1da9-4ef8-95c3-2692bc21652b,2026-04-02 03:56:05,c68e549c-3dd7-4cf7-b0b3-29817f81c5e1,Partially true but incomplete,,false,4,Half-correct answer,
20470ea6-ac42-4e73-a82a-c8eb56b0e127,2026-04-02 03:56:05,32af518f-2290-4d76-80e2-b7415baa37ae,Sound-alike but wrong,,false,2,Phonetic confusion,
2049e882-2940-4d9e-8c21-248bc277187c,2026-04-02 03:56:05,74717ede-2f55-407a-bbf3-edad9fbdd2fc,Correct sentence from audio,,true,1,Exactly as spoken,
204c7e4b-cb0f-4825-a851-8a776c9c4586,2026-04-02 03:56:05,bb04b7e4-0451-41d8-a93f-76c0fc969562,Wrong verb tense,,false,2,"Same word, wrong form",
20503e27-b513-4936-a033-85d836ea5ccf,2026-04-02 03:56:05,16ab4e3d-a923-40b1-b9cb-c9c5a2a7630f,The speaker says this exactly,,true,1,Correct audio interpretation,
207eeda3-045e-4e53-9112-1155e20616cf,2026-04-02 03:56:05,e9e68ad1-6e37-4054-a342-6cf93d44e4c7,Common beginner mistake,,false,4,Typical error,
2083f1f3-c1e2-40bf-8a64-6306cf89f549,2026-04-02 03:56:05,7f01c195-64b0-4d2e-99c6-65f444465667,The correct word to fill,,true,1,Proper grammar and meaning,
208832ea-d592-47e1-bc7f-33e4ad210fce,2026-04-02 03:56:05,242b76d0-b05f-42f6-99b9-e7c3df5c3468,Grammatically incorrect,,false,2,Unnatural phrasing,
209c752f-5aa0-4c3f-bc74-07fc964dbbd8,2026-04-02 03:56:05,d6025e69-8750-499c-b937-160e319b3ab8,Item C: English phrase,,true,3,Matches Vietnamese translation,pair_C
20c87694-6761-438c-af52-e60800deaa6a,2026-04-02 03:56:05,c7e68e9b-27c3-4ed6-b546-2ac385a6716c,Completely different,,false,4,Unrelated option,
20d57a1a-95a3-49a1-9a39-864334f90390,2026-04-02 03:56:05,e832525a-dd6a-4dd4-9464-0a047184c746,Item D: English phrase,,true,4,Matches Vietnamese translation,pair_D
20e92836-7cb1-4c11-b373-12a08dfc4404,2026-04-02 03:56:05,2066b4d2-5306-4c33-aa5d-7ba172bec155,The correct word to fill,,true,1,Proper grammar and meaning,
20ea13a0-b941-437d-bdad-598a28350c46,2026-04-02 03:56:05,f81c0744-2c2a-41f0-bf95-78fa0aba5bfa,Correct sentence from audio,,true,1,Exactly as spoken,
20ec555b-65c6-4da9-a362-6b5f4eaff70a,2026-04-02 03:56:05,54661e1f-96e2-41ea-bda2-6f43c5004992,Opposite meaning,,false,4,Antonym for this context,
20fcd3ec-ba6b-45a1-b19c-1bf20332db35,2026-04-02 03:56:05,c3485554-b1cc-4a15-b71c-beaab28dc77e,The speaker says this exactly,,true,1,Correct audio interpretation,
210798a4-4789-497c-9837-9001fd54dde5,2026-04-02 03:56:05,bc39b6ad-09dc-426c-82c9-f014a5aaa449,Completely different,,false,4,Unrelated option,
21406dd1-6dda-4a3d-8990-48e058c35652,2026-04-02 03:56:05,9ab3a09b-e66d-41cd-9a47-3b1e23ba679c,Item D: English phrase,,true,4,Matches Vietnamese translation,pair_D
21469b75-3866-44bf-9ada-76c3169a1623,2026-04-02 03:56:05,0686bc45-d2d2-4f3b-9dff-ef349b3b8174,Wrong verb tense,,false,2,"Same word, wrong form",
2154ec0c-f234-42df-8f2f-4c491dc11760,2026-04-02 03:56:05,0922f178-7cc5-46a7-a34e-42356172957e,Completely different,,false,4,Unrelated option,
21635eef-df5d-4326-a774-667b997ccd65,2026-04-02 03:56:05,ec827cb2-25af-4655-aa34-c375fdad6373,False: not mentioned in text,,false,2,Misunderstanding,
21767a1b-1f2c-4ed6-ad82-dc76ed5dc172,2026-04-02 03:56:05,6683897f-ac1f-43ec-a837-dbdd3ce02d99,Common beginner mistake,,false,4,Typical error,
217bded1-6168-48c0-8200-1d736c9e8bc0,2026-04-02 03:56:05,8d59de9f-626f-471c-b9ee-32f001f7dd91,Related topic from audio,,false,3,Context related but not stated,
217d1867-2b57-420c-96f7-1685acb2e0bb,2026-04-02 03:56:05,2c9e8b8f-3c6b-4ba0-a3e1-34a4644c1714,Sound-alike but wrong,,false,2,Phonetic confusion,
217e9bc0-b9c3-4e6c-b042-2cd72c25b649,2026-04-02 03:56:05,71956462-98e9-45d9-bda7-e893530a720d,Sounds similar but different,,false,2,Similar pronunciation,
2197951a-29ae-40b9-a211-6a40b8862358,2026-04-02 03:56:05,637e364c-e6f6-45cb-8625-dde2227daa6d,Sound-alike but wrong,,false,2,Phonetic confusion,
21ca879a-05f5-42a7-94e0-f82f009a95c1,2026-04-02 03:56:05,2e2946bb-172d-461c-ac8c-8a24a2d01c2e,Grammatically incorrect,,false,2,Unnatural phrasing,
22377440-0d3f-4ce8-8f52-0a413e59bceb,2026-04-02 03:56:05,3047ade4-625a-4191-a904-574a1517ced6,Opposite meaning,,false,4,Antonym for this context,
2260a718-2ae7-4146-b9cf-5c174604d00a,2026-04-02 03:56:05,f04fc449-6f17-4a79-8945-dc72803e0760,False: not mentioned in text,,false,2,Misunderstanding,
226c33eb-ee43-457f-ba32-a6424491ebbc,2026-04-02 03:56:05,55ba2b85-92b8-46da-80de-acb7546405db,Partially true but incomplete,,false,4,Half-correct answer,
22a49237-8156-407a-ba64-d2da0332f8f1,2026-04-02 03:56:05,b1244d17-0b2c-4388-aa6e-e8ccb3f5da71,Opposite meaning,,false,3,Antonym in Vietnamese,
22e3ac73-c2cc-4a3b-bf67-1365629afc35,2026-04-02 03:56:05,0025725d-b492-4965-af11-75833c98e03d,Item B: English phrase,,true,2,Matches Vietnamese translation,pair_B
2312ee29-0572-4a0e-a5ae-155135340e31,2026-04-02 03:56:05,4508ce2f-033a-4192-b752-3e8799e603bd,Partially true but incomplete,,false,4,Half-correct answer,
232ceb23-8fc6-43bd-92b7-a829ed6f8c0a,2026-04-02 03:56:05,a0c56ae0-9957-4545-ab48-051daf1b1160,Related topic from audio,,false,3,Context related but not stated,
233906c9-59d1-48cb-aee3-24b9ed9d182b,2026-04-02 03:56:05,64ebce11-3b8c-4ffb-bf27-7e7e9ff1da49,Grammatically incorrect,,false,2,Unnatural phrasing,
2342bc75-cd72-4ca2-bb48-c45e55ad28a9,2026-04-02 03:56:05,a39f9eb8-8f47-4f19-8c14-2d5d7760b695,Opposite of what was said,,false,3,Inverted meaning,
2346a637-43e4-4b97-bd58-a7bfcb385d93,2026-04-02 03:56:05,13a09ebc-6b34-4577-8ac7-bc2ba3a87caa,Completely different,,false,4,Unrelated option,
235d06ce-a74b-47b7-96fb-96ff30808c17,2026-04-02 03:56:05,b831b990-07be-4ecc-8fb2-5a752368dfc7,Common beginner mistake,,false,4,Typical error,
2362790a-2148-4376-8f4d-eecca49add31,2026-04-02 03:56:05,21caad28-16f0-4d3f-9633-fa8e42b14028,False: not mentioned in text,,false,2,Misunderstanding,
23638782-3403-479c-9c75-6c54efebbcff,2026-04-02 03:56:05,71956462-98e9-45d9-bda7-e893530a720d,Completely different,,false,4,Unrelated option,
23656214-35d2-4dab-a603-cc4ceedf552f,2026-04-02 03:56:05,01b0660d-80eb-4aa4-b4e9-c678f9b95f8e,Partially true but incomplete,,false,4,Half-correct answer,
2367c5ff-0ce8-45c5-a331-0c127d2fa149,2026-04-02 03:56:05,83eefeab-78c2-467b-8165-fd8d8b4f7e4d,Completely different sentence,,false,4,Wrong transcription,
238413d1-a0a4-47a7-9d36-7f876b246e69,2026-04-02 03:56:05,fddc3bea-7ecb-4377-986a-e90138e14ded,Grammatically incorrect,,false,2,Unnatural phrasing,
238d00d3-5cd9-4424-9b5a-77bc95b179db,2026-04-02 03:56:05,4095ee4d-a907-4424-832f-182969c71646,False: not mentioned in text,,false,2,Misunderstanding,
23a3cdab-6344-4395-aeaa-150d755ef815,2026-04-02 03:56:05,9b4b34f5-1ac5-48d0-b950-5848eed8bffa,Partially true but incomplete,,false,4,Half-correct answer,
2440ad05-765d-42a4-a2d5-441a78f9f626,2026-04-02 03:56:05,b0b24549-1b28-491a-9bec-a8e8ecd2dc67,Misses the context,,false,3,Does not answer the question,
2457bd05-86e4-4414-88d4-25f2892c8deb,2026-04-02 03:56:05,8db740c4-6124-4381-9bf3-09b86594a1e3,Item D: English phrase,,true,4,Matches Vietnamese translation,pair_D
245aa3c4-3b69-4bcd-9cc7-992a34d04251,2026-04-02 03:56:05,90f531c4-412c-495a-8922-21dad73ca935,Partially true but incomplete,,false,4,Half-correct answer,
2499cb93-c8eb-4ca8-b6f2-d191ce59cef5,2026-04-02 03:56:05,4749627e-35b7-43fc-8818-ca35939cc3c3,Impolite or rude tone,,false,4,Wrong register,
24a3e5e1-ad5a-4940-a963-139d535366f1,2026-04-02 03:56:05,c5acf0d6-9710-412c-913c-6472a0c2a3b4,Natural and appropriate response,,true,1,Fits conversation flow,
251053d5-1a65-4642-9a2b-b33ed2c6e899,2026-04-02 03:56:05,5555ab11-dade-46ca-b08a-f70c0ee52889,Wrong verb tense,,false,2,"Same word, wrong form",
25278f4e-59c9-49a4-8037-d9875c218bed,2026-04-02 03:56:05,73300be4-bd9d-45f0-adc3-90c30f4b1f7a,Grammatically incorrect,,false,2,Unnatural phrasing,
255e62b6-4089-409c-b198-60e4172461bb,2026-04-02 03:56:05,4d0e99e5-2a1a-408c-81d0-75003fbb57b6,Natural and appropriate response,,true,1,Fits conversation flow,
2565663f-3065-421b-b026-590c76570173,2026-04-02 03:56:05,a39c4f6b-c0c5-4d9a-9fd9-08bc47e90a79,Item D: English phrase,,true,4,Matches Vietnamese translation,pair_D
256ada00-df74-409d-b283-1f9ab2c17093,2026-04-02 03:56:05,5744f360-d9f1-417b-9eee-0dcec0da4742,Similar sounding sentence,,false,3,Auditory similarity,
256bfb59-0448-49a2-958e-9d4c27947020,2026-04-02 03:56:05,fd0feeda-6274-4322-ba91-658a071b40ef,Opposite meaning,,false,4,Antonym for this context,
257390a6-a262-4287-921b-8e4f1e6d1310,2026-04-02 03:56:05,bc08d346-1fe2-46eb-b12a-af047dc5aadf,Sound-alike but wrong,,false,2,Phonetic confusion,
25a8f83e-5dae-43d5-875c-eb34d1bb90f8,2026-04-02 03:56:05,f99573f1-0347-4cac-87c3-508f56c74dd0,Related topic from audio,,false,3,Context related but not stated,
25b63721-33e0-4070-b253-cf04805d5c6d,2026-04-02 03:56:05,68f74817-e820-4cdf-ab6f-e9a5106428dc,English word translation,,true,1,Direct meaning from English,
25c89fce-1ea4-44b4-ae0a-664ebb191b4a,2026-04-02 03:56:05,33c92b73-4a7a-4678-96e0-bc71f0b844eb,Has spelling error,,false,2,Homophone confusion,
25d0fb88-ceac-4e70-b1eb-599886f539c4,2026-04-02 03:56:05,a40acdbc-4835-4e07-8565-dbf0e837e4aa,Similar sounding sentence,,false,3,Auditory similarity,
25e42587-c98e-4431-b215-067b462e23b4,2026-04-02 03:56:05,364bf793-4054-42aa-9bbc-52f893fd0191,Sound-alike but wrong,,false,2,Phonetic confusion,
25eae25c-f6cd-4608-8dbd-011b2e57dab4,2026-04-02 03:56:05,492fb405-1dc2-4b36-931f-f98963749a16,Misses the context,,false,3,Does not answer the question,
25eed3b8-4388-42f5-8367-a6dd497e098b,2026-04-02 03:56:05,8db740c4-6124-4381-9bf3-09b86594a1e3,Item B: English phrase,,true,2,Matches Vietnamese translation,pair_B
25f54183-878b-463a-91e5-e7dfba99dcff,2026-04-02 03:56:05,261935bf-4acc-46c9-ab48-8b9af03c73d8,Partially true but incomplete,,false,4,Half-correct answer,
260a0f33-38ac-43a3-8ef0-e95a0fc16363,2026-04-02 03:56:05,16ab4e3d-a923-40b1-b9cb-c9c5a2a7630f,Sounds similar but different,,false,2,Similar pronunciation,
26240de5-4d9f-4c22-9164-6d7f0385fafb,2026-04-02 03:56:05,71af1b31-9294-4e51-9523-7d85b25040f3,Grammatically incorrect,,false,2,Unnatural phrasing,
262b8469-b806-49d0-8ef3-60018b1b6f04,2026-04-02 03:56:05,3a9e275a-c8f3-418b-b72d-27b13a93b600,Different part of speech,,false,3,Noun instead of verb,
262d9210-970b-4a2f-b894-bc12c5f337cb,2026-04-02 03:56:05,d0b86c4c-4501-44ef-afd5-dd6aa5f44907,Opposite meaning,,false,4,Antonym for this context,
2660bc0a-990b-498e-b336-805a5a426d47,2026-04-02 03:56:05,ebc95f9c-a47d-40c6-8e18-9c94da756db8,Misses the context,,false,3,Does not answer the question,
266b3531-98e2-4b35-a375-687a713daf9a,2026-04-02 03:56:05,8f204b71-7c67-4786-95e1-d6ab436d7520,Correct sentence from audio,,true,1,Exactly as spoken,
26829668-b2a4-4a44-b0bc-2b914dec783e,2026-04-02 03:56:05,62200908-5d7a-4e14-8ab6-6b8a1395c171,English word translation,,true,1,Direct meaning from English,
268770f0-ad5f-4cbb-984f-d56db08e8305,2026-04-02 03:56:05,fbf62921-058f-42b2-a5dd-5e395ebe2ab7,Completely different sentence,,false,4,Wrong transcription,
2699b2b8-eefd-4fca-a62b-1a587450a025,2026-04-02 03:56:05,b8b8d6c6-3464-4183-a618-ee5fea4c33a5,Opposite meaning,,false,4,Antonym for this context,
26ac1a7f-c66f-4144-81b5-a85faf2f0f6a,2026-04-02 03:56:05,492fb405-1dc2-4b36-931f-f98963749a16,Impolite or rude tone,,false,4,Wrong register,
26ce631f-fd7c-431f-96e6-e8b8af071eb9,2026-04-02 03:56:05,75af9b99-e4c9-40c0-b0d6-bf2317fd79ac,The speaker says this exactly,,true,1,Correct audio interpretation,
26d440c9-108c-49d5-8a58-375eea4ea480,2026-04-02 03:56:05,dc5b4fcb-6a76-4b8b-86a1-6a2a0a6e4c66,Related topic from audio,,false,3,Context related but not stated,
26efbc41-0b4a-4c5e-af94-75fc881f0404,2026-04-02 03:56:05,09923e18-8b1a-4d97-8f55-5c48fb288a83,English word translation,,true,1,Direct meaning from English,
26fd960b-01f8-4937-9c8e-7242a009430f,2026-04-02 03:56:05,53af23b9-90de-4b8d-8797-e635a8022c6b,Opposite of what was said,,false,3,Inverted meaning,
26fea45f-7145-4a44-9eea-258e83c932d3,2026-04-02 03:56:05,a9d010e5-9c9f-401d-8362-c80361c8fb43,False: not mentioned in text,,false,2,Misunderstanding,
2704de86-c401-4fad-8e39-221638c789d3,2026-04-02 03:56:05,849c56dc-68b0-4df5-97bd-6b99b1788b45,Partially true but incomplete,,false,4,Half-correct answer,
2711ed4e-fce3-4f4c-bd15-3a2ee2d069cf,2026-04-02 03:56:05,96151b17-9aef-4f16-ac69-4c7063c5ca1b,Partially true but incomplete,,false,4,Half-correct answer,
27179082-70b1-416a-943c-cddd489654fb,2026-04-02 03:56:05,dde1cc30-e89f-4b07-a962-f1419cd581dc,Natural and appropriate response,,true,1,Fits conversation flow,
271af465-9500-412e-9fa1-b0dc8937d366,2026-04-02 03:56:05,73be686d-c5ca-497e-a87c-2d2fdcae20b1,Grammatically incorrect,,false,2,Unnatural phrasing,
27269e94-6098-4268-b2ff-e3d42ac78d4f,2026-04-02 03:56:05,66b42be4-b6b7-4d44-ad57-1e3c62100fd7,False: not mentioned in text,,false,2,Misunderstanding,
27298a10-40c8-4acf-80ec-c15eb62aa9db,2026-04-02 03:56:05,d8101e18-7f87-4850-b7ba-68511b919ba7,Common beginner mistake,,false,4,Typical error,
27324e89-1158-4a42-8f5f-bc1d2a423b0c,2026-04-02 03:56:05,cce012c7-ce47-4800-94d4-fb2262e4b2f1,Item B: English phrase,,true,2,Matches Vietnamese translation,pair_B
2754a93b-d1cb-429e-8c2e-8b5afec52bf7,2026-04-02 03:56:05,13d83227-85b3-433c-a68a-e24d23891ccf,Completely different sentence,,false,4,Wrong transcription,
27592b10-3862-4202-b1dd-a2fc03afd36f,2026-04-02 03:56:05,445c5dce-7af7-4946-9636-8cd2c5b00616,Wrong verb tense,,false,2,"Same word, wrong form",
2763772a-625a-47ac-98c1-df6f40859219,2026-04-02 03:56:05,7fdfdad6-335c-4a09-8d0b-ca3b58fbc42d,The correct word to fill,,true,1,Proper grammar and meaning,
27a8adf2-cdcc-4558-b409-daaed8daa1dc,2026-04-02 03:56:05,2fc2d248-a148-4142-8428-23ae4e3c7eb2,English word translation,,true,1,Direct meaning from English,
27b7c6fd-ccbc-4103-b800-7fdab9da8ccf,2026-04-02 03:56:05,b55960ae-a48a-44a4-87ed-e95a179acc36,False: not mentioned in text,,false,2,Misunderstanding,
27ba0a90-aea5-4086-9494-e11bb689d994,2026-04-02 03:56:05,36cb1c3a-d63f-4c9c-b292-3f5df7ffde65,Item D: English phrase,,true,4,Matches Vietnamese translation,pair_D
27ef483c-47ad-456b-8df6-aaa974d3c74e,2026-04-02 03:56:05,e11f11a8-777a-4a19-b269-74039e312cc9,Wrong verb tense,,false,2,"Same word, wrong form",
281ffa3b-78af-4ae6-970f-e647bb88d202,2026-04-02 03:56:05,b2fe96f2-6210-433a-beb0-fc827392f423,Item D: English phrase,,true,4,Matches Vietnamese translation,pair_D
28427dc0-f8f7-460a-94ef-690e290efd33,2026-04-02 03:56:05,d10fd680-87ba-4f98-b57a-20387a61d3ee,Related topic from audio,,false,3,Context related but not stated,
284abc17-f395-4cb2-a0f4-bb10672ce09c,2026-04-02 03:56:05,85dcafd3-e495-464a-ba20-71decd275c65,Similar sounding sentence,,false,3,Auditory similarity,
284f5b57-c655-4bdc-af85-f863ddc8e997,2026-04-02 03:56:05,d0b86c4c-4501-44ef-afd5-dd6aa5f44907,Wrong verb tense,,false,2,"Same word, wrong form",
2875ac5e-0b12-43af-9020-48a227c197b7,2026-04-02 03:56:05,18cd5ff6-4900-40f8-9dbd-ddee63fabe52,Item C: English phrase,,true,3,Matches Vietnamese translation,pair_C
2875f409-7c3e-4ad1-8740-c8c25fca1694,2026-04-02 03:56:05,54c69cef-5b19-4b7b-b17a-c6123685e233,Opposite meaning,,false,3,Antonym in Vietnamese,
28c0fd3d-85df-41c3-9d07-86074b697d5b,2026-04-02 03:56:05,5779a6c5-595a-4327-8327-a2778e4f4f6b,The speaker says this exactly,,true,1,Correct audio interpretation,
28c3131e-be4f-4959-9915-f77f8c801c32,2026-04-02 03:56:05,d7d9241e-8902-481b-9c29-b1057227e264,English word translation,,true,1,Direct meaning from English,
28ee1e23-216a-4246-bc8a-0fbcfed3ea81,2026-04-02 03:56:05,ca4e4a78-428e-41db-bfd1-c70937b95f17,Common beginner mistake,,false,4,Typical error,
29014498-82de-49c9-8e1d-8148a4cde40a,2026-04-02 03:56:05,53efa76d-b196-4709-8dc7-41a539518530,Sound-alike but wrong,,false,2,Phonetic confusion,
290940a8-a033-4d30-be6d-cf85fa75d6d9,2026-04-02 03:56:05,6f695f5e-ceea-46cc-9e93-05803c8e6498,Wrong verb tense,,false,2,"Same word, wrong form",
2914d05d-3c80-4d71-92b7-7a0afe804862,2026-04-02 03:56:05,7f8bb265-768d-478e-9e6d-a0bbd30b4f9c,Impolite or rude tone,,false,4,Wrong register,
291b6dfe-2677-418f-9064-c3bed7f5a0af,2026-04-02 03:56:05,e39a17f1-1672-4144-9af7-d4c9030737db,Item D: English phrase,,true,4,Matches Vietnamese translation,pair_D
293af85f-7a69-4fad-ab5c-bf450b99a6fa,2026-04-02 03:56:05,aadd8255-497e-475b-818a-99e298875f9e,Item D: English phrase,,true,4,Matches Vietnamese translation,pair_D
293badeb-05e0-4095-8235-842bbc9cba34,2026-04-02 03:56:05,fb12ed4f-5d29-4c65-a37d-269437b70e91,Item A: English phrase,,true,1,Matches Vietnamese translation,pair_A
293e672d-5e88-43c5-876f-a236f03bd385,2026-04-02 03:56:05,638a906b-03dd-4dc5-b24e-27a6ef982bee,Opposite meaning,,false,4,Antonym for this context,
295c5f80-a579-47ff-9f89-fc4bdef10d8e,2026-04-02 03:56:05,1429ea84-98b5-4df4-8344-f963afc46403,Item C: English phrase,,true,3,Matches Vietnamese translation,pair_C
295f8070-1268-41ce-9c2c-7915227693ac,2026-04-02 03:56:05,4795e012-8e42-45a3-8106-4c9aec83cc5f,True based on the passage,,true,1,Correct interpretation,
295ff74e-25d7-4569-a169-f547a21f94cf,2026-04-02 03:56:05,9770035b-c66e-4710-b9e1-166e45ef924c,Item A: English phrase,,true,1,Matches Vietnamese translation,pair_A
29b8d2ec-48ed-4485-914a-0a9f94b41607,2026-04-02 03:56:05,74fe2a39-8b72-497b-a5a8-eb09b565dbea,Grammatically incorrect,,false,2,Unnatural phrasing,
29e5a841-bbe9-44dd-b463-ef717e27bdfc,2026-04-02 03:56:05,87813904-668e-403f-9ba7-713c2f9c0b1f,Has spelling error,,false,2,Homophone confusion,
29f31e9f-0e27-4602-a301-3023dbd796d7,2026-04-02 03:56:05,aaeca2f1-3476-40fa-a4f3-f4814835e555,Sounds similar but different,,false,2,Similar pronunciation,
29fa3db8-6210-4364-8a81-bd900ff6e4db,2026-04-02 03:56:05,d3e98a01-04e5-4924-97ea-fb0d47a468e8,Misses the context,,false,3,Does not answer the question,
2a0aefde-4c08-42f0-8394-f8ca1d611872,2026-04-02 03:56:05,290bb855-042b-44a4-b846-8a23b845aad5,Sounds similar but different,,false,2,Similar pronunciation,
2a33fb06-75ba-4965-aac9-004aaf4c8d9e,2026-04-02 03:56:05,8951b3ae-f961-41b1-b0ca-45060c61046e,Related topic from audio,,false,3,Context related but not stated,
2a345590-fd5d-4c95-812c-aab016bfbc7c,2026-04-02 03:56:05,c9240f71-afd1-4cb7-89bd-60425dcc5910,Item A: English phrase,,true,1,Matches Vietnamese translation,pair_A
2a5a6eea-8075-4fac-8e0a-5ce2d97b8f75,2026-04-02 03:56:05,12f32ab9-11cd-4236-afd3-ff4f1844f77a,English word translation,,true,1,Direct meaning from English,
2a78b580-2b00-4938-84be-55c42b454458,2026-04-02 03:56:05,bd25e020-63e6-4ade-9eb0-7f4a4628d24e,Natural and appropriate response,,true,1,Fits conversation flow,
2aab84c7-3cfe-48c7-8445-9eca540b0fc5,2026-04-02 03:56:05,fbe66335-ed90-423f-8cb4-e780a4acdf62,Related topic from audio,,false,3,Context related but not stated,
2ab64b09-eef5-4349-a9c1-b37b91791c65,2026-04-02 03:56:05,1e99ab3c-2546-433e-9fd1-1fd82bc5576d,Similar sounding sentence,,false,3,Auditory similarity,
2b46e474-9fd0-4ce4-a633-87165969a5eb,2026-04-02 03:56:05,7f8bb265-768d-478e-9e6d-a0bbd30b4f9c,Misses the context,,false,3,Does not answer the question,
2b518e1d-cf0f-4ede-bcdf-a2a9851ff7e5,2026-04-02 03:56:05,3f9d6d52-774e-4f52-a2ad-f9730e290731,Natural and appropriate response,,true,1,Fits conversation flow,
2b6bdec7-7448-4265-bc8c-e425fd9dc41b,2026-04-02 03:56:05,90f531c4-412c-495a-8922-21dad73ca935,False: not mentioned in text,,false,2,Misunderstanding,
2b7a0e61-ff36-4ba7-a56a-81a75397279b,2026-04-02 03:56:05,be57da9d-3632-4ed1-952a-ac44cc4ce5a2,False: not mentioned in text,,false,2,Misunderstanding,
2b89c02b-7cdf-42c1-aae3-0a94109fbee9,2026-04-02 03:56:05,e4b3e453-7793-4d2b-a8fe-4353df8a59a5,Similar sounding sentence,,false,3,Auditory similarity,
2b97dcf8-a2bb-43a9-a208-ffacc1d625b1,2026-04-02 03:56:05,224ed780-66c2-4b41-b977-7aeacc5327a3,Correct sentence from audio,,true,1,Exactly as spoken,
2bca9b8b-ebeb-4053-995a-e58596979bad,2026-04-02 03:56:05,33083951-353a-4071-bc3c-895d266cc8ee,Partially true but incomplete,,false,4,Half-correct answer,
2bd593da-ce47-40f1-b8df-40efc83da6b3,2026-04-02 03:56:05,efca68c0-d8f8-4727-97cb-3cb59eca430c,Common beginner mistake,,false,4,Typical error,
2bdcc4ff-8325-47e8-9f33-247990b93421,2026-04-02 03:56:05,3db1fda9-e71f-4441-bb1d-172aca5fc7f3,Different part of speech,,false,3,Noun instead of verb,
2bf77e44-acc0-4744-9936-2a7fe0ca6c0a,2026-04-02 03:56:05,4791633c-97a1-49a3-8088-f49d77664055,The correct word to fill,,true,1,Proper grammar and meaning,
2c05e76c-0b62-468f-98bf-c968ec756d5a,2026-04-02 03:56:05,b55d2cc8-14bf-47b3-9b40-338ac4b252be,Correct sentence from audio,,true,1,Exactly as spoken,
2c07a7b2-bb26-49ba-b580-3861becda9bf,2026-04-02 03:56:05,5d18ec54-dcb8-46ff-a408-38d90e8a3684,Related topic from audio,,false,3,Context related but not stated,
2c087ff2-f958-4b6d-a711-ce7f310e44f8,2026-04-02 03:56:05,1dde571a-6f5a-4e5c-a857-9a9fe96d7e32,Item D: English phrase,,true,4,Matches Vietnamese translation,pair_D
2c10c4a3-d7ee-4e25-8af3-1dcd3008e4cc,2026-04-02 03:56:05,6012b2fb-3ca4-4bfe-a07d-cb8c30dfdb5b,Completely different sentence,,false,4,Wrong transcription,
2c177c26-0c1a-4913-8b8c-7e19949f8390,2026-04-02 03:56:05,e4730f8e-a7a0-490f-8c83-03a6672673ed,Completely different,,false,4,Unrelated option,
2c201cc2-024f-44a2-93f0-c3ed6a2e5504,2026-04-02 03:56:05,7830b6b0-4501-43af-8e5f-0098a06fc276,Different part of speech,,false,3,Noun instead of verb,
2c34abf1-ef20-4a04-ad3c-fe3385d15374,2026-04-02 03:56:05,637e364c-e6f6-45cb-8625-dde2227daa6d,Opposite meaning,,false,3,Antonym in Vietnamese,
2c5dc986-3277-458a-8afc-4483aebac5c4,2026-04-02 03:56:05,1d2b5da5-0327-41a0-a03f-a4ed9c9b4545,Similar sounding sentence,,false,3,Auditory similarity,
2c5e1c50-de05-4c26-8f63-6669a160f860,2026-04-02 03:56:05,50a1ba91-e2cf-4620-ae0a-6a53a4567fc4,Item C: English phrase,,true,3,Matches Vietnamese translation,pair_C
2c7afc91-512b-4462-9c2d-6ecfedc63dd2,2026-04-02 03:56:05,19872a55-b532-4eae-a607-fd95b1128aa0,Wrong verb tense,,false,2,"Same word, wrong form",
2c7b5846-8582-44ec-97b3-3d24d83aacc0,2026-04-02 03:56:05,b4b7310c-fca7-42d9-8632-aee38bf32e7f,Related topic from audio,,false,3,Context related but not stated,
2c8e032c-6d2c-49c0-9c85-29c8e48a4ad4,2026-04-02 03:56:05,963f5a40-0d25-404e-9a1d-27c3595278c2,Sound-alike but wrong,,false,2,Phonetic confusion,
2caad769-b7f4-404e-99ae-5c10bb3eec6a,2026-04-02 03:56:05,063b4130-fc53-41fd-a60d-a70c61485831,Similar sounding sentence,,false,3,Auditory similarity,
2cbe4aa5-3c9b-4578-81c3-e0253765d98f,2026-04-02 03:56:05,6ffa7b9e-0e2a-4836-afca-99e2174b876b,Sound-alike but wrong,,false,2,Phonetic confusion,
2cd850bb-103e-4811-aabf-0e4c9df93121,2026-04-02 03:56:05,b3fa8928-fd11-48dd-9f5f-3df3e512d853,Grammatically incorrect,,false,2,Unnatural phrasing,
2d00e8c8-dea5-4e86-9dc4-5c4b115abfc4,2026-04-02 03:56:05,5cd1c10d-8c71-4459-b065-a1ffcc9cf6d7,Sound-alike but wrong,,false,2,Phonetic confusion,
2d10eb72-f190-4712-a37e-69b4d2f2b69d,2026-04-02 03:56:05,5e8f84ca-457c-4d76-90f3-cd113076f655,False: not mentioned in text,,false,2,Misunderstanding,
2d35a3a6-4072-41c4-a4e9-e6538cd580dd,2026-04-02 03:56:05,454ff226-6de0-48b0-9473-1b22c0325bb1,Has spelling error,,false,2,Homophone confusion,
2d945005-a7cc-43c0-a085-f54d9500583a,2026-04-02 03:56:05,b19e3a42-0203-4c4f-84d9-f8a34bf0bc5b,Completely different sentence,,false,4,Wrong transcription,
2dda896c-381b-4cd5-b656-621ff853e0a5,2026-04-02 03:56:05,6dce6674-081a-496b-805d-ab092ca083fa,Completely different,,false,4,Unrelated option,
2de4d032-decc-4dea-92d3-68593cedf3e0,2026-04-02 03:56:05,f167e0c9-1235-446b-8cfe-c22f257bc74d,Completely different,,false,4,Unrelated option,
2df0b206-c330-43a2-ad56-a89da6761c4a,2026-04-02 03:56:05,85aaa5b1-c8d0-4390-a131-ac794a27444f,Completely different sentence,,false,4,Wrong transcription,
2dfb9108-fd6e-4608-b139-05df019abedc,2026-04-02 03:56:05,6688cd95-4019-4c8f-bda9-625beed02e7f,Item B: English phrase,,true,2,Matches Vietnamese translation,pair_B
2e24dd59-a668-4136-b10a-b3fb848e0ea0,2026-04-02 03:56:05,151643e8-faa9-4a15-969e-b0a89429854d,Item A: English phrase,,true,1,Matches Vietnamese translation,pair_A
2e55d8c6-e4f9-4e57-8843-62b14d168164,2026-04-02 03:56:05,093ab0c7-08d3-4c3a-baae-95ce27bb3855,Item C: English phrase,,true,3,Matches Vietnamese translation,pair_C
2e6af0eb-87d7-4907-8d1d-cb626107b5c3,2026-04-02 03:56:05,667ef49a-73e8-4ec9-bdc9-37a04420911c,Related topic from audio,,false,3,Context related but not stated,
2e7360df-ea91-4d59-9451-20f59278232f,2026-04-02 03:56:05,9f155859-f0e8-4448-b462-c77a8247c012,The speaker says this exactly,,true,1,Correct audio interpretation,
2e812e34-d599-4bae-9166-6806b3f0e9f3,2026-04-02 03:56:05,fb58accf-c2cd-4dde-97c7-454b3f82eee4,Has spelling error,,false,2,Homophone confusion,
2e854170-b576-4a0b-9568-d3bfd2f21d20,2026-04-02 03:56:05,c22462fd-eccc-466f-8f0d-ab715523e1a3,Grammatically incorrect,,false,2,Unnatural phrasing,
2eb2d77e-108d-4062-8765-e71c63083e63,2026-04-02 03:56:05,a9d010e5-9c9f-401d-8362-c80361c8fb43,True based on the passage,,true,1,Correct interpretation,
2efd1157-1c63-4092-96f7-333f9938d72b,2026-04-02 03:56:05,5afdedf3-f13f-4f75-ab43-2462f02d3953,Impolite or rude tone,,false,4,Wrong register,
2f05a579-5c95-4c3b-a85d-fb647b2e3c60,2026-04-02 03:56:05,a6525863-0e8b-43e6-a136-676b5b4b5bf6,Completely different sentence,,false,4,Wrong transcription,
2f13b7ac-a4e6-433a-a730-c3771a2fc91e,2026-04-02 03:56:05,cada8ae6-4767-42d3-8bc3-bcde6a823f52,Item A: English phrase,,true,1,Matches Vietnamese translation,pair_A
2f1cc7d1-77c9-4556-a522-ba8a1ae48ad8,2026-04-02 03:56:05,a523f6c5-49d5-4188-b43a-8f7dca081fe7,Grammatically incorrect,,false,2,Unnatural phrasing,
2f3aba04-94c8-41ef-9c12-dfecc00d3d95,2026-04-02 03:56:05,6f7a6ad0-ad9b-4c1b-a815-b3733c9ca14b,Opposite meaning,,false,4,Antonym for this context,
2f491e72-e285-4ae4-a1c4-a7847ba4cde6,2026-04-02 03:56:05,1016b830-420f-4648-b053-61ec09142118,The correct word to fill,,true,1,Proper grammar and meaning,
2f654ffa-b6a6-4ffd-8290-73d14f7675af,2026-04-02 03:56:05,e9e68ad1-6e37-4054-a342-6cf93d44e4c7,Sound-alike but wrong,,false,2,Phonetic confusion,
2f7db053-4dc2-44eb-8af5-1d20a6be81c4,2026-04-02 03:56:05,b1bea614-b117-4162-acd0-896b093de76b,Completely different sentence,,false,4,Wrong transcription,
2fd98ed3-07b8-4950-91a2-2d1955d21e69,2026-04-02 03:56:05,c08da966-28d3-4c88-887c-8b66d2ef8727,Completely different sentence,,false,4,Wrong transcription,
2fdb9182-d550-4356-920f-c25ce1cd7106,2026-04-02 03:56:05,0ce7b89c-44d9-4a93-a763-fedb738680b0,Wrong verb tense,,false,2,"Same word, wrong form",
2fefae90-5137-44f5-b86d-ee0f9e0c8b31,2026-04-02 03:56:05,64ebce11-3b8c-4ffb-bf27-7e7e9ff1da49,Impolite or rude tone,,false,4,Wrong register,
30141d73-ed17-42f9-a4e3-ea4fffc59a20,2026-04-02 03:56:05,467f7c04-c18b-4a30-96ec-692d656e55bf,Wrong verb tense,,false,2,"Same word, wrong form",
30407f8f-9bbb-4ff7-a2cf-ad422721ad47,2026-04-02 03:56:05,3c904bc0-f5f5-4433-849c-09e1db2f1832,Partially true but incomplete,,false,4,Half-correct answer,
304cb10c-4b43-4f98-81a8-7c38243bc518,2026-04-02 03:56:05,cfd97dbd-2b0b-4cdc-945b-0f30b3cbe04e,Different part of speech,,false,3,Noun instead of verb,
30752dd9-e790-4cda-84f3-09ac45edb8cf,2026-04-02 03:56:05,bbf0239c-cca0-4734-99b1-fd836e826e86,Opposite meaning,,false,3,Antonym in Vietnamese,
3079c435-aa47-4768-9ed1-df879bb48259,2026-04-02 03:56:05,f81c0744-2c2a-41f0-bf95-78fa0aba5bfa,Has spelling error,,false,2,Homophone confusion,
3083438a-9e2a-433c-b085-2d111e960c82,2026-04-02 03:56:05,bf5f433f-c52a-44fe-ae5b-8fb6e3ab7248,Opposite meaning,,false,4,Antonym for this context,
30a4122c-423d-4e1e-affb-ff7f6a38dd1f,2026-04-02 03:56:05,1dfd9136-2a71-4f6b-aee6-8eccff6e500d,Has spelling error,,false,2,Homophone confusion,
30f8d891-9cfa-4c0f-b5fd-a7bb6b43053c,2026-04-02 03:56:05,26f19697-c6f2-4416-aca2-ebb845e8637f,False: not mentioned in text,,false,2,Misunderstanding,
30fc4bac-4fb3-436f-9335-78db348abbe2,2026-04-02 03:56:05,94de28a2-c690-40af-a623-d65277d3417d,Similar sounding sentence,,false,3,Auditory similarity,
30fd095a-34b2-408c-98ed-75e47a1bc21c,2026-04-02 03:56:05,e9d0cdae-e31b-4a60-9a11-f1497c4ee18f,Opposite meaning,,false,4,Antonym for this context,
310a5a43-79e9-4bd0-adeb-682adeac1c3d,2026-04-02 03:56:05,f5de2f9e-26da-42c0-83dc-591c98f4e176,The speaker says this exactly,,true,1,Correct audio interpretation,
311909da-9dfb-42b5-a390-1d0ad66c37e5,2026-04-02 03:56:05,4508ce2f-033a-4192-b752-3e8799e603bd,False: not mentioned in text,,false,2,Misunderstanding,
31936b2b-0bf1-4af2-8cb4-c0e45bb0a142,2026-04-02 03:56:05,982867ae-b1ed-49ea-b116-bbe34b3f7741,Correct sentence from audio,,true,1,Exactly as spoken,
321f9af8-6213-4665-bb69-11623da12ecc,2026-04-02 03:56:05,f588029a-a55e-4cf8-afbd-095ff87a1985,Misses the context,,false,3,Does not answer the question,
32209da9-7e17-4098-be1e-50973a869471,2026-04-02 03:56:05,7f01c195-64b0-4d2e-99c6-65f444465667,Wrong verb tense,,false,2,"Same word, wrong form",
326ed449-cd54-49c5-b99f-aaf6ce26ef84,2026-04-02 03:56:05,2f62622c-9906-4955-a58b-0e4b39c4b8d1,Completely different sentence,,false,4,Wrong transcription,
32a428a8-24d7-4569-a15c-047288f753ff,2026-04-02 03:56:05,2c41f5f0-50b6-4afa-85ce-3294e9dd55c3,Item A: English phrase,,true,1,Matches Vietnamese translation,pair_A
32a79ff2-0d68-4545-a1c9-34519ecfb106,2026-04-02 03:56:05,3223afbc-7d2e-4c6b-95a9-7bde26d7825d,The correct word to fill,,true,1,Proper grammar and meaning,
32b2fa99-422d-4605-83c2-06a7573c9bf9,2026-04-02 03:56:05,7c90898c-3b28-427b-8131-9a256d65ae29,Has spelling error,,false,2,Homophone confusion,
32bd0e8b-aa87-4235-93d6-56e6389ad035,2026-04-02 03:56:05,d0811ec2-c87e-4c73-9342-7fbf24103f92,False: not mentioned in text,,false,2,Misunderstanding,
32be2f86-c201-49e7-941e-a77b557fdb8b,2026-04-02 03:56:05,dfcffcc4-99d7-4fb7-9134-5d626a132287,Partially true but incomplete,,false,4,Half-correct answer,
32cebb70-21ce-4211-8339-fb07344aa442,2026-04-02 03:56:05,9ec55751-a649-492f-a271-972741db8412,Item B: English phrase,,true,2,Matches Vietnamese translation,pair_B
32f02265-0eeb-459a-ab9e-02833551408c,2026-04-02 03:56:05,fe1f986b-89b5-4ab0-9dc9-aaa40463eb1f,Wrong verb tense,,false,2,"Same word, wrong form",
32f1a0e4-c479-4d5f-b02a-608ad4973f35,2026-04-02 03:56:05,d0a8c184-1067-47eb-b2bd-a60002df2453,Wrong verb tense,,false,2,"Same word, wrong form",
32f7cf6a-81c3-4dce-bda2-9c853aff39ef,2026-04-02 03:56:05,dc5b4fcb-6a76-4b8b-86a1-6a2a0a6e4c66,Completely different,,false,4,Unrelated option,
333c524c-d610-40a2-81d2-4577f61cbeb7,2026-04-02 03:56:05,4bc4c477-aa4e-42a7-8c5d-c04254399e27,Sounds similar but different,,false,2,Similar pronunciation,
3344c38c-d3a8-4a95-ba6c-745d40e63b85,2026-04-02 03:56:05,501354c0-a8ca-4eef-b581-5b72180f32bb,Wrong verb tense,,false,2,"Same word, wrong form",
3363bd8d-7f25-450b-a4b3-672eead3647a,2026-04-02 03:56:05,edb644b8-7d66-4ff3-a572-ca16efae43c8,Opposite meaning,,false,3,Antonym in Vietnamese,
336c2b44-19c0-4ade-859b-3fd8a4abf9e3,2026-04-02 03:56:05,849c56dc-68b0-4df5-97bd-6b99b1788b45,Opposite of what was said,,false,3,Inverted meaning,
3394c2af-9389-4d0d-8b8c-6dbc2b990367,2026-04-02 03:56:05,4ac108ca-0334-40ff-ab30-ef7cfe412c14,Natural and appropriate response,,true,1,Fits conversation flow,
33addab4-7ec5-439e-ba44-5c245563f57f,2026-04-02 03:56:05,efb64706-0cb8-4ce7-9778-0c15339d329a,Misses the context,,false,3,Does not answer the question,
33d1c390-fcf3-4210-b00e-51cff2822c91,2026-04-02 03:56:05,c22462fd-eccc-466f-8f0d-ab715523e1a3,Misses the context,,false,3,Does not answer the question,
33e6c567-0126-4b75-a9c4-933994a56fa9,2026-04-02 03:56:05,ec827cb2-25af-4655-aa34-c375fdad6373,Partially true but incomplete,,false,4,Half-correct answer,
33f15860-b029-416a-b90a-6ab4c8b3e4e8,2026-04-02 03:56:05,ab925747-5209-4eea-95dd-935216f2b233,Opposite meaning,,false,4,Antonym for this context,
33f42adb-16f9-479e-b5d3-48e3a92fad10,2026-04-02 03:56:05,3d9710a8-71d0-4ea8-8705-c2b9de4d8656,Item A: English phrase,,true,1,Matches Vietnamese translation,pair_A
33f93e6a-29ab-4623-8f05-2e42cf909271,2026-04-02 03:56:05,5779a6c5-595a-4327-8327-a2778e4f4f6b,Related topic from audio,,false,3,Context related but not stated,
34176145-047f-4bd1-8df2-31b21d949e7e,2026-04-02 03:56:05,21fe5591-b311-41cf-94a7-b9ee1a9c1651,English word translation,,true,1,Direct meaning from English,
3420de35-c9d0-41e1-bae5-e038ba547cca,2026-04-02 03:56:05,4ac108ca-0334-40ff-ab30-ef7cfe412c14,Misses the context,,false,3,Does not answer the question,
3423f944-6de5-44d8-9cda-3b00546c0fc9,2026-04-02 03:56:05,5726bfa9-efb0-430c-95ea-77b9681273cf,Completely different sentence,,false,4,Wrong transcription,
343f9f91-2b2f-47c8-add7-3af46bdc1c31,2026-04-02 03:56:05,050b4cfb-7fa4-4441-9850-9c19b8bc681d,Similar sounding sentence,,false,3,Auditory similarity,
34469792-539f-47e0-b734-bb7c0aa9f445,2026-04-02 03:56:05,18cd5ff6-4900-40f8-9dbd-ddee63fabe52,Item B: English phrase,,true,2,Matches Vietnamese translation,pair_B
344b5715-e62c-45bf-aead-9ccad188e18f,2026-04-02 03:56:05,2d8eb3be-51db-4248-9689-554ba529a31e,Completely different,,false,4,Unrelated option,
34784bb4-ec94-4ba2-b70d-8d2c7d6723e3,2026-04-02 03:56:05,97d9f1f2-b4c3-48d8-8585-b61d3fe70dd0,Item A: English phrase,,true,1,Matches Vietnamese translation,pair_A
348950ee-7e7a-4f48-a0a8-68f7f7334a98,2026-04-02 03:56:05,9961cd69-f46f-4519-bf30-8fa710a01e7b,Related topic from audio,,false,3,Context related but not stated,
3490bf07-5d6f-40c8-9cd4-21fb7265b358,2026-04-02 03:56:05,99ea8f3b-dc79-4f74-aab8-86d5e36e3c34,Item D: English phrase,,true,4,Matches Vietnamese translation,pair_D
3492af2e-5143-46fe-8a57-6c6743609f66,2026-04-02 03:56:05,6a6d8a84-98c4-4c05-9f92-27a8c4c73717,Common beginner mistake,,false,4,Typical error,
349e2e81-353c-490c-9681-8bc6b4f2141c,2026-04-02 03:56:05,bcf7da96-e3f7-4276-9e4a-3bab9c4fb9f3,Item A: English phrase,,true,1,Matches Vietnamese translation,pair_A
34a87e41-bc01-4f4f-a9a1-3a440f8d23ab,2026-04-02 03:56:05,76c10e3f-fdfa-490a-84cd-2550342e47f9,Sounds similar but different,,false,2,Similar pronunciation,
34dd2029-2668-404d-94cf-73b1241b1d6f,2026-04-02 03:56:05,33c92b73-4a7a-4678-96e0-bc71f0b844eb,Correct sentence from audio,,true,1,Exactly as spoken,
34f6c237-aa1f-4ebe-a80b-322985ad0c74,2026-04-02 03:56:05,96151b17-9aef-4f16-ac69-4c7063c5ca1b,True based on the passage,,true,1,Correct interpretation,
350a1909-eb5e-4603-b574-4095fa0d1fb7,2026-04-02 03:56:05,a6d97760-525b-4a4e-a152-d9ee2920e8cc,False: not mentioned in text,,false,2,Misunderstanding,
351117f2-e7c5-4db4-808a-98373d8b3b9f,2026-04-02 03:56:05,ab925747-5209-4eea-95dd-935216f2b233,Wrong verb tense,,false,2,"Same word, wrong form",
35138f3d-80b7-4f5e-babf-c5149a66cc01,2026-04-02 03:56:05,b695a46c-f91a-4620-8b9c-76a4e6007384,Common beginner mistake,,false,4,Typical error,
3523b0e4-588e-4cd7-b801-dc59f03796d6,2026-04-02 03:56:05,f635f2cc-b694-45dd-b953-c4b5edd9878f,Completely different sentence,,false,4,Wrong transcription,
353a9724-a258-472f-8d3b-af0e23e98340,2026-04-02 03:56:05,61586d11-1e42-4981-afb0-3c02a0924b11,Item C: English phrase,,true,3,Matches Vietnamese translation,pair_C
3549680e-28fc-457a-826e-10a6be8f2177,2026-04-02 03:56:05,eb9645dd-7f9d-428a-b5b7-772ecfaa9243,Impolite or rude tone,,false,4,Wrong register,
355f19f7-6bb2-485e-8732-f36c585008d4,2026-04-02 03:56:05,b30d2290-7aae-4c0d-8cf2-77a2c85d5c01,The speaker says this exactly,,true,1,Correct audio interpretation,
3562695e-b34b-4138-ba2e-81cc60d91e6f,2026-04-02 03:56:05,d93400f8-f17c-415e-8ee2-b3857feb59f4,Sounds similar but different,,false,2,Similar pronunciation,
35654677-3f12-4f07-a8c4-6d27b8558532,2026-04-02 03:56:05,6ae0cead-0f6a-4fdb-9666-77af2fae477d,Sounds similar but different,,false,2,Similar pronunciation,
356da6ed-a27d-4db6-a8f8-4121541c1070,2026-04-02 03:56:05,e75db2d5-2a7d-4cdd-b9ad-5a6d0e4e7706,Misses the context,,false,3,Does not answer the question,
3576a5aa-681f-4d61-b9e5-4391486d36a1,2026-04-02 03:56:05,2b96ec93-315b-481d-8e45-9063aca272fe,Different part of speech,,false,3,Noun instead of verb,
3589b4c2-71cd-4425-9ca9-f60b9b8ef2ac,2026-04-02 03:56:05,2f893030-7961-4a6f-a582-c0eacd9164de,Wrong verb tense,,false,2,"Same word, wrong form",
35bf0157-7ebc-4526-bdd2-15a157ca4d40,2026-04-02 03:56:05,d15f9f65-dc86-4643-ac9c-849d376e23b2,Related topic from audio,,false,3,Context related but not stated,
35d62bc1-8af2-411c-8a6a-ed5c28990eb0,2026-04-02 03:56:05,fd5d1f54-cf38-4f56-b96f-36f34a85477d,Grammatically incorrect,,false,2,Unnatural phrasing,
3603e21e-c6b4-4f48-a913-477f05765a7f,2026-04-02 03:56:05,f0838520-b7a7-4d20-ad41-13daf7fdbac7,Misses the context,,false,3,Does not answer the question,
360d65e0-45d7-4f2a-8026-ac56eff6cd17,2026-04-02 03:56:05,b1244d17-0b2c-4388-aa6e-e8ccb3f5da71,Sound-alike but wrong,,false,2,Phonetic confusion,
3618b121-a320-414d-9f0e-64c77af793cb,2026-04-02 03:56:05,630281db-1a4f-46d5-ac68-a7d64a4fb506,The correct word to fill,,true,1,Proper grammar and meaning,
362010fb-1d3d-4755-913a-d814ca10fe65,2026-04-02 03:56:05,f232c412-f8cd-4001-bed3-780e865714ed,Opposite meaning,,false,3,Antonym in Vietnamese,
36239f70-333f-44b1-bdfb-0eb272973170,2026-04-02 03:56:05,d81f294c-60c5-4a37-bc18-1527137941d9,Impolite or rude tone,,false,4,Wrong register,
364015ed-234a-4f22-beb6-1af9c2dfaa70,2026-04-02 03:56:05,1bd9caf9-843a-4c4c-bdd7-20dee56b5c90,Natural and appropriate response,,true,1,Fits conversation flow,
364a44b2-cf11-40d7-ac29-4ff4d4906a6a,2026-04-02 03:56:05,a9338447-83b7-4487-8901-b3c88c2f23f7,Completely different sentence,,false,4,Wrong transcription,
365c20eb-1f87-4737-9234-5fa751921dcd,2026-04-02 03:56:05,8ae0cb0e-37b1-4dac-bad8-fe9e52c28be2,Sounds similar but different,,false,2,Similar pronunciation,
365ffe9a-27c0-458f-9b52-54e5f56ca5e7,2026-04-02 03:56:05,c3661cb6-88ca-42f5-aa72-ba73ee8c5101,Wrong verb tense,,false,2,"Same word, wrong form",
36812962-24bb-420f-9a25-57dbe48848c1,2026-04-02 03:56:05,ac376582-7b26-45d2-bc0e-8ef53f095e35,Different part of speech,,false,3,Noun instead of verb,
369be79e-f6d7-492c-a7f0-2dde1553822d,2026-04-02 03:56:05,84f0571a-c16f-48dd-b4a0-c0577320628a,English word translation,,true,1,Direct meaning from English,
36c29b50-28a3-41c7-b513-4d5c96a2fa89,2026-04-02 03:56:05,e2e78166-bd84-45e4-af8e-769e5d1a46a1,Common beginner mistake,,false,4,Typical error,
36c825e8-0012-4d41-99cf-af1f707c155a,2026-04-02 03:56:05,44e955be-ee6f-445d-872b-56e8c563170b,Item A: English phrase,,true,1,Matches Vietnamese translation,pair_A
36cd8e52-dc23-4102-8d4c-e1013df2588b,2026-04-02 03:56:05,eb1ef3e9-2a6d-4597-b94d-20db61c7a1c4,Natural and appropriate response,,true,1,Fits conversation flow,
36d0ade7-c96b-40bd-a2dc-a88ea006715e,2026-04-02 03:56:05,e4b3e453-7793-4d2b-a8fe-4353df8a59a5,Completely different sentence,,false,4,Wrong transcription,
36d6dd1b-8cac-4a85-846f-8f0c4e01a77f,2026-04-02 03:56:05,28c3a2db-d386-4bde-a7a0-7250fb30eb8e,Partially true but incomplete,,false,4,Half-correct answer,
36ef88e2-545a-46ed-afd4-54e26bf5ca6d,2026-04-02 03:56:05,ac376582-7b26-45d2-bc0e-8ef53f095e35,The correct word to fill,,true,1,Proper grammar and meaning,
37108213-047b-4879-94f4-f649d3407816,2026-04-02 03:56:05,f99573f1-0347-4cac-87c3-508f56c74dd0,Completely different,,false,4,Unrelated option,
373ad52f-f3e1-4ba1-93a3-4156e857fb2f,2026-04-02 03:56:05,1ba23f64-9d27-4ba0-b23d-2543c8774f42,Related topic from audio,,false,3,Context related but not stated,
37907ba6-afba-4d7f-8371-c2f0c55990f1,2026-04-02 03:56:05,6b05ebb1-cf41-48cf-af5d-94b56e6266aa,Completely different sentence,,false,4,Wrong transcription,
37c5d740-5fdd-4f17-b05a-7ad475ebc66f,2026-04-02 03:56:05,047edaa7-7543-4458-a458-103cc86adbca,Natural and appropriate response,,true,1,Fits conversation flow,
37fc1d20-7a5f-4a0a-aef5-50d34b99a5e6,2026-04-02 03:56:05,c4f8dd4c-533d-4ca9-b2d7-99de6ca8089f,Item B: English phrase,,true,2,Matches Vietnamese translation,pair_B
380a6b25-5488-4ceb-ba5b-615fb21fba14,2026-04-02 03:56:05,c5acf0d6-9710-412c-913c-6472a0c2a3b4,Grammatically incorrect,,false,2,Unnatural phrasing,
3810f9a8-106b-448d-9a17-18d76c8c52ed,2026-04-02 03:56:05,fb12ed4f-5d29-4c65-a37d-269437b70e91,Item B: English phrase,,true,2,Matches Vietnamese translation,pair_B
387c66c2-5e22-45b2-a20c-580141a9ade5,2026-04-02 03:56:05,4f723733-abdd-40ad-85ab-fa4dfc60a874,Sounds similar but different,,false,2,Similar pronunciation,
38b9a9fd-c489-405b-921e-98349e9c5130,2026-04-02 03:56:05,7d4079ac-40f6-477b-b149-2c923d63ab9e,Natural and appropriate response,,true,1,Fits conversation flow,
38d0fba8-7e8b-4a23-ab3b-b42ec148fdd1,2026-04-02 03:56:05,ec4f84a7-2b52-4139-9517-52368ddc5113,Item B: English phrase,,true,2,Matches Vietnamese translation,pair_B
38e44443-98f6-45af-a122-786f40714ae0,2026-04-02 03:56:05,8951b3ae-f961-41b1-b0ca-45060c61046e,Sounds similar but different,,false,2,Similar pronunciation,
38ea90d9-8123-497d-ab95-e6cefbde9d21,2026-04-02 03:56:05,87875ef9-0a8d-4215-82b2-9f9eb1d70248,Opposite meaning,,false,3,Antonym in Vietnamese,
38f16dc2-4a8a-47d9-b7c7-70a504707c21,2026-04-02 03:56:05,063b4130-fc53-41fd-a60d-a70c61485831,Has spelling error,,false,2,Homophone confusion,
38f96c07-d66f-4b32-8974-ee9853eeb104,2026-04-02 03:56:05,37bb6acb-af73-44f9-adf5-81fcfa167c26,Related topic from audio,,false,3,Context related but not stated,
38fa872c-5e9b-4184-aacf-78b8f32b0af6,2026-04-02 03:56:05,5e26a4ca-3ceb-45c4-a747-8c6a806d73c0,True based on the passage,,true,1,Correct interpretation,
39156300-1945-441a-8c11-b96b27fcc0a2,2026-04-02 03:56:05,982867ae-b1ed-49ea-b116-bbe34b3f7741,Completely different sentence,,false,4,Wrong transcription,
392391b8-7c05-4e0b-aa88-a679a6874904,2026-04-02 03:56:05,75fcb20a-ed52-4c8a-b766-7c67e5d87f63,Completely different sentence,,false,4,Wrong transcription,
393814de-1924-48f5-b8c0-0699ef2d7c6d,2026-04-02 03:56:05,5698ed35-4ceb-47bf-96f2-875f6166287f,Has spelling error,,false,2,Homophone confusion,
3949f06f-8089-48f0-b704-031465594260,2026-04-02 03:56:05,58b04fb5-1beb-480b-a3a4-aeedd7e61f94,Opposite of what was said,,false,3,Inverted meaning,
396f3265-6d65-41a1-8821-6eb85d8f9c70,2026-04-02 03:56:05,76c10e3f-fdfa-490a-84cd-2550342e47f9,Related topic from audio,,false,3,Context related but not stated,
39b97d60-04ab-4829-baa5-1e95576ac81e,2026-04-02 03:56:05,8faa0cdd-5afc-4b90-b9e9-944474a81b8c,English word translation,,true,1,Direct meaning from English,
39bb3c44-6e07-4396-9c8b-d07a948b969e,2026-04-02 03:56:05,a76223c9-23f0-422b-8caf-59b408f4a233,Opposite of what was said,,false,3,Inverted meaning,
39eeb111-66c6-4896-bc5d-fffc241becea,2026-04-02 03:56:05,507d5438-cdee-48dc-8064-62101fd35584,Partially true but incomplete,,false,4,Half-correct answer,
3a35d43d-de31-4a01-8a08-ccc42d1ca4ef,2026-04-02 03:56:05,a0c56ae0-9957-4545-ab48-051daf1b1160,Completely different,,false,4,Unrelated option,
3a3d0dcb-14ab-4e08-8de5-d57bc2488f20,2026-04-02 03:56:05,f6161149-e8a8-422a-9f24-1210ea9734e3,The speaker says this exactly,,true,1,Correct audio interpretation,
3a3fbe40-9113-4971-9841-9ff4eaa9e360,2026-04-02 03:56:05,aa9dc379-5f1c-4cce-b759-dfd3ec1e0d57,Misses the context,,false,3,Does not answer the question,
3a49ba67-cdd6-4ace-80f0-af9bb9102be7,2026-04-02 03:56:05,13d83227-85b3-433c-a68a-e24d23891ccf,Correct sentence from audio,,true,1,Exactly as spoken,
3a576631-8efd-431f-a3b7-b98cb4acb692,2026-04-02 03:56:05,a8efc791-34bd-41a3-8b04-c372a61315fb,Item A: English phrase,,true,1,Matches Vietnamese translation,pair_A
3a584188-c443-41ab-9c04-63a9c816b45a,2026-04-02 03:56:05,1b775e46-c7bc-4dae-af4c-d4c1ffd05eff,Item D: English phrase,,true,4,Matches Vietnamese translation,pair_D
3a594eee-cf13-42f4-8f6d-aa3144b69fdb,2026-04-02 03:56:05,e4786943-ceba-454a-ae18-7990593f1517,Item B: English phrase,,true,2,Matches Vietnamese translation,pair_B
3a754e9d-a0ad-4417-8450-d5037bb995cb,2026-04-02 03:56:05,3ce3471b-daaa-474f-be66-9a92d15b0235,Sound-alike but wrong,,false,2,Phonetic confusion,
3a76bc02-2a97-4c3d-bfc9-ae8f7cf7e4a2,2026-04-02 03:56:05,d2c33180-bad9-4907-8166-4fb6b80eb299,Wrong verb tense,,false,2,"Same word, wrong form",
3ab98d93-1616-42c6-97e9-5e183f02b9d4,2026-04-02 03:56:05,abd3f834-b0f2-4723-80df-c82ac518c7bb,Impolite or rude tone,,false,4,Wrong register,
3ac32343-6e40-48cc-87c1-8bc3764409bf,2026-04-02 03:56:05,bf8bf6fc-22c9-4fde-ab93-adb790c65843,Similar sounding sentence,,false,3,Auditory similarity,
3acc969d-aecc-4d1f-a5e2-84e1a2a7a50c,2026-04-02 03:56:05,5494e1c2-ae52-443d-9907-61f68ddd1781,Opposite of what was said,,false,3,Inverted meaning,
3adb1011-3ca1-45d6-a7c1-e9f808730471,2026-04-02 03:56:05,85003893-2851-48ba-b260-597942cdfc45,Has spelling error,,false,2,Homophone confusion,
3ae10fb1-feea-4426-9112-068d7ec50369,2026-04-02 03:56:05,24d9b4c4-6a8f-46bf-80b7-da3eaad4ac63,Sounds similar but different,,false,2,Similar pronunciation,
3aea9580-c654-4ffa-aa87-68ddb63329c1,2026-04-02 03:56:05,c87c6b11-32d5-44a9-a585-9020e9ca9773,Correct sentence from audio,,true,1,Exactly as spoken,
3b0d224d-15dc-4c50-9a10-db0c7572806e,2026-04-02 03:56:05,2017620a-43af-47bd-a735-f02df0e605a5,Completely different sentence,,false,4,Wrong transcription,
3b1dd24c-b55f-41d1-83fb-6e85db68294e,2026-04-02 03:56:05,ace338cd-3be6-477a-b0bb-555b69281027,Item C: English phrase,,true,3,Matches Vietnamese translation,pair_C
3b419047-cdf0-45d0-8cb9-ef50fd3cff82,2026-04-02 03:56:05,dce5d8eb-ae28-4371-9b7c-de911934464d,The speaker says this exactly,,true,1,Correct audio interpretation,
3b83ec02-06e2-41f9-a90d-eb7058faaa0b,2026-04-02 03:56:05,60065f92-b180-4860-ac85-42ee77c0d810,Item C: English phrase,,true,3,Matches Vietnamese translation,pair_C
3b86502e-9c50-42f7-b10c-097a6ef28ae1,2026-04-02 03:56:05,4bf4bdf4-4a01-4201-b356-c322a9df6336,Different part of speech,,false,3,Noun instead of verb,
3b8d0db6-76f3-4b0b-b5d7-56b3e8d059f1,2026-04-02 03:56:05,60fe2be1-c489-4ef1-b898-b1fb6c965036,The speaker says this exactly,,true,1,Correct audio interpretation,
3b9c4ef3-c400-43bd-b5f6-088279d3455f,2026-04-02 03:56:05,063b4130-fc53-41fd-a60d-a70c61485831,Correct sentence from audio,,true,1,Exactly as spoken,
3b9f2e38-7a22-41aa-9b03-c90b8e1e7657,2026-04-02 03:56:05,dde1cc30-e89f-4b07-a962-f1419cd581dc,Misses the context,,false,3,Does not answer the question,
3bba6f17-0778-49a5-86cc-d7760c01e931,2026-04-02 03:56:05,aaf0b04d-3ac4-4edb-a655-2aa9e4235357,Natural and appropriate response,,true,1,Fits conversation flow,
3bd0ef80-88ce-472f-8503-fffa2d405f31,2026-04-02 03:56:05,b30d2290-7aae-4c0d-8cf2-77a2c85d5c01,Completely different,,false,4,Unrelated option,
3be4ad71-fe64-4faf-91c3-b8afe7cbecde,2026-04-02 03:56:05,a39c4f6b-c0c5-4d9a-9fd9-08bc47e90a79,Item C: English phrase,,true,3,Matches Vietnamese translation,pair_C
3bf2b0df-d046-42c3-b690-3d13c3926932,2026-04-02 03:56:05,bf8bf6fc-22c9-4fde-ab93-adb790c65843,Has spelling error,,false,2,Homophone confusion,
3bfe3283-2405-49f1-ae65-40936db5851c,2026-04-02 03:56:05,3047ade4-625a-4191-a904-574a1517ced6,The correct word to fill,,true,1,Proper grammar and meaning,
3c042ce0-5d8b-4e9c-b40e-30e8aad63e1b,2026-04-02 03:56:05,fbe88a6b-03df-4c63-9789-dca0ec12bb40,Different part of speech,,false,3,Noun instead of verb,
3c2d523b-ab37-4573-9479-074a0f6db190,2026-04-02 03:56:05,2495eaa8-b6a3-429a-9373-d3563639fcd5,Completely different,,false,4,Unrelated option,
3c34caaf-ce5f-4cd0-b4a1-acd8863e5e8e,2026-04-02 03:56:05,20eaf788-da6c-4e27-b762-f233356faa19,Item B: English phrase,,true,2,Matches Vietnamese translation,pair_B
3c44ae01-3cce-4c93-a2c2-715a6e0eff25,2026-04-02 03:56:05,963f5a40-0d25-404e-9a1d-27c3595278c2,Common beginner mistake,,false,4,Typical error,
3c6db2d1-ff1d-4db5-baa0-e622902c56ba,2026-04-02 03:56:05,58b04fb5-1beb-480b-a3a4-aeedd7e61f94,True based on the passage,,true,1,Correct interpretation,
3c757796-09a5-4f18-93bf-66aa423d8e46,2026-04-02 03:56:05,752550b4-0cbf-464b-9d87-0becfa881725,Common beginner mistake,,false,4,Typical error,
3c7e3ae4-db53-4272-8319-516e7bc4ddc5,2026-04-02 03:56:05,cd0e2e95-ad49-464c-a4cc-d08c196793f7,Grammatically incorrect,,false,2,Unnatural phrasing,
3cea1851-8987-4fee-9e8a-b8ad976b9d22,2026-04-02 03:56:05,f4f2da44-8187-4377-96d6-39f6e2aad8e6,Wrong verb tense,,false,2,"Same word, wrong form",
3cf7915a-8336-49c2-9c3b-6a67d3914a6d,2026-04-02 03:56:05,d4992a1f-ae7e-48a4-892c-ce2b0c0ed367,Sound-alike but wrong,,false,2,Phonetic confusion,
3d3124c0-b9c3-487e-a045-b2830367c369,2026-04-02 03:56:05,6b8f8e4b-883d-41e0-a5ff-fd50c6d561a9,True based on the passage,,true,1,Correct interpretation,
3d4b0531-7edd-4213-aa19-e119e0387d05,2026-04-02 03:56:05,70189253-b426-457d-90be-303c8ab22809,Item D: English phrase,,true,4,Matches Vietnamese translation,pair_D
3d648e86-1cfc-48c6-b6c0-2abee217e7f0,2026-04-02 03:56:05,815c5e0a-94f8-4759-b195-c9c632b1f211,Opposite meaning,,false,4,Antonym for this context,
3d6b9f79-5eb7-4463-9a32-80c848bbac1c,2026-04-02 03:56:05,1fd2eab3-b142-41fa-a6d1-66d0ab0a7fe1,Opposite meaning,,false,3,Antonym in Vietnamese,
3d7ebfe5-4a3f-4094-b797-9fb93ef07741,2026-04-02 03:56:05,fdc50bca-c718-480a-9b3d-09dacfab886d,Impolite or rude tone,,false,4,Wrong register,
3dba08fa-c94f-4047-8130-90059e0b226a,2026-04-02 03:56:05,fb58accf-c2cd-4dde-97c7-454b3f82eee4,Correct sentence from audio,,true,1,Exactly as spoken,
3e00fb25-9b50-4b45-8ca8-2aa2188eef0d,2026-04-02 03:56:05,b55d2cc8-14bf-47b3-9b40-338ac4b252be,Completely different sentence,,false,4,Wrong transcription,
3e2929c0-d465-4283-b277-9480892a2cff,2026-04-02 03:56:05,cce012c7-ce47-4800-94d4-fb2262e4b2f1,Item C: English phrase,,true,3,Matches Vietnamese translation,pair_C
3e2f1692-36e2-4cc6-97dd-ee52e891db66,2026-04-02 03:56:05,1eff84c3-ea31-455b-aa71-b130670d538e,Completely different,,false,4,Unrelated option,
3e306be6-dbdb-4a33-bd66-ec3b0bdb96d1,2026-04-02 03:56:05,abcdcfcb-2de2-49c5-aadb-c4d7b7fe1e03,Sounds similar but different,,false,2,Similar pronunciation,
3e3125ef-03f8-4762-8a42-7ef96be1b2b5,2026-04-02 03:56:05,1a449cca-ece4-487a-b8ff-ec71f733bf09,Correct sentence from audio,,true,1,Exactly as spoken,
3e4d4111-a65f-4c1c-b35c-259dd1eee6ae,2026-04-02 03:56:05,cfd97dbd-2b0b-4cdc-945b-0f30b3cbe04e,Wrong verb tense,,false,2,"Same word, wrong form",
3e6498ac-0d51-42ca-b0a5-45564d4b85f5,2026-04-02 03:56:05,67b71451-0311-4a1a-9731-095de6c3f023,Item C: English phrase,,true,3,Matches Vietnamese translation,pair_C
3e689519-d599-42d5-9ed5-77f4032cbc43,2026-04-02 03:56:05,94de28a2-c690-40af-a623-d65277d3417d,Correct sentence from audio,,true,1,Exactly as spoken,
3e72c282-d113-494a-b868-873bf6f97192,2026-04-02 03:56:05,e2e78166-bd84-45e4-af8e-769e5d1a46a1,Opposite meaning,,false,3,Antonym in Vietnamese,
3e907769-8ca9-4222-a9da-251d67f2b9e6,2026-04-02 03:56:05,e2494242-a1c2-4aa8-affc-8f10c93b564e,Similar sounding sentence,,false,3,Auditory similarity,
3ec22772-5550-472c-888b-8c20c9c14c77,2026-04-02 03:56:05,4a339287-0b9b-4be2-ad99-f15e5bb1cd11,Opposite meaning,,false,4,Antonym for this context,
3ed1f6de-d571-4490-9e59-859756420ce0,2026-04-02 03:56:05,4e34ce6e-b712-48a2-b1ec-3187ba26e793,True based on the passage,,true,1,Correct interpretation,
3ed6963c-1a99-4c54-8a91-b57712738744,2026-04-02 03:56:05,851317a1-a169-4f33-9fa5-776253ad2767,Partially true but incomplete,,false,4,Half-correct answer,
3f0e04ac-9284-47e5-9635-4208343e09d0,2026-04-02 03:56:05,74ebb8b3-ccb8-494b-9e4b-4ea4f2d04c3e,Related topic from audio,,false,3,Context related but not stated,
3f250b15-d759-40b7-b422-f5e2eee8d59f,2026-04-02 03:56:05,3c904bc0-f5f5-4433-849c-09e1db2f1832,True based on the passage,,true,1,Correct interpretation,
3f58c109-c306-4cdb-95a1-a8053795253d,2026-04-02 03:56:05,8f426d31-122b-4f42-bc01-c8470ba0d3bb,False: not mentioned in text,,false,2,Misunderstanding,
3f629119-da2c-47e2-9365-d1d758436d54,2026-04-02 03:56:05,29e10fc9-0f4b-4c5d-88a9-cf1756366f93,Has spelling error,,false,2,Homophone confusion,
3f65f201-43e4-462b-87ab-a586f28a2998,2026-04-02 03:56:05,ebc95f9c-a47d-40c6-8e18-9c94da756db8,Grammatically incorrect,,false,2,Unnatural phrasing,
3f75d44e-0adc-416f-8b4b-4ec429a7dfd7,2026-04-02 03:56:05,3964d087-0478-4df2-87ee-a9bd75b638ff,Common beginner mistake,,false,4,Typical error,
3f7e12b6-e414-412b-9436-72840639fe48,2026-04-02 03:56:05,982867ae-b1ed-49ea-b116-bbe34b3f7741,Similar sounding sentence,,false,3,Auditory similarity,
3f954166-26b0-4290-a4b4-2457cd2bd8a0,2026-04-02 03:56:05,5f3fc7fd-9150-467c-a6fd-2adce39e58b9,False: not mentioned in text,,false,2,Misunderstanding,
3fb1dc1d-a665-4b84-a335-51bf3f79081a,2026-04-02 03:56:05,5d010628-9fda-4582-abc8-6efd28029d05,Related topic from audio,,false,3,Context related but not stated,
3fc777e8-c13f-4131-bacb-a7002b7d79b7,2026-04-02 03:56:05,01b0660d-80eb-4aa4-b4e9-c678f9b95f8e,False: not mentioned in text,,false,2,Misunderstanding,
4005c7f2-2f09-401c-8249-277c7a6c5940,2026-04-02 03:56:05,ff6787af-075a-4069-8003-ecfe69436573,Item A: English phrase,,true,1,Matches Vietnamese translation,pair_A
402c0029-7db3-4962-b777-1b3a9a7969b1,2026-04-02 03:56:05,1c02e16f-f383-4be6-bc4c-4469442bfc13,Item C: English phrase,,true,3,Matches Vietnamese translation,pair_C
4040af17-4772-4d5a-96e4-28a0e911daf1,2026-04-02 03:56:05,97814bbb-f4a8-48c2-9bd1-457a59be8d35,Natural and appropriate response,,true,1,Fits conversation flow,
4053368f-3f25-44df-8bd9-d5b3c8eebec2,2026-04-02 03:56:05,4dc0c1d2-5d88-45e5-a7f8-d2e9c4a0581b,Common beginner mistake,,false,4,Typical error,
4060afaa-52ef-48e7-b8fa-bdb88fbf9000,2026-04-02 03:56:05,dbf59cdc-224d-4389-984a-3f8b3341f2f8,Opposite of what was said,,false,3,Inverted meaning,
4086716a-c2fa-4029-997d-3a3429e3dfad,2026-04-02 03:56:05,84537b96-f888-4d0a-a05b-c974fb1f92be,Common beginner mistake,,false,4,Typical error,
408bd097-262d-4fb4-a11a-2b25c3cc88bb,2026-04-02 03:56:05,06205a05-f926-4a4d-a4f2-a9ea7b8437c2,Opposite meaning,,false,4,Antonym for this context,
40aaa068-4d43-4086-bb88-c2e06282fd72,2026-04-02 03:56:05,e67f76ee-5b86-431a-97cc-b0be13a5a283,Opposite meaning,,false,3,Antonym in Vietnamese,
40ae746d-7130-4624-8438-340553df3789,2026-04-02 03:56:05,dd8de3be-8c81-4d3a-86dc-ba45e357cf5b,Natural and appropriate response,,true,1,Fits conversation flow,
40d96b92-ebca-45a8-b477-f511d8e134fa,2026-04-02 03:56:05,f0a32686-bf96-47e7-a665-eebddd783f3a,The speaker says this exactly,,true,1,Correct audio interpretation,
40eb0751-d411-4bcd-aa0d-bb8d588f297f,2026-04-02 03:56:05,7d4079ac-40f6-477b-b149-2c923d63ab9e,Impolite or rude tone,,false,4,Wrong register,
40fa1e2b-c1ac-48e4-b8fb-d5ca8e8d65aa,2026-04-02 03:56:05,e4730f8e-a7a0-490f-8c83-03a6672673ed,Related topic from audio,,false,3,Context related but not stated,
40fb5362-23e3-4a95-b20c-10d9c156fd4b,2026-04-02 03:56:05,e1cb8f2b-794f-455e-8923-de7381b77df6,English word translation,,true,1,Direct meaning from English,
4117a78e-750e-4c1b-aebc-2e05e670ef32,2026-04-02 03:56:05,d16ce3ed-21ab-4acf-b3d5-6f4963f4ea01,Item D: English phrase,,true,4,Matches Vietnamese translation,pair_D
41359f37-0965-4f82-aedb-651eeb84423a,2026-04-02 03:56:05,1d186e38-18f1-40d8-a426-1947a1879c78,Item B: English phrase,,true,2,Matches Vietnamese translation,pair_B
4154d782-1c37-421a-9c2d-9ea939b4e221,2026-04-02 03:56:05,2e2946bb-172d-461c-ac8c-8a24a2d01c2e,Misses the context,,false,3,Does not answer the question,
417f86e2-9e69-4831-8d2e-59a33ad74dad,2026-04-02 03:56:05,e1d33698-6063-4eed-b14c-9672b676a374,Opposite meaning,,false,3,Antonym in Vietnamese,
41cd5d1e-e749-419b-9074-9a6e28f8c2e0,2026-04-02 03:56:05,362c6cc6-9f53-40cb-8357-bcc01aacbd5a,Correct sentence from audio,,true,1,Exactly as spoken,
41db803c-8b18-4494-8775-cb80a9e68dd8,2026-04-02 03:56:05,dbf59cdc-224d-4389-984a-3f8b3341f2f8,True based on the passage,,true,1,Correct interpretation,
4207308d-6839-4f19-86a5-a5ae02465f67,2026-04-02 03:56:05,560c2894-818e-4605-be6f-0bd75ce9f4f3,Partially true but incomplete,,false,4,Half-correct answer,
421ca940-6bd5-49c0-8db0-01f3ab0941e2,2026-04-02 03:56:05,f81c0744-2c2a-41f0-bf95-78fa0aba5bfa,Completely different sentence,,false,4,Wrong transcription,
423f8f65-766e-4e0c-ab32-e313d48ded0c,2026-04-02 03:56:05,a17ca0aa-c977-46cf-8c1a-af914f2d6fdb,Grammatically incorrect,,false,2,Unnatural phrasing,
42506189-3734-4c57-be62-78d36cf1d027,2026-04-02 03:56:05,30b29053-dd3c-4403-83f5-de2dce1ab271,Sound-alike but wrong,,false,2,Phonetic confusion,
4256b96e-2fa0-43e7-b112-a79d9d769ca0,2026-04-02 03:56:05,bc08d346-1fe2-46eb-b12a-af047dc5aadf,Opposite meaning,,false,3,Antonym in Vietnamese,
42726ad9-790f-4204-8ecb-8f0b6f81297e,2026-04-02 03:56:05,4795e012-8e42-45a3-8106-4c9aec83cc5f,False: not mentioned in text,,false,2,Misunderstanding,
42a57859-0bb6-4e8e-ad1a-533895f08423,2026-04-02 03:56:05,edb644b8-7d66-4ff3-a572-ca16efae43c8,Common beginner mistake,,false,4,Typical error,
42bdb202-8bc3-45bf-9e97-1f38c04f552b,2026-04-02 03:56:05,fcd54e88-d56e-4ee1-9703-7a99e5556d71,Related topic from audio,,false,3,Context related but not stated,
42cb698f-ada3-43db-ab3e-b707a231dcae,2026-04-02 03:56:05,1d186e38-18f1-40d8-a426-1947a1879c78,Item D: English phrase,,true,4,Matches Vietnamese translation,pair_D
42cfca2c-7662-4985-ade2-56db51670a8f,2026-04-02 03:56:05,c142eb4d-c7e3-4c70-9b1d-6d1ca6e34ce1,False: not mentioned in text,,false,2,Misunderstanding,
42f3a599-d55d-4945-b3ad-408e0886add2,2026-04-02 03:56:05,f2369a72-48f5-4ce8-bb20-62386b2aaad9,The speaker says this exactly,,true,1,Correct audio interpretation,
42fa2f67-9333-4cd0-b960-3986a70b2cb1,2026-04-02 03:56:05,bf5f433f-c52a-44fe-ae5b-8fb6e3ab7248,The correct word to fill,,true,1,Proper grammar and meaning,
432c181c-ef30-414e-8d8d-49ce6389c695,2026-04-02 03:56:05,14aec51b-d7cb-4c89-a01f-3b69d5378dd8,Common beginner mistake,,false,4,Typical error,
433d2ee1-ba89-4e77-b50b-ffa11a0604a9,2026-04-02 03:56:05,109e1e83-b9fb-4f9e-a8c0-f89ab7342f07,Sound-alike but wrong,,false,2,Phonetic confusion,
4355b38a-62d7-4e73-acba-996e922b6c20,2026-04-02 03:56:05,a18a570f-31e6-48f6-b6c6-4619ba8c8d54,Item C: English phrase,,true,3,Matches Vietnamese translation,pair_C
435c69a0-3312-48f0-aeb2-6dcf3f99e274,2026-04-02 03:56:05,8c5e8011-75e3-48d7-b7f5-7c6ea044d782,Similar sounding sentence,,false,3,Auditory similarity,
43856f72-2b0b-4208-ac4a-1c51d3c28de4,2026-04-02 03:56:05,31c212d2-45ba-4b4f-ad05-06ba487fc2f3,The correct word to fill,,true,1,Proper grammar and meaning,
4398f76f-0065-4674-9afc-69c44f906e40,2026-04-02 03:56:05,f6be5ab8-c480-4d13-b821-df623d1f7655,Item C: English phrase,,true,3,Matches Vietnamese translation,pair_C
43a6ddd8-d17d-4272-a6f3-71b6e5266d4f,2026-04-02 03:56:05,41d18a08-bbf0-42a1-a8d5-016f7888fbbf,Grammatically incorrect,,false,2,Unnatural phrasing,
43aa33ba-a510-4dbb-b43e-45406a241a7c,2026-04-02 03:56:05,20350726-24b8-4117-99eb-cc9d5a2ec2fd,Item D: English phrase,,true,4,Matches Vietnamese translation,pair_D
43bd426c-7381-43d2-a0c3-28bb0f77ebd8,2026-04-02 03:56:05,b455fbf9-929e-443b-803e-1b61d45aaf2f,False: not mentioned in text,,false,2,Misunderstanding,
43c1ed8a-fcf1-47a1-8bcd-02e4264b293b,2026-04-02 03:56:05,ca4e4a78-428e-41db-bfd1-c70937b95f17,Opposite meaning,,false,3,Antonym in Vietnamese,
43c7e189-0582-48e2-a6b6-e923b6c39a16,2026-04-02 03:56:05,735b457b-36d6-4f63-b72b-32e44dfe3827,True based on the passage,,true,1,Correct interpretation,
43ce4376-af03-4f5f-8c7f-0979e624594c,2026-04-02 03:56:05,a2e92705-ceab-4307-b49a-038044406ae9,Grammatically incorrect,,false,2,Unnatural phrasing,
43e8acfd-b4e6-4ff9-9584-27dc6dd6f32e,2026-04-02 03:56:05,b695a46c-f91a-4620-8b9c-76a4e6007384,Opposite meaning,,false,3,Antonym in Vietnamese,
43f1cc50-1057-4c35-99cd-ca47fc55a0a7,2026-04-02 03:56:05,6fb71b91-3a67-42a5-b155-0b332c907613,Completely different,,false,4,Unrelated option,
4403164b-cd1c-4ac0-9ba6-8f27f7d550b8,2026-04-02 03:56:05,fa9fed62-5d84-4d1e-9c02-41ba3ca1161f,Item B: English phrase,,true,2,Matches Vietnamese translation,pair_B
4425b948-174c-4164-a2b6-cff0429005e4,2026-04-02 03:56:05,44e955be-ee6f-445d-872b-56e8c563170b,Item C: English phrase,,true,3,Matches Vietnamese translation,pair_C
442d74b1-3185-4d64-b7be-90d6ee9924b4,2026-04-02 03:56:05,6012b2fb-3ca4-4bfe-a07d-cb8c30dfdb5b,Similar sounding sentence,,false,3,Auditory similarity,
442e8b43-87f0-4d86-81ba-63decaeb81e0,2026-04-02 03:56:05,18c1a9b5-6e31-4628-8004-0fc5f518e406,Item D: English phrase,,true,4,Matches Vietnamese translation,pair_D
4433df01-ed27-4684-91fb-c8694d4eed82,2026-04-02 03:56:05,a6525863-0e8b-43e6-a136-676b5b4b5bf6,Has spelling error,,false,2,Homophone confusion,
44549163-bade-44ee-b8bf-eea2491bb3b0,2026-04-02 03:56:05,f0a32686-bf96-47e7-a665-eebddd783f3a,Completely different,,false,4,Unrelated option,
4476c160-38da-4d0a-9d2d-cb1a13d0dcc8,2026-04-02 03:56:05,c9c5fb8b-b468-4917-8b8a-7b89a45a9c9c,Related topic from audio,,false,3,Context related but not stated,
44829f6d-7a2c-44a9-a6fd-966a66ac25b3,2026-04-02 03:56:05,60065f92-b180-4860-ac85-42ee77c0d810,Item A: English phrase,,true,1,Matches Vietnamese translation,pair_A
449342f0-e48f-417e-8797-819cfc8b7126,2026-04-02 03:56:05,cada8ae6-4767-42d3-8bc3-bcde6a823f52,Item B: English phrase,,true,2,Matches Vietnamese translation,pair_B
449ce1ff-8f16-46a6-9ea6-388e6c59de1c,2026-04-02 03:56:05,97814bbb-f4a8-48c2-9bd1-457a59be8d35,Impolite or rude tone,,false,4,Wrong register,
44a73d72-5393-4ec1-bf5f-6dfeca8b122b,2026-04-02 03:56:05,a18a570f-31e6-48f6-b6c6-4619ba8c8d54,Item D: English phrase,,true,4,Matches Vietnamese translation,pair_D
44ae1cf3-2410-43b3-89e2-be26fa38f27a,2026-04-02 03:56:05,74ebb8b3-ccb8-494b-9e4b-4ea4f2d04c3e,Completely different,,false,4,Unrelated option,
44bc9bc4-643c-46c0-8ad8-da788645de77,2026-04-02 03:56:05,edd7e515-2988-4e2c-ae9b-91bb8e9eca8d,Opposite of what was said,,false,3,Inverted meaning,
44c65ff3-3c47-4718-99ed-4aab36a1f446,2026-04-02 03:56:05,7824b933-bba4-4df5-b168-294a757d9a82,Opposite meaning,,false,3,Antonym in Vietnamese,
44f88b95-bde1-49f8-9a05-4b0dc03b7046,2026-04-02 03:56:05,3f9d6d52-774e-4f52-a2ad-f9730e290731,Misses the context,,false,3,Does not answer the question,
45281475-f304-494c-a70f-4c24a9304fc4,2026-04-02 03:56:05,7ec5a721-c737-405a-bc74-d763c7432f97,Wrong verb tense,,false,2,"Same word, wrong form",
453906b7-f969-4f27-beeb-de776139c078,2026-04-02 03:56:05,b08ebe34-bdc4-4596-b0d6-e929b422625b,Impolite or rude tone,,false,4,Wrong register,
45509dc1-6c8a-4658-b973-3d768fda0051,2026-04-02 03:56:05,e03c948b-d1ac-4226-8d67-ea7ab6ca6b2f,Natural and appropriate response,,true,1,Fits conversation flow,
455780e1-fab9-4309-ba90-c92044dcba65,2026-04-02 03:56:05,0686bc45-d2d2-4f3b-9dff-ef349b3b8174,Opposite meaning,,false,4,Antonym for this context,
4578f47d-4e7d-4127-9840-3b61d9153964,2026-04-02 03:56:05,c28126ae-02c4-4dca-ab77-d24f8e60f7e4,Opposite meaning,,false,3,Antonym in Vietnamese,
4590e463-bb3f-4f5f-bbc0-6a130d54fec5,2026-04-02 03:56:05,fd3a2eee-17eb-4403-aef7-cfef4e941e1b,Related topic from audio,,false,3,Context related but not stated,
45912fb1-0c93-4951-bb0b-f0040f15ca24,2026-04-02 03:56:05,5e27f1a3-dd5e-4460-8dfc-ac9c6d785558,Item C: English phrase,,true,3,Matches Vietnamese translation,pair_C
4596752c-fcc4-4475-95d3-91eeb8b0c1e2,2026-04-02 03:56:05,6dce6674-081a-496b-805d-ab092ca083fa,Related topic from audio,,false,3,Context related but not stated,
45bab0bf-7460-41ed-94c7-d26afd445c13,2026-04-02 03:56:05,87813904-668e-403f-9ba7-713c2f9c0b1f,Similar sounding sentence,,false,3,Auditory similarity,
45ec1c95-7b7f-40b3-8017-e416ae103bce,2026-04-02 03:56:05,998c9f28-c0f4-4ca9-957d-241dae2e1845,Related topic from audio,,false,3,Context related but not stated,
45ef95b3-118f-4972-beba-92d54d0e61d8,2026-04-02 03:56:05,49be591e-5fd0-42d1-823a-d37510d9f9c4,False: not mentioned in text,,false,2,Misunderstanding,
4606a391-1bbf-4e60-96dd-5a7e4e6ce92d,2026-04-02 03:56:05,680db8b3-9fb5-4ee9-82dc-a74ed1da9918,Impolite or rude tone,,false,4,Wrong register,
4619ff55-10fe-440d-8b59-1e772a487c74,2026-04-02 03:56:05,aad02098-29f4-4aaf-beb4-cbfebc9f27fb,Item C: English phrase,,true,3,Matches Vietnamese translation,pair_C
46367380-6118-4fc9-b3d9-31d48f06e33f,2026-04-02 03:56:05,1ef656b6-2ffc-4d34-a8b8-9a05d5ae7489,The speaker says this exactly,,true,1,Correct audio interpretation,
464f5565-e73a-43ff-a1f0-d5e521cb34d8,2026-04-02 03:56:05,31b2d3ea-e3c9-42b9-8ecd-f2b6e5ecbbe5,Related topic from audio,,false,3,Context related but not stated,
46549121-ed46-47f7-99a5-8c0345ca3cc9,2026-04-02 03:56:05,bb364fc8-fca7-4ebf-83f2-4606726c42f1,Item D: English phrase,,true,4,Matches Vietnamese translation,pair_D
465855f4-bcfc-4cf8-9a3c-3e74af22c6b5,2026-04-02 03:56:05,b8b45423-9883-41e1-8f9a-89c7570b00cb,Different part of speech,,false,3,Noun instead of verb,
4677710e-dbcf-4318-84e0-5ff9faefc2e4,2026-04-02 03:56:05,71104fc0-17ea-47e3-89de-b2e8a7cc917b,Common beginner mistake,,false,4,Typical error,
46d1ae67-87b1-4939-bc26-d2aaefb56dda,2026-04-02 03:56:05,68f74817-e820-4cdf-ab6f-e9a5106428dc,Common beginner mistake,,false,4,Typical error,
46d32b53-e8a9-4da6-bc48-1227d850263c,2026-04-02 03:56:05,85aaa5b1-c8d0-4390-a131-ac794a27444f,Has spelling error,,false,2,Homophone confusion,
46e61301-f15c-4c74-a683-9a2efb475d0b,2026-04-02 03:56:05,648a84ef-045c-402b-9c52-5d710a45aeab,Natural and appropriate response,,true,1,Fits conversation flow,
46e87d15-abf9-4367-9b29-e4866f9cdb0b,2026-04-02 03:56:05,8a2dc33b-13e0-4a98-b7b0-668f57ca9d54,Misses the context,,false,3,Does not answer the question,
470fb148-eb28-4446-97de-a70e11318e48,2026-04-02 03:56:05,0c23b82a-93d7-4f85-9617-0f2d06f8ae4f,English word translation,,true,1,Direct meaning from English,
47218bad-0f6a-4910-891f-e8ccdb40cbd8,2026-04-02 03:56:05,6688cd95-4019-4c8f-bda9-625beed02e7f,Item C: English phrase,,true,3,Matches Vietnamese translation,pair_C
475becdd-cb12-40ff-849e-052ee164f616,2026-04-02 03:56:05,e2e78166-bd84-45e4-af8e-769e5d1a46a1,Sound-alike but wrong,,false,2,Phonetic confusion,
476eb8e4-633d-43c3-b721-3e404a0cfdb7,2026-04-02 03:56:05,9d21643b-c11a-4092-b37c-b9ede0fe90ab,Similar sounding sentence,,false,3,Auditory similarity,
47c58441-7426-4869-af64-a0bacad6d28f,2026-04-02 03:56:05,74717ede-2f55-407a-bbf3-edad9fbdd2fc,Completely different sentence,,false,4,Wrong transcription,
47e16e75-0b39-4852-ba0e-e5c920912ebf,2026-04-02 03:56:05,01fbec92-172c-4490-8889-5e2960ad347e,The correct word to fill,,true,1,Proper grammar and meaning,
47f1f1f2-fd33-4c53-8b80-ffef7faf4f1a,2026-04-02 03:56:05,5a4104ef-0acb-4838-9b17-6f93933cf1e3,Item B: English phrase,,true,2,Matches Vietnamese translation,pair_B
482473d9-f526-4c7d-9cfe-58d25bac927d,2026-04-02 03:56:05,63b3ab6b-2af5-4ad2-91f8-7fb0e536ec65,Grammatically incorrect,,false,2,Unnatural phrasing,
4831c3bb-a58b-4de6-aacd-dc47ddb64c51,2026-04-02 03:56:05,c230db1d-dfa0-40c3-bd1b-69ad1d24ca7b,Has spelling error,,false,2,Homophone confusion,
4842522b-9828-4f48-a5d7-ce060a7320ec,2026-04-02 03:56:05,64f68b36-3723-48af-b5d9-b666976017c9,Correct sentence from audio,,true,1,Exactly as spoken,
488510f0-4c95-420b-aa24-09cbf2d5ca9d,2026-04-02 03:56:05,4a2fce9d-0105-4407-a8a9-32b6432c3db0,Wrong verb tense,,false,2,"Same word, wrong form",
488a2a37-6c20-433d-a28e-0dcb2cec3c51,2026-04-02 03:56:05,46b3c912-f959-4a74-8455-9e34cd56b1e4,The speaker says this exactly,,true,1,Correct audio interpretation,
488e4caa-c1c3-4e9b-a72a-006d5841203f,2026-04-02 03:56:05,20eaf788-da6c-4e27-b762-f233356faa19,Item A: English phrase,,true,1,Matches Vietnamese translation,pair_A
48a5f3bd-0fb4-47b6-91e5-1b14a3f5ad99,2026-04-02 03:56:05,af80f9fe-fa7d-4373-909b-100502f59b3f,Opposite of what was said,,false,3,Inverted meaning,
48e5d556-a53e-46ac-a874-702a739cc542,2026-04-02 03:56:05,e1cb8f2b-794f-455e-8923-de7381b77df6,Common beginner mistake,,false,4,Typical error,
48ebcf86-23c7-4cbf-8e9c-050c13b3b30f,2026-04-02 03:56:05,aa9dc379-5f1c-4cce-b759-dfd3ec1e0d57,Impolite or rude tone,,false,4,Wrong register,
493c1d9f-fe58-464e-add6-34d89e09a32f,2026-04-02 03:56:05,d869eaae-2038-4f93-9a41-feff53496f38,Partially true but incomplete,,false,4,Half-correct answer,
4941b0d9-96ad-44c7-9b36-239ff36cf48d,2026-04-02 03:56:05,7bbe5d00-6c68-48a5-b7c6-c07c49a3210a,True based on the passage,,true,1,Correct interpretation,
494e6dd2-2ba8-47a1-b92f-b9b37fb19e3d,2026-04-02 03:56:05,638a906b-03dd-4dc5-b24e-27a6ef982bee,Different part of speech,,false,3,Noun instead of verb,
49731f34-40ff-4195-9b6d-7947397ed32c,2026-04-02 03:56:05,64fe6803-7767-4497-8606-427b86e45e53,Related topic from audio,,false,3,Context related but not stated,
49777075-3e4a-4a32-979b-c8e1b241fd88,2026-04-02 03:56:05,628ae2ef-b74b-4570-9a9b-51f0c89eac5f,Sounds similar but different,,false,2,Similar pronunciation,
4999a1d7-7bba-4e67-a162-0be4fbd8009b,2026-04-02 03:56:05,0a7356a4-7d6a-499e-a3d8-c4d66852a22b,Misses the context,,false,3,Does not answer the question,
49a2603d-54be-4e36-ae34-d24dfa4e4be0,2026-04-02 03:56:05,4e34ce6e-b712-48a2-b1ec-3187ba26e793,Partially true but incomplete,,false,4,Half-correct answer,
49a46d86-b17c-4aeb-a8b5-1aab15ae2914,2026-04-02 03:56:05,362c6cc6-9f53-40cb-8357-bcc01aacbd5a,Completely different sentence,,false,4,Wrong transcription,
49a54489-a318-4ece-9688-6c64006074ae,2026-04-02 03:56:05,f6be5ab8-c480-4d13-b821-df623d1f7655,Item D: English phrase,,true,4,Matches Vietnamese translation,pair_D
49b7855c-28af-43fe-915e-205867001d9c,2026-04-02 03:56:05,9f155859-f0e8-4448-b462-c77a8247c012,Related topic from audio,,false,3,Context related but not stated,
49c8912d-8095-49cf-bca4-26f327b997c9,2026-04-02 03:56:05,8a61715e-132e-4423-a484-db7368db0c09,Different part of speech,,false,3,Noun instead of verb,
49ea1125-aeec-4bb3-bd0d-5d1f9662990e,2026-04-02 03:56:05,fddc3bea-7ecb-4377-986a-e90138e14ded,Natural and appropriate response,,true,1,Fits conversation flow,
49fd06de-e367-41df-8a23-6be65d83cb30,2026-04-02 03:56:05,471eec4e-3a7c-4cdd-83ed-b7b902b15892,Natural and appropriate response,,true,1,Fits conversation flow,
4a1da6de-9675-42c0-8698-82e92e1e57ce,2026-04-02 03:56:05,15fc778c-3bfb-4386-a7e7-7600eb200468,Item D: English phrase,,true,4,Matches Vietnamese translation,pair_D
4a20faf4-7f2d-4293-84d0-caa71790bca9,2026-04-02 03:56:05,8f7dfc78-ae54-42c0-972c-18f5e2d9bcbb,Correct sentence from audio,,true,1,Exactly as spoken,
4a286848-4390-4a05-8d6e-d772d05589df,2026-04-02 03:56:05,d4992a1f-ae7e-48a4-892c-ce2b0c0ed367,English word translation,,true,1,Direct meaning from English,
4a3370dc-a5ab-40c0-9fa0-66defeb9a4be,2026-04-02 03:56:05,151643e8-faa9-4a15-969e-b0a89429854d,Item B: English phrase,,true,2,Matches Vietnamese translation,pair_B
4a4317f3-bb6d-4c4a-a321-857011124d13,2026-04-02 03:56:05,0b406886-6ec9-4dd5-b290-2a46e1994d2e,Wrong verb tense,,false,2,"Same word, wrong form",
4a4ce165-c868-4896-8c4b-e2b80f998828,2026-04-02 03:56:05,b3bec1c4-320c-4780-8e2b-09815d04131f,Completely different sentence,,false,4,Wrong transcription,
4a64fa58-5164-458a-9724-ba78a53a3978,2026-04-02 03:56:05,dbd1f38f-99c6-4fb8-be52-0d1963abcfb5,False: not mentioned in text,,false,2,Misunderstanding,
4a7332f6-2406-4a92-8063-046553251bfe,2026-04-02 03:56:05,3964d087-0478-4df2-87ee-a9bd75b638ff,Opposite meaning,,false,3,Antonym in Vietnamese,
4a7608d6-e977-44db-b51e-0272882902a4,2026-04-02 03:56:05,58cbc328-00e1-4602-b3b7-828cc0a585b4,Has spelling error,,false,2,Homophone confusion,
4a7f4979-ee09-48ce-af76-99a6285da34c,2026-04-02 03:56:05,e4786943-ceba-454a-ae18-7990593f1517,Item D: English phrase,,true,4,Matches Vietnamese translation,pair_D
4aa760cf-9e57-41a1-ab61-e44661ed8310,2026-04-02 03:56:05,702905cb-f303-4c1d-baa4-b520c7de4181,Misses the context,,false,3,Does not answer the question,
4ac1a520-77c5-428c-8598-c63d986a31a0,2026-04-02 03:56:05,90f531c4-412c-495a-8922-21dad73ca935,Opposite of what was said,,false,3,Inverted meaning,
4acbde7a-62b9-45cb-bab1-667b809d8cc2,2026-04-02 03:56:05,a4e75285-8fb7-4645-87a1-973a01a9dfb8,Opposite meaning,,false,4,Antonym for this context,
4ad2af4d-7333-4931-8857-a9689cbdef84,2026-04-02 03:56:05,535d870c-2269-492c-a5b8-88051baeaa4c,English word translation,,true,1,Direct meaning from English,
4b29b1ea-1cb9-4f6b-8de9-0074428c3694,2026-04-02 03:56:05,06205a05-f926-4a4d-a4f2-a9ea7b8437c2,The correct word to fill,,true,1,Proper grammar and meaning,
4b30913c-bfea-42d0-8eb8-3fac5760d1d9,2026-04-02 03:56:05,e1c394d8-fe4d-4d96-8f91-649c2c550c6b,Different part of speech,,false,3,Noun instead of verb,
4b3877ae-fe68-4d0e-bcce-48485fe52c0f,2026-04-02 03:56:05,350b1821-43a2-4a1c-a158-7c1cb2b00496,Impolite or rude tone,,false,4,Wrong register,
4b3e884e-ff6a-4bd3-aa9b-75aeca795f65,2026-04-02 03:56:05,c08da966-28d3-4c88-887c-8b66d2ef8727,Has spelling error,,false,2,Homophone confusion,
4b52ab0e-192a-46b3-ba28-936bab5fef29,2026-04-02 03:56:05,d1207cb1-239f-489a-8f5a-100fbaafe139,Sounds similar but different,,false,2,Similar pronunciation,
4b55fc3b-850c-43a3-8c3e-64f1543fa481,2026-04-02 03:56:05,0a7356a4-7d6a-499e-a3d8-c4d66852a22b,Grammatically incorrect,,false,2,Unnatural phrasing,
4b68e819-b69f-421a-b5b0-a01748c22edd,2026-04-02 03:56:05,18cd5ff6-4900-40f8-9dbd-ddee63fabe52,Item A: English phrase,,true,1,Matches Vietnamese translation,pair_A
4b69c06e-d2ed-49ba-b0f9-3b18c897a441,2026-04-02 03:56:05,1dfef252-0566-4bc8-8e1d-09e4d580b366,Grammatically incorrect,,false,2,Unnatural phrasing,
4b805612-7165-4100-bd22-8154b5aeea0e,2026-04-02 03:56:05,5acb0728-e5b1-4557-94d5-6fa0763521ca,Opposite meaning,,false,4,Antonym for this context,
4b86dba0-c03f-4078-b5a4-3a31acc5c482,2026-04-02 03:56:05,9b4b34f5-1ac5-48d0-b950-5848eed8bffa,True based on the passage,,true,1,Correct interpretation,
4b86f189-2279-4d4d-ad5f-bea5195eac0d,2026-04-02 03:56:05,7dd810b2-5c04-4c73-aa07-cacaa6899759,Impolite or rude tone,,false,4,Wrong register,
4b8ed0c4-1875-4e8d-b1ce-7c38f365c2d0,2026-04-02 03:56:05,48bc9167-4f02-466e-b9b9-894b7b082607,Different part of speech,,false,3,Noun instead of verb,
4bbdf404-1ab9-4cc2-bd58-e4fe91391ee2,2026-04-02 03:56:05,ab925747-5209-4eea-95dd-935216f2b233,The correct word to fill,,true,1,Proper grammar and meaning,
4bbeacfd-48d1-42b2-8f15-81437957af18,2026-04-02 03:56:05,c31710be-ff8e-45d5-9633-1af11c50c979,Natural and appropriate response,,true,1,Fits conversation flow,
4bd44537-4d94-4deb-b608-42da8f732670,2026-04-02 03:56:05,6770c9f0-bff1-4668-8436-faafaf77575c,Wrong verb tense,,false,2,"Same word, wrong form",
4bdd80ba-b5fc-4a4f-9f83-324f42409c6b,2026-04-02 03:56:05,32af518f-2290-4d76-80e2-b7415baa37ae,Common beginner mistake,,false,4,Typical error,
4be2392d-cdf0-4722-b552-1d4baff3d049,2026-04-02 03:56:05,7a20715e-f557-4361-94c8-0a67f4a42e19,Opposite of what was said,,false,3,Inverted meaning,
4bea358a-ca00-495f-834c-b756392f8b7c,2026-04-02 03:56:05,da1419b2-580e-465d-acf3-27d227440316,Sound-alike but wrong,,false,2,Phonetic confusion,
4c090050-5b12-4450-b704-8c20feb0aa3e,2026-04-02 03:56:05,1016b830-420f-4648-b053-61ec09142118,Wrong verb tense,,false,2,"Same word, wrong form",
4c1379ea-7472-4d27-a396-895230b41a33,2026-04-02 03:56:05,560c2894-818e-4605-be6f-0bd75ce9f4f3,False: not mentioned in text,,false,2,Misunderstanding,
4c1eea1f-37fd-46d5-8094-c15eea416235,2026-04-02 03:56:05,e0b782d1-1751-4c31-848e-950622918716,Impolite or rude tone,,false,4,Wrong register,
4c20c9f3-d35e-4fbe-b6ed-c1e86a6bdee3,2026-04-02 03:56:05,4ae2b638-4593-410a-b440-4410092f7a62,Item A: English phrase,,true,1,Matches Vietnamese translation,pair_A
4c22d4e6-fcbf-49dc-a878-c152e557d15e,2026-04-02 03:56:05,a02afa38-00db-4362-880c-451a4ecf8a05,Opposite meaning,,false,3,Antonym in Vietnamese,
4c307dd3-8454-4054-af9a-f608fcb49bac,2026-04-02 03:56:05,8a2dc33b-13e0-4a98-b7b0-668f57ca9d54,Impolite or rude tone,,false,4,Wrong register,
4c321dbd-d049-4954-8e69-2a41396fbed4,2026-04-02 03:56:05,f0acd749-6498-46c3-a8a4-05c393d38b4d,Has spelling error,,false,2,Homophone confusion,
4c58289a-bb6a-46f8-91af-9bb59bd4c9d7,2026-04-02 03:56:05,c9240f71-afd1-4cb7-89bd-60425dcc5910,Item D: English phrase,,true,4,Matches Vietnamese translation,pair_D
4c7ff89a-fdbb-45d9-a91c-4fefee64e86a,2026-04-02 03:56:05,d2c33180-bad9-4907-8166-4fb6b80eb299,The correct word to fill,,true,1,Proper grammar and meaning,
4c895495-ae0c-4a13-88b7-9b6e45c19e97,2026-04-02 03:56:05,b55960ae-a48a-44a4-87ed-e95a179acc36,Partially true but incomplete,,false,4,Half-correct answer,
4cc53dbe-99ad-49f2-943c-95c020472e84,2026-04-02 03:56:05,d8101e18-7f87-4850-b7ba-68511b919ba7,English word translation,,true,1,Direct meaning from English,
4cd7903c-77a7-4ad6-a952-a69500b64552,2026-04-02 03:56:05,ed04b899-dc86-4b33-a949-e0656730bc6b,Partially true but incomplete,,false,4,Half-correct answer,
4ce359b6-360e-46ff-a76a-73a9d20705a8,2026-04-02 03:56:05,b2541309-ddfe-4e80-bebd-0e5ed72127bc,False: not mentioned in text,,false,2,Misunderstanding,
4d02a35c-66dd-4278-a30f-d2169da1ed0a,2026-04-02 03:56:05,6ffa7b9e-0e2a-4836-afca-99e2174b876b,English word translation,,true,1,Direct meaning from English,
4d0bfc12-9c57-4b5e-b5c5-6191c5be7aaf,2026-04-02 03:56:05,f2369a72-48f5-4ce8-bb20-62386b2aaad9,Related topic from audio,,false,3,Context related but not stated,
4d0f5894-69a0-47cc-89db-bbf74148cc79,2026-04-02 03:56:05,4a7d9252-4483-467f-bcbc-83147d0c5a42,Misses the context,,false,3,Does not answer the question,
4d2c979d-d93f-4651-b7b2-aaa4d565e747,2026-04-02 03:56:05,88944cfe-4b59-46ff-a066-5becf0afb9da,Grammatically incorrect,,false,2,Unnatural phrasing,
4d367766-63ed-47f5-9577-ba4c7d8759be,2026-04-02 03:56:05,d0b86c4c-4501-44ef-afd5-dd6aa5f44907,The correct word to fill,,true,1,Proper grammar and meaning,
4d432939-6511-4226-a173-612cc872c639,2026-04-02 03:56:05,560c2894-818e-4605-be6f-0bd75ce9f4f3,Opposite of what was said,,false,3,Inverted meaning,
4d43d756-a442-45d9-9107-878c3a5b5702,2026-04-02 03:56:05,bbc2332f-ba27-42a4-aa1d-d13e381f1a7f,Item D: English phrase,,true,4,Matches Vietnamese translation,pair_D
4d46a2f5-f80c-4252-9ac8-4a8e00c825ff,2026-04-02 03:56:05,ebc95f9c-a47d-40c6-8e18-9c94da756db8,Natural and appropriate response,,true,1,Fits conversation flow,
4d60094d-fbb0-4452-9600-fa7725055996,2026-04-02 03:56:05,513e7ba5-cb38-4ef9-829f-7f62a7087d9d,English word translation,,true,1,Direct meaning from English,
4d66e15e-e274-4f55-b119-7d37c41322d2,2026-04-02 03:56:05,06318b25-6920-4994-90f1-904856411ab8,Completely different sentence,,false,4,Wrong transcription,
4d880a27-6335-455a-b50a-ffa19f0e926a,2026-04-02 03:56:05,ac376582-7b26-45d2-bc0e-8ef53f095e35,Opposite meaning,,false,4,Antonym for this context,
4db24155-45b7-4f00-84a3-53b78680ba8e,2026-04-02 03:56:05,94de28a2-c690-40af-a623-d65277d3417d,Has spelling error,,false,2,Homophone confusion,
4de91954-a35d-4c07-a4b3-97bfec1d417d,2026-04-02 03:56:05,ce2d8e1a-2172-45c7-9607-60ae775468cb,Sounds similar but different,,false,2,Similar pronunciation,
4df56cf1-9d0c-451d-b8d2-67abfdeafbd4,2026-04-02 03:56:05,5531149c-043c-4557-95bb-f6e67c4590f5,Has spelling error,,false,2,Homophone confusion,
4e110999-886c-4778-a9fe-216fb745da96,2026-04-02 03:56:05,6638888a-f79e-4cda-a9a2-671f63f00eb0,Has spelling error,,false,2,Homophone confusion,
4e223461-8883-440c-9248-15aec2046c58,2026-04-02 03:56:05,c90b7e32-0a39-4426-9001-4b6862858a12,True based on the passage,,true,1,Correct interpretation,
4e2fed85-95df-4ab9-ab05-8fa3ca43add1,2026-04-02 03:56:05,4a2fce9d-0105-4407-a8a9-32b6432c3db0,The correct word to fill,,true,1,Proper grammar and meaning,
4e39d2cc-8114-44ef-a47c-45793c61fd57,2026-04-02 03:56:05,ac9a682b-c385-414f-8769-69e39839a111,Related topic from audio,,false,3,Context related but not stated,
4e592d6e-7f3f-4799-805a-1926e6db947c,2026-04-02 03:56:05,332d07e1-5801-46e5-8b32-fc07d814e675,Partially true but incomplete,,false,4,Half-correct answer,
4e62cc5b-799b-45cc-91de-5e5cb0743a54,2026-04-02 03:56:05,4dc0c1d2-5d88-45e5-a7f8-d2e9c4a0581b,English word translation,,true,1,Direct meaning from English,
4e6cbfbb-7754-446e-b953-562b93a6a7fa,2026-04-02 03:56:05,fdc50bca-c718-480a-9b3d-09dacfab886d,Natural and appropriate response,,true,1,Fits conversation flow,
4e7f94c2-b5fb-467c-bc8b-e257e2af76dc,2026-04-02 03:56:05,6fcf5c79-4ebc-4255-b539-214eab35998d,Completely different sentence,,false,4,Wrong transcription,
4e89fc4d-b184-4a31-a9c3-b8d2e040771b,2026-04-02 03:56:05,654f2406-55f4-49c6-a069-b93a661337d2,Item B: English phrase,,true,2,Matches Vietnamese translation,pair_B
4e8ec7c7-4c01-4d7f-9b8e-810d47c52214,2026-04-02 03:56:05,858760b7-d289-4103-9ca4-413c72af787e,Completely different,,false,4,Unrelated option,
4e962ca1-5c08-42d8-9caf-b2f25dad2530,2026-04-02 03:56:05,4e803978-faff-4c65-8250-73f4975a7441,English word translation,,true,1,Direct meaning from English,
4e9e8101-05c0-4e8c-906d-a1f3fa9af161,2026-04-02 03:56:05,e3b6c098-0378-45e0-92d3-2204b2790eef,Grammatically incorrect,,false,2,Unnatural phrasing,
4eb6b81e-57f8-4036-a023-d4a2e7ea629b,2026-04-02 03:56:05,1eff84c3-ea31-455b-aa71-b130670d538e,Sounds similar but different,,false,2,Similar pronunciation,
4ebd3dae-10e6-4f85-8996-e907819e07f6,2026-04-02 03:56:05,667ef49a-73e8-4ec9-bdc9-37a04420911c,Completely different,,false,4,Unrelated option,
4ecfc78f-9811-4b1a-b8a4-1d8a4acf8a03,2026-04-02 03:56:05,7d4079ac-40f6-477b-b149-2c923d63ab9e,Misses the context,,false,3,Does not answer the question,
4edb0a4c-9780-4073-8c8b-c01c8e3724ee,2026-04-02 03:56:05,7830b6b0-4501-43af-8e5f-0098a06fc276,Wrong verb tense,,false,2,"Same word, wrong form",
4ee1c98f-9e55-43f6-a4f8-e74a447583e2,2026-04-02 03:56:05,2e1940c6-48dd-44ee-9401-715aeade4b0c,Item A: English phrase,,true,1,Matches Vietnamese translation,pair_A
4ef80be0-9801-4410-9e23-b8489ed0d9f4,2026-04-02 03:56:05,c397b18c-6526-46b9-a9db-426ec2c392ca,True based on the passage,,true,1,Correct interpretation,
4f036ba6-b105-4b96-86e3-093f0f4ed1a9,2026-04-02 03:56:05,aae2843c-aef6-4833-916f-c0cea6fa3554,Misses the context,,false,3,Does not answer the question,
4f096c9b-ea04-4278-8d17-a0c4e6a93f7d,2026-04-02 03:56:05,5e8f84ca-457c-4d76-90f3-cd113076f655,True based on the passage,,true,1,Correct interpretation,
4f209cce-1717-4c42-89bc-d5347ffbb853,2026-04-02 03:56:05,8f204b71-7c67-4786-95e1-d6ab436d7520,Similar sounding sentence,,false,3,Auditory similarity,
4f2705ef-e03f-4045-bc74-43aa2e8dbab3,2026-04-02 03:56:05,dcd2e857-4d5c-4a4e-bda8-b1290ff3c4f6,Common beginner mistake,,false,4,Typical error,
4f60fbdd-fb78-463a-bf2c-6e8b5621fca6,2026-04-02 03:56:05,91562f70-5cb6-4680-866f-f695b512e993,Item C: English phrase,,true,3,Matches Vietnamese translation,pair_C
4f82a7a5-5c65-41d0-8e2d-310c842d82e4,2026-04-02 03:56:05,81727dec-a224-4df6-979f-b42692c4ad0e,Related topic from audio,,false,3,Context related but not stated,
4fac1168-c0a8-437e-8d6a-8745aa19f210,2026-04-02 03:56:05,79ff49b1-0290-43aa-8877-e9aaf1a05a28,Opposite meaning,,false,3,Antonym in Vietnamese,
4fb4da12-211d-494c-b23d-bc86b67da5dc,2026-04-02 03:56:05,b74f3cfc-422c-4301-8b25-ae33653f679a,Different part of speech,,false,3,Noun instead of verb,
4fe7d909-1eb6-400e-b08e-58728943de81,2026-04-02 03:56:05,59707973-2144-46ba-b4dd-01080a3bf524,Opposite meaning,,false,4,Antonym for this context,
4ff3df13-5c60-41af-8b96-9e264a2cd09d,2026-04-02 03:56:05,3a118e69-3772-4248-a8c2-c65b0216fb16,False: not mentioned in text,,false,2,Misunderstanding,
4ff778df-d6dd-4b53-b167-102d030e7a09,2026-04-02 03:56:05,7c90898c-3b28-427b-8131-9a256d65ae29,Similar sounding sentence,,false,3,Auditory similarity,
5000925d-70ee-4d7a-8bf9-86510c2ac026,2026-04-02 03:56:05,5e1df709-072d-452b-a567-1d7130e23985,True based on the passage,,true,1,Correct interpretation,
500ac210-daa8-40fc-aa5a-6494017d7069,2026-04-02 03:56:05,9e4ba257-9f41-4717-9e45-41c601014524,Item A: English phrase,,true,1,Matches Vietnamese translation,pair_A
50139e53-0ff9-45b5-a950-84573c821501,2026-04-02 03:56:05,dd74314f-1f3e-4caf-a85b-c00ac35deab1,Similar sounding sentence,,false,3,Auditory similarity,
501550ca-b1b7-4804-8130-0f93f14cc991,2026-04-02 03:56:05,4a936e66-f910-42a2-8d39-8a26100dbfea,Item B: English phrase,,true,2,Matches Vietnamese translation,pair_B
501e14c4-2d7a-4a8d-9b64-f2b932253e18,2026-04-02 03:56:05,ccff1135-7a99-4697-b29d-172f13c1b6b2,Similar sounding sentence,,false,3,Auditory similarity,
50204e71-5807-4e61-aaea-2589a49925c8,2026-04-02 03:56:05,9ec55751-a649-492f-a271-972741db8412,Item D: English phrase,,true,4,Matches Vietnamese translation,pair_D
5029b20c-c158-44bb-acde-7724edfb6ec5,2026-04-02 03:56:05,95c52f8e-8203-466d-a337-df4c46b9c97a,Common beginner mistake,,false,4,Typical error,
504c66db-823d-49cb-aab8-80171bbc07cb,2026-04-02 03:56:05,f4584d02-b919-4b28-9cff-4284d2246fe0,Sounds similar but different,,false,2,Similar pronunciation,
5052e629-3499-4e01-b34d-9e046d971299,2026-04-02 03:56:05,d71d0e7c-e65a-4296-809b-7090bd08628d,Item A: English phrase,,true,1,Matches Vietnamese translation,pair_A
505fc0a3-6eab-4151-af92-da86fcf39262,2026-04-02 03:56:05,d3bfc0ca-2665-4dc3-99dc-d2ea4a1a1f67,Sound-alike but wrong,,false,2,Phonetic confusion,
506f0df3-22c7-48c4-9c53-80d479d0e227,2026-04-02 03:56:05,544dfbe6-0fc2-41b7-9d5b-d2026a1100f4,Item C: English phrase,,true,3,Matches Vietnamese translation,pair_C
5072d83f-3b66-4fca-9e55-72038c2496d8,2026-04-02 03:56:05,467f7c04-c18b-4a30-96ec-692d656e55bf,Different part of speech,,false,3,Noun instead of verb,
5078188f-ea21-410b-bdfe-c8adb4cce231,2026-04-02 03:56:05,4be6f19f-398b-46c0-97f9-45490ca5b185,The correct word to fill,,true,1,Proper grammar and meaning,
507dc03a-b25e-45c7-9fc9-b2a3c66fdc3e,2026-04-02 03:56:05,bd25e020-63e6-4ade-9eb0-7f4a4628d24e,Grammatically incorrect,,false,2,Unnatural phrasing,
509d85e7-314e-4140-a5ae-67b8b38a360a,2026-04-02 03:56:05,9bdab168-2f2c-4c20-aa28-0487a4978d67,Opposite of what was said,,false,3,Inverted meaning,
50d4b884-ef98-4957-8ecc-213df8ebba98,2026-04-02 03:56:05,84f0571a-c16f-48dd-b4a0-c0577320628a,Sound-alike but wrong,,false,2,Phonetic confusion,
50e1bab7-4e60-4085-b74f-4037146a8327,2026-04-02 03:56:05,facd9f28-bce7-4857-b9a8-5a978324da7c,Opposite meaning,,false,3,Antonym in Vietnamese,
50e8418a-0779-4fdf-9e07-a505a6e46fba,2026-04-02 03:56:05,1112cba9-df8d-4a1a-ad2f-9b081fde3445,Sounds similar but different,,false,2,Similar pronunciation,
50ea0fcf-bafb-46dc-b067-02caa00768d6,2026-04-02 03:56:05,a76223c9-23f0-422b-8caf-59b408f4a233,False: not mentioned in text,,false,2,Misunderstanding,
5115d431-f6b8-477c-b293-c56f828f04c9,2026-04-02 03:56:05,37bb6acb-af73-44f9-adf5-81fcfa167c26,Completely different,,false,4,Unrelated option,
5121d8cf-7643-40d5-9447-e44dbc27345f,2026-04-02 03:56:05,e0b782d1-1751-4c31-848e-950622918716,Grammatically incorrect,,false,2,Unnatural phrasing,
51637f20-3204-4765-bc7d-e1a85290d76a,2026-04-02 03:56:05,6b8f8e4b-883d-41e0-a5ff-fd50c6d561a9,Opposite of what was said,,false,3,Inverted meaning,
5167180a-77a8-4c5c-9512-dde79545a285,2026-04-02 03:56:05,74dd0829-de8e-4eb0-a876-54aaa6934569,Item D: English phrase,,true,4,Matches Vietnamese translation,pair_D
5178d9d3-70f8-47cc-8de8-12e7d3b83a6b,2026-04-02 03:56:05,2907d8bd-fe4e-4461-81ae-81b121c2ca70,Completely different sentence,,false,4,Wrong transcription,
518c07e1-8036-4c35-ae30-e9ea934dc677,2026-04-02 03:56:05,2b96ec93-315b-481d-8e45-9063aca272fe,The correct word to fill,,true,1,Proper grammar and meaning,
519d722a-cbe0-4324-8deb-4a5ef8162d17,2026-04-02 03:56:05,851317a1-a169-4f33-9fa5-776253ad2767,Opposite of what was said,,false,3,Inverted meaning,
51c323dc-45e8-46a5-9cbe-55b2e03b6605,2026-04-02 03:56:05,84ac2854-63ac-41f0-adb5-3cd9d9ae358c,Partially true but incomplete,,false,4,Half-correct answer,
51cb211e-8cc4-420d-8838-4e2fe89527c6,2026-04-02 03:56:05,dbf59cdc-224d-4389-984a-3f8b3341f2f8,False: not mentioned in text,,false,2,Misunderstanding,
51dad0a8-8e86-43d6-90d8-063f75ae4eab,2026-04-02 03:56:05,3e22cdfa-3d8c-439e-a19b-fcb2f650899b,False: not mentioned in text,,false,2,Misunderstanding,
5206adba-0c0a-4107-8b1b-85efd85a72ad,2026-04-02 03:56:05,96f080de-5407-4686-b1bc-c4756b6d87ce,Different part of speech,,false,3,Noun instead of verb,
520a59aa-cb80-424e-b206-35cdf37c6dea,2026-04-02 03:56:05,1d473fde-d371-4e6b-a0c8-d068e6099250,English word translation,,true,1,Direct meaning from English,
52313c15-4636-4f75-bb70-670db9854638,2026-04-02 03:56:05,667ef49a-73e8-4ec9-bdc9-37a04420911c,The speaker says this exactly,,true,1,Correct audio interpretation,
52374c82-5151-4c0a-af85-caf01b15487b,2026-04-02 03:56:05,664b7dec-be70-45f2-87e8-b7755e13de15,English word translation,,true,1,Direct meaning from English,
5238ffbd-ac7d-4bf4-8373-0c164bdf80a3,2026-04-02 03:56:05,b6dc100f-3fa5-4e07-b415-4a489f2b89a9,Opposite meaning,,false,3,Antonym in Vietnamese,
525eb14e-cb97-416a-8548-45de30069ee3,2026-04-02 03:56:05,591b1b31-10ab-46f5-baa7-0cd5ff2d7689,Item B: English phrase,,true,2,Matches Vietnamese translation,pair_B
528ea019-d2c0-4393-8531-71f87fdeccb0,2026-04-02 03:56:05,4d0e99e5-2a1a-408c-81d0-75003fbb57b6,Misses the context,,false,3,Does not answer the question,
52ab94a1-299c-4c76-bdc0-50c4c4b746ff,2026-04-02 03:56:05,454ff226-6de0-48b0-9473-1b22c0325bb1,Completely different sentence,,false,4,Wrong transcription,
52b08b23-e1ba-49ab-83da-6d9ba658bdac,2026-04-02 03:56:05,5531149c-043c-4557-95bb-f6e67c4590f5,Completely different sentence,,false,4,Wrong transcription,
52b0b702-07ba-462b-8792-87491c87e462,2026-04-02 03:56:05,5726bfa9-efb0-430c-95ea-77b9681273cf,Correct sentence from audio,,true,1,Exactly as spoken,
52c8a818-8fba-47e2-914f-c71173810024,2026-04-02 03:56:05,fd3a2eee-17eb-4403-aef7-cfef4e941e1b,Sounds similar but different,,false,2,Similar pronunciation,
52f1d8e0-bf12-49f5-bcda-a88fb6835b33,2026-04-02 03:56:05,fb58accf-c2cd-4dde-97c7-454b3f82eee4,Similar sounding sentence,,false,3,Auditory similarity,
52ff84d5-e148-4c8d-b378-6ef75ffbcaf4,2026-04-02 03:56:05,31299536-93a4-4a58-b2fe-a1a7f8125799,Completely different sentence,,false,4,Wrong transcription,
53036ef2-f120-434d-a869-ae15dabd227b,2026-04-02 03:56:05,ec4f84a7-2b52-4139-9517-52368ddc5113,Item A: English phrase,,true,1,Matches Vietnamese translation,pair_A
53187e94-682e-4b67-8f9a-ae8e0eb230a7,2026-04-02 03:56:05,53efa76d-b196-4709-8dc7-41a539518530,Opposite meaning,,false,3,Antonym in Vietnamese,
531a5adf-645d-4def-b0e9-65bb56f2e7e7,2026-04-02 03:56:05,4574f9be-c361-4d1d-b751-3d0e8f2fca3a,Opposite of what was said,,false,3,Inverted meaning,
531d868c-73e0-48f0-9674-696c1df420c8,2026-04-02 03:56:05,6a6d8a84-98c4-4c05-9f92-27a8c4c73717,Sound-alike but wrong,,false,2,Phonetic confusion,
532ae1fe-435a-421d-812f-155d8624c761,2026-04-02 03:56:05,96530eae-2ccf-4708-aa59-ecb3976c56e1,Completely different,,false,4,Unrelated option,
532e816d-71bd-4ea8-bae3-a2d73b87e3d1,2026-04-02 03:56:05,c28126ae-02c4-4dca-ab77-d24f8e60f7e4,English word translation,,true,1,Direct meaning from English,
532eab46-cf68-4f15-9d60-4ce9c5dedbc8,2026-04-02 03:56:05,41d18a08-bbf0-42a1-a8d5-016f7888fbbf,Impolite or rude tone,,false,4,Wrong register,
5346996b-c6d8-4427-a19b-14c5f9fbffa7,2026-04-02 03:56:05,aeeb7b1f-a10e-4704-bc2a-7b8b22da1b85,Item C: English phrase,,true,3,Matches Vietnamese translation,pair_C
536f0edf-b4c2-4122-b6f4-8e357b6f3cf3,2026-04-02 03:56:05,cc6ca6ad-796d-4743-9d96-0b8c67536ec2,Opposite meaning,,false,3,Antonym in Vietnamese,
5389b6e7-463b-4ffc-81ee-2558f6d76443,2026-04-02 03:56:05,93aa4510-de37-4d2f-9a23-779b135ea575,False: not mentioned in text,,false,2,Misunderstanding,
53a25f04-dc29-407c-9f40-515f700530dd,2026-04-02 03:56:05,6e94c81e-155b-4192-be6c-0ba74077e9e7,The speaker says this exactly,,true,1,Correct audio interpretation,
53b0071e-bf09-4f7c-8238-43e3f806fc00,2026-04-02 03:56:05,cb4a212f-165d-4e9c-9199-57dab97d48e5,Completely different sentence,,false,4,Wrong transcription,
53bd6b16-2c16-4570-ae12-ceca13273dcf,2026-04-02 03:56:05,648a84ef-045c-402b-9c52-5d710a45aeab,Misses the context,,false,3,Does not answer the question,
53d1da89-f1b9-45f6-bce6-d61ad3681cc2,2026-04-02 03:56:05,9b5b6c97-c0ff-4348-a8cb-381efe44277e,Opposite of what was said,,false,3,Inverted meaning,
53d4935a-4374-41e6-bf46-f6ec16fc99a9,2026-04-02 03:56:05,4fa4ea9c-feb0-4fae-8816-b8cf4cfdbebb,Impolite or rude tone,,false,4,Wrong register,
53efffa2-d65f-4f44-96ea-bd248fbb13a6,2026-04-02 03:56:05,b2fe96f2-6210-433a-beb0-fc827392f423,Item B: English phrase,,true,2,Matches Vietnamese translation,pair_B
53f78e16-fc47-4920-9925-0904fed38300,2026-04-02 03:56:05,bbc2332f-ba27-42a4-aa1d-d13e381f1a7f,Item B: English phrase,,true,2,Matches Vietnamese translation,pair_B
540e57f4-646e-4ef8-a117-1dc0e6d3626e,2026-04-02 03:56:05,b695a46c-f91a-4620-8b9c-76a4e6007384,Sound-alike but wrong,,false,2,Phonetic confusion,
541af5b6-460e-4fdb-b41c-49dc05e3e946,2026-04-02 03:56:05,58cbc328-00e1-4602-b3b7-828cc0a585b4,Similar sounding sentence,,false,3,Auditory similarity,
54430fb1-28da-4c30-8e01-1cd9b87341d7,2026-04-02 03:56:05,a9d010e5-9c9f-401d-8362-c80361c8fb43,Opposite of what was said,,false,3,Inverted meaning,
54447168-8b2f-46e5-adf9-c78a8349c743,2026-04-02 03:56:05,01fbec92-172c-4490-8889-5e2960ad347e,Wrong verb tense,,false,2,"Same word, wrong form",
54653d93-e639-45fd-b073-ceed141798db,2026-04-02 03:56:05,9875ba57-cad2-47af-b797-7dbe7a3036f2,Completely different sentence,,false,4,Wrong transcription,
5469fb58-8bab-4cd2-be2e-145db149eb45,2026-04-02 03:56:05,60599bd0-ac64-4e78-a0c7-cfba7c1dcdf6,True based on the passage,,true,1,Correct interpretation,
546ae571-4fe9-4217-82b7-f79c345db7f5,2026-04-02 03:56:05,16c2f7c5-7074-4e50-8721-8ac35d563e1e,The correct word to fill,,true,1,Proper grammar and meaning,
54a913d5-20aa-4f58-8486-53e634b1fb8f,2026-04-02 03:56:05,20dfdc27-df6f-437d-ba37-775749b97be0,False: not mentioned in text,,false,2,Misunderstanding,
54b86c99-b3b3-44ae-8cd5-c915ea1a0114,2026-04-02 03:56:05,44f5ff3e-7d7e-4125-8997-c50582463810,Opposite meaning,,false,4,Antonym for this context,
54d5d341-0a51-43ef-aa8e-96e1532a9476,2026-04-02 03:56:05,2017620a-43af-47bd-a735-f02df0e605a5,Has spelling error,,false,2,Homophone confusion,
54ecd2a6-3528-439d-ba7c-3259ccde65a6,2026-04-02 03:56:05,aaf0b04d-3ac4-4edb-a655-2aa9e4235357,Grammatically incorrect,,false,2,Unnatural phrasing,
54f0af77-c0af-4ae3-94e6-c494c62abb91,2026-04-02 03:56:05,a042d761-6a5b-49e3-ada2-ff1aee3dbfc1,The correct word to fill,,true,1,Proper grammar and meaning,
5502d960-cf88-4015-abc4-0148c4ec1162,2026-04-02 03:56:05,2017620a-43af-47bd-a735-f02df0e605a5,Correct sentence from audio,,true,1,Exactly as spoken,
550ce132-21f5-4202-b53c-dbb5ed0e3f1a,2026-04-02 03:56:05,6fb71b91-3a67-42a5-b155-0b332c907613,Sounds similar but different,,false,2,Similar pronunciation,
55340c61-d88b-46cd-b287-6b24a31183eb,2026-04-02 03:56:05,abbd0994-5bf1-46b4-a9d7-c7be05ce475b,Completely different,,false,4,Unrelated option,
556bd4b8-248b-4240-840d-eb815902dc55,2026-04-02 03:56:05,ecc5b893-1ee8-4c47-ae4e-25d017b7afa4,False: not mentioned in text,,false,2,Misunderstanding,
557b6739-601d-4111-838e-174c0ec94a34,2026-04-02 03:56:05,5698ed35-4ceb-47bf-96f2-875f6166287f,Completely different sentence,,false,4,Wrong transcription,
55a78e90-dd44-4805-85c3-7b829a87aeb2,2026-04-02 03:56:05,d15f9f65-dc86-4643-ac9c-849d376e23b2,The speaker says this exactly,,true,1,Correct audio interpretation,
55c27a4f-3972-4cd1-b97d-0c2e5542ad81,2026-04-02 03:56:05,cb0a40db-bb4d-4ab6-bf13-05fc298f915b,Sound-alike but wrong,,false,2,Phonetic confusion,
55c6a735-2349-4add-8d69-91e2ddfbfc3d,2026-04-02 03:56:05,a40acdbc-4835-4e07-8565-dbf0e837e4aa,Has spelling error,,false,2,Homophone confusion,
55d3f6b9-51ce-4f80-b1ce-6634698f750d,2026-04-02 03:56:05,4f723733-abdd-40ad-85ab-fa4dfc60a874,The speaker says this exactly,,true,1,Correct audio interpretation,
55d4d086-52d3-4197-a145-b189187ca86d,2026-04-02 03:56:05,46b8b76b-146e-41d4-b925-687a17ed9424,Completely different,,false,4,Unrelated option,
55dcce1d-7465-487b-956b-fb4119ebdeba,2026-04-02 03:56:05,e3b6c098-0378-45e0-92d3-2204b2790eef,Natural and appropriate response,,true,1,Fits conversation flow,
55ecf429-9bc7-44ba-acf6-f22869343a46,2026-04-02 03:56:05,b55d2cc8-14bf-47b3-9b40-338ac4b252be,Similar sounding sentence,,false,3,Auditory similarity,
560676de-8d53-467b-bf2c-fe39364548f9,2026-04-02 03:56:05,62200908-5d7a-4e14-8ab6-6b8a1395c171,Common beginner mistake,,false,4,Typical error,
5626ed7b-cd3f-432e-a576-8038917488ee,2026-04-02 03:56:05,b8acff6b-dc2d-4e03-b946-e70614f9ae53,The speaker says this exactly,,true,1,Correct audio interpretation,
563f8751-40a8-4fb5-aec4-f40d2912c2d0,2026-04-02 03:56:05,3a9e275a-c8f3-418b-b72d-27b13a93b600,Opposite meaning,,false,4,Antonym for this context,
56485193-277c-4b14-8a62-37b5b5eedac8,2026-04-02 03:56:05,c183ef1f-783d-4809-bc99-bfb3b648879a,Common beginner mistake,,false,4,Typical error,
564a1cdc-55af-4d69-8299-2d4ea0858b04,2026-04-02 03:56:05,520c82d5-806b-46ac-94d4-898b55fe41c9,Different part of speech,,false,3,Noun instead of verb,
565b5683-36ab-4c76-9a07-5dc5d895c757,2026-04-02 03:56:05,b3745706-714b-4159-b896-7047f45e19b4,Item C: English phrase,,true,3,Matches Vietnamese translation,pair_C
567667f9-f9d5-4ada-b7d6-4567b9712733,2026-04-02 03:56:05,2fc2d248-a148-4142-8428-23ae4e3c7eb2,Opposite meaning,,false,3,Antonym in Vietnamese,
56890a91-09ba-44cb-aea3-89ca0a04fe33,2026-04-02 03:56:05,f4650434-372e-4acd-a65f-2bcb44cc9bf5,False: not mentioned in text,,false,2,Misunderstanding,
56ac1a9e-2221-4e77-884e-591412d754cd,2026-04-02 03:56:05,b57e4e9a-9e74-4aa6-95d6-6cad83f259d2,The correct word to fill,,true,1,Proper grammar and meaning,
56cd7892-2f39-44a9-a180-22a9a25e0eac,2026-04-02 03:56:05,5f3fc7fd-9150-467c-a6fd-2adce39e58b9,Opposite of what was said,,false,3,Inverted meaning,
56d55f2a-d76d-4e04-949c-ee8ac7b5e715,2026-04-02 03:56:05,59707973-2144-46ba-b4dd-01080a3bf524,The correct word to fill,,true,1,Proper grammar and meaning,
56d81345-2740-4ac0-8bb0-e8c904e04c81,2026-04-02 03:56:05,61b511cb-da74-42fe-ab3b-cdf3d023eff7,Related topic from audio,,false,3,Context related but not stated,
5702385c-e2df-43ef-ab99-8ce82d731930,2026-04-02 03:56:05,d92a5e33-c05d-401a-9a23-7f6ca56b8de0,Completely different,,false,4,Unrelated option,
5715d8db-c270-4109-9015-edf364ed3acf,2026-04-02 03:56:05,95c52f8e-8203-466d-a337-df4c46b9c97a,Sound-alike but wrong,,false,2,Phonetic confusion,
5746d038-2405-456b-bf98-49841ae02cb6,2026-04-02 03:56:05,6b05ebb1-cf41-48cf-af5d-94b56e6266aa,Similar sounding sentence,,false,3,Auditory similarity,
574f15a6-b91e-40b3-ae23-d1ea18a8e255,2026-04-02 03:56:05,020e3ff8-836a-41c5-99a5-adf8bc5c883f,Impolite or rude tone,,false,4,Wrong register,
57535000-f4c1-401d-87ab-e69143f15545,2026-04-02 03:56:05,dcd2e857-4d5c-4a4e-bda8-b1290ff3c4f6,Opposite meaning,,false,3,Antonym in Vietnamese,
5758786b-a957-483f-84ec-7cb1fa5c550a,2026-04-02 03:56:05,19872a55-b532-4eae-a607-fd95b1128aa0,The correct word to fill,,true,1,Proper grammar and meaning,
577c8bef-f1b7-4134-9d62-34f549d7d6e4,2026-04-02 03:56:05,6e98b05f-05b6-4a67-8cb2-b91a28e0f01d,Has spelling error,,false,2,Homophone confusion,
579391e2-3322-433a-8dfb-4147f404edb5,2026-04-02 03:56:05,2c84678c-92f0-4a3d-9cb3-235a9cbd52d1,The speaker says this exactly,,true,1,Correct audio interpretation,
57e9e480-568f-46ab-917b-cda91f9092e9,2026-04-02 03:56:05,808929ef-66c6-4da2-99ae-67ad050bbd4b,Wrong verb tense,,false,2,"Same word, wrong form",
57eb6364-629c-41dd-a143-e4482b74054e,2026-04-02 03:56:05,a9338447-83b7-4487-8901-b3c88c2f23f7,Has spelling error,,false,2,Homophone confusion,
57f278a0-332d-4d28-882d-cfea3bcb3110,2026-04-02 03:56:05,fd831ac1-df66-4d1f-9d50-ebdb4315c666,Different part of speech,,false,3,Noun instead of verb,
57f745b7-fad2-4381-a2b3-22e5bbc854ef,2026-04-02 03:56:05,74ebb8b3-ccb8-494b-9e4b-4ea4f2d04c3e,The speaker says this exactly,,true,1,Correct audio interpretation,
5806e5e1-15ae-4466-a13a-abc69bd80049,2026-04-02 03:56:05,71758483-f1a8-43ca-944c-3ba0976cf582,True based on the passage,,true,1,Correct interpretation,
583ea3c2-f2ce-47c4-b2d5-17db6fd2a3e8,2026-04-02 03:56:05,70189253-b426-457d-90be-303c8ab22809,Item C: English phrase,,true,3,Matches Vietnamese translation,pair_C
585a27da-3276-4ca5-bc57-e241affb3ab3,2026-04-02 03:56:05,95c52f8e-8203-466d-a337-df4c46b9c97a,Opposite meaning,,false,3,Antonym in Vietnamese,
58b77970-357b-49e9-b8a6-170968c4509e,2026-04-02 03:56:05,d3bfc0ca-2665-4dc3-99dc-d2ea4a1a1f67,Common beginner mistake,,false,4,Typical error,
58b9e852-a9e1-46b5-8eb1-933f6908cb85,2026-04-02 03:56:05,fbeafe9d-185b-4dd0-952e-1915aa0b69d3,Misses the context,,false,3,Does not answer the question,
58bb2fb7-1265-445e-ab67-73f4462c4e6b,2026-04-02 03:56:05,486b4790-4d23-46d8-a475-4313c3ed6952,Item C: English phrase,,true,3,Matches Vietnamese translation,pair_C
58cbec19-c4e5-4e58-8ca4-f1c2a0ec77db,2026-04-02 03:56:05,dcd2e857-4d5c-4a4e-bda8-b1290ff3c4f6,Sound-alike but wrong,,false,2,Phonetic confusion,
58e38c16-02c8-4e53-bbc6-3355ff6e66ec,2026-04-02 03:56:05,a80ca0b5-3eb8-4b37-aaa2-c4ff80b8cd7c,Grammatically incorrect,,false,2,Unnatural phrasing,
58ea266b-f013-4f95-9047-ad21886fab45,2026-04-02 03:56:05,5b3a10c1-4a00-4549-bf32-042cc8e096dd,Natural and appropriate response,,true,1,Fits conversation flow,
590d6d61-bf42-409a-909e-8d74ad4d663a,2026-04-02 03:56:05,3454866f-5475-4c90-812e-bc60bf037c2c,Item D: English phrase,,true,4,Matches Vietnamese translation,pair_D
593e6a81-752d-474e-8b3b-810448c15208,2026-04-02 03:56:05,4e7ff9c9-a5d6-4852-9543-7fefae8761ae,Sounds similar but different,,false,2,Similar pronunciation,
59907aa5-674d-4db3-9cc1-bf80d2704873,2026-04-02 03:56:05,5acb0728-e5b1-4557-94d5-6fa0763521ca,Different part of speech,,false,3,Noun instead of verb,
59b7f6d3-1668-4c83-b822-54bff7188459,2026-04-02 03:56:05,5cd1c10d-8c71-4459-b065-a1ffcc9cf6d7,Common beginner mistake,,false,4,Typical error,
59ba55b2-04dd-496e-9f31-2782f1adc1cc,2026-04-02 03:56:05,d476a76a-bd57-4948-8fc0-46647c1231d8,Impolite or rude tone,,false,4,Wrong register,
59c3570d-f5c3-4c93-8400-320357695d39,2026-04-02 03:56:05,9be20828-7ec7-4514-9fa3-0e0732b122ec,Impolite or rude tone,,false,4,Wrong register,
59dac999-e76b-4c6f-808e-05690f91aa79,2026-04-02 03:56:05,63b3ab6b-2af5-4ad2-91f8-7fb0e536ec65,Impolite or rude tone,,false,4,Wrong register,
59dd1ad7-185e-4865-be5c-6e890dbed418,2026-04-02 03:56:05,4395f1f2-a5ac-40ec-865e-452b76e1a750,Grammatically incorrect,,false,2,Unnatural phrasing,
59e9bda0-dcef-4e5c-9d1a-7780a8ca8135,2026-04-02 03:56:05,fbe66335-ed90-423f-8cb4-e780a4acdf62,The speaker says this exactly,,true,1,Correct audio interpretation,
59f06cf8-6f57-44b4-8344-2037214721a5,2026-04-02 03:56:05,25206411-bbac-430d-ba84-5a3c2302c30d,Opposite meaning,,false,3,Antonym in Vietnamese,
59fa81a7-7852-4312-952a-27559e8ff296,2026-04-02 03:56:05,dfcffcc4-99d7-4fb7-9134-5d626a132287,Opposite of what was said,,false,3,Inverted meaning,
5a202e8c-610d-4659-a759-cd894935c0f7,2026-04-02 03:56:05,6e94c81e-155b-4192-be6c-0ba74077e9e7,Related topic from audio,,false,3,Context related but not stated,
5a3ba943-6a68-4ce4-9083-c1a41630a0f3,2026-04-02 03:56:05,34224cc1-1072-458d-844b-f2a9b150fba3,English word translation,,true,1,Direct meaning from English,
5a4d0ffd-4b56-4a12-b0b8-f266139c58c5,2026-04-02 03:56:05,97814bbb-f4a8-48c2-9bd1-457a59be8d35,Grammatically incorrect,,false,2,Unnatural phrasing,
5a54efec-9f2c-497d-a43e-d0d4e0c015d0,2026-04-02 03:56:05,60599bd0-ac64-4e78-a0c7-cfba7c1dcdf6,Opposite of what was said,,false,3,Inverted meaning,
5a6630c1-b707-4df9-9c11-fb1c5d27add1,2026-04-02 03:56:05,5afdedf3-f13f-4f75-ab43-2462f02d3953,Natural and appropriate response,,true,1,Fits conversation flow,
5a700227-0eed-42cf-bc38-3214729881a2,2026-04-02 03:56:05,2907d8bd-fe4e-4461-81ae-81b121c2ca70,Similar sounding sentence,,false,3,Auditory similarity,
5a83b85d-75ee-4f88-8957-db81c37fefdd,2026-04-02 03:56:05,e75db2d5-2a7d-4cdd-b9ad-5a6d0e4e7706,Impolite or rude tone,,false,4,Wrong register,
5a8dd97f-8570-4d8e-ae66-2b21f7648cd2,2026-04-02 03:56:05,bbc2332f-ba27-42a4-aa1d-d13e381f1a7f,Item C: English phrase,,true,3,Matches Vietnamese translation,pair_C
5a9c96b7-dee7-42c9-8c0f-0a1d1d0b2d03,2026-04-02 03:56:05,f7ffe5d1-997d-4362-a0ac-4d52ce2f2009,Related topic from audio,,false,3,Context related but not stated,
5ab3b0ab-660e-4098-ac79-147d8306e4be,2026-04-02 03:56:05,bd25e020-63e6-4ade-9eb0-7f4a4628d24e,Misses the context,,false,3,Does not answer the question,
5ace80ef-4f23-49fb-a83a-1bc737e414a2,2026-04-02 03:56:05,66d54ec8-e685-4b26-a539-dac6b7d9d649,The correct word to fill,,true,1,Proper grammar and meaning,
5af4be48-bf26-469b-8912-65e0ddee5f52,2026-04-02 03:56:05,735b457b-36d6-4f63-b72b-32e44dfe3827,Partially true but incomplete,,false,4,Half-correct answer,
5afc8e5c-3606-4e6a-86ad-cf706ab7a9a0,2026-04-02 03:56:05,cc391bbe-94a0-46f8-9587-e586137ac5b8,Completely different,,false,4,Unrelated option,
5b112d95-ea14-42a7-b9f0-ed903184bfb4,2026-04-02 03:56:05,591b1b31-10ab-46f5-baa7-0cd5ff2d7689,Item A: English phrase,,true,1,Matches Vietnamese translation,pair_A
5b29ea06-0f89-4630-8cf5-abb53fb1d835,2026-04-02 03:56:05,84537b96-f888-4d0a-a05b-c974fb1f92be,Sound-alike but wrong,,false,2,Phonetic confusion,
5b536d57-cd09-4b5e-b6f9-36ed7bac7cf9,2026-04-02 03:56:05,4e84a37c-da02-4f06-8c2e-47113c67a658,Completely different,,false,4,Unrelated option,
5b5746cc-d879-493f-accb-7716586c58a4,2026-04-02 03:56:05,8c5e8011-75e3-48d7-b7f5-7c6ea044d782,Completely different sentence,,false,4,Wrong transcription,
5b6d604b-1b9c-4d6d-9f99-ccab6a9cd7ae,2026-04-02 03:56:05,1ba23f64-9d27-4ba0-b23d-2543c8774f42,Sounds similar but different,,false,2,Similar pronunciation,
5b6f5a0f-7bb2-4748-95b3-e19d4e968e12,2026-04-02 03:56:05,dedb1946-8d76-4b3a-b1b2-4975a8824ce4,Common beginner mistake,,false,4,Typical error,
5b83a084-6c89-48de-b3fa-e977b87d54f6,2026-04-02 03:56:05,630fc29b-8518-4616-ba9d-3525c08719f7,Common beginner mistake,,false,4,Typical error,
5b9965e2-f6f9-4a0f-ae9c-e1efce86233c,2026-04-02 03:56:05,df418b05-e2e8-4680-b571-7e5f25058c85,Item A: English phrase,,true,1,Matches Vietnamese translation,pair_A
5ba099cd-f762-4b64-8a25-fb29e77c50c8,2026-04-02 03:56:05,df60292b-85b7-41fd-8c30-2a2df62cb712,Different part of speech,,false,3,Noun instead of verb,
5bbdad81-e801-4711-96e3-9c8d3f82a165,2026-04-02 03:56:05,cd0e2e95-ad49-464c-a4cc-d08c196793f7,Impolite or rude tone,,false,4,Wrong register,
5bd1ac08-803a-497a-8c07-edee51d37b48,2026-04-02 03:56:05,ff3895c6-9a45-4b7e-93e3-f3a528ef7cd1,Natural and appropriate response,,true,1,Fits conversation flow,
5bdc2198-1baf-4958-9336-d03d895bf22b,2026-04-02 03:56:05,1d2b5da5-0327-41a0-a03f-a4ed9c9b4545,Completely different sentence,,false,4,Wrong transcription,
5be09cad-b55f-4345-8904-ad5996993f97,2026-04-02 03:56:05,b4f3b157-116f-4d1a-a9e4-25c8abe8c088,Has spelling error,,false,2,Homophone confusion,
5be861be-3744-4f7e-bb72-5d93513e10ba,2026-04-02 03:56:05,7ec5a721-c737-405a-bc74-d763c7432f97,Opposite meaning,,false,4,Antonym for this context,
5beb9f13-11b4-4161-a332-cf52069df2f5,2026-04-02 03:56:05,957a716a-1dc4-4b3b-bd7d-16e44442e7bb,Misses the context,,false,3,Does not answer the question,
5bee3c69-835a-457b-bbde-1a8066d95b05,2026-04-02 03:56:05,14f95531-a997-48b3-a82b-53ddf0ce2560,Impolite or rude tone,,false,4,Wrong register,
5bf103b3-a179-4fa4-9580-12b6e6cafa57,2026-04-02 03:56:05,58cbc328-00e1-4602-b3b7-828cc0a585b4,Correct sentence from audio,,true,1,Exactly as spoken,
5c1c42e0-8aa4-4252-87a5-81cae0906f4b,2026-04-02 03:56:05,16c2f7c5-7074-4e50-8721-8ac35d563e1e,Opposite meaning,,false,4,Antonym for this context,
5c24078e-bba1-4f42-9f5f-733009d8ace0,2026-04-02 03:56:05,9bdab168-2f2c-4c20-aa28-0487a4978d67,Partially true but incomplete,,false,4,Half-correct answer,
5c2724c6-acff-4227-8219-199d006884d0,2026-04-02 03:56:05,047edaa7-7543-4458-a458-103cc86adbca,Grammatically incorrect,,false,2,Unnatural phrasing,
5c304673-1092-458c-9699-0d46418c02a7,2026-04-02 03:56:05,0b406886-6ec9-4dd5-b290-2a46e1994d2e,Opposite meaning,,false,4,Antonym for this context,
5c3c6d6a-bd17-4f0f-9de8-4fd8a069f649,2026-04-02 03:56:05,b4f3b157-116f-4d1a-a9e4-25c8abe8c088,Completely different sentence,,false,4,Wrong transcription,
5c432bf5-a9d2-44d7-9b52-8c31cb3413f0,2026-04-02 03:56:05,d0a8c184-1067-47eb-b2bd-a60002df2453,Opposite meaning,,false,4,Antonym for this context,
5c561987-d409-454f-a626-cbb10e2c8876,2026-04-02 03:56:05,815c5e0a-94f8-4759-b195-c9c632b1f211,The correct word to fill,,true,1,Proper grammar and meaning,
5c641124-0db7-4229-89fc-882874edf588,2026-04-02 03:56:05,c230db1d-dfa0-40c3-bd1b-69ad1d24ca7b,Completely different sentence,,false,4,Wrong transcription,
5c69f7d5-9949-4ac0-8f39-079596278080,2026-04-02 03:56:05,16ab4e3d-a923-40b1-b9cb-c9c5a2a7630f,Completely different,,false,4,Unrelated option,
5c71dc1c-7fc9-4578-a825-0243fb3087d5,2026-04-02 03:56:05,f4584d02-b919-4b28-9cff-4284d2246fe0,Related topic from audio,,false,3,Context related but not stated,
5c76accd-e880-4a84-b9be-3ff4ff3944a9,2026-04-02 03:56:05,b831b990-07be-4ecc-8fb2-5a752368dfc7,Opposite meaning,,false,3,Antonym in Vietnamese,
5c98f178-28f9-41c6-bdbf-806eb826aab1,2026-04-02 03:56:05,b3745706-714b-4159-b896-7047f45e19b4,Item A: English phrase,,true,1,Matches Vietnamese translation,pair_A
5c9ed825-5d6d-4278-a5af-5808ac9a7a43,2026-04-02 03:56:05,2fc2d248-a148-4142-8428-23ae4e3c7eb2,Common beginner mistake,,false,4,Typical error,
5cd53168-ad18-43eb-9ca5-b68f2ee73b36,2026-04-02 03:56:05,4e803978-faff-4c65-8250-73f4975a7441,Common beginner mistake,,false,4,Typical error,
5ce66a92-70d1-4575-87f9-fa9e1c4ad6b0,2026-04-02 03:56:05,5c6b052c-f7bd-4204-8a15-053bbeae220e,The correct word to fill,,true,1,Proper grammar and meaning,
5cfc7906-4c05-4d42-aff6-c6a2f5414c83,2026-04-02 03:56:05,85b47e59-38df-494a-babd-1e3e724496f7,Related topic from audio,,false,3,Context related but not stated,
5d0b1da6-57bc-4425-b6c4-5be345d0fcc5,2026-04-02 03:56:05,74fe2a39-8b72-497b-a5a8-eb09b565dbea,Natural and appropriate response,,true,1,Fits conversation flow,
5d1aec69-bbb6-48f8-a27b-3e778b73c275,2026-04-02 03:56:05,471eec4e-3a7c-4cdd-83ed-b7b902b15892,Misses the context,,false,3,Does not answer the question,
5d22e291-18c8-4f8a-8746-dcf4ccdd3090,2026-04-02 03:56:05,0b5b188f-f231-4006-a983-6cc983fc044d,Sound-alike but wrong,,false,2,Phonetic confusion,
5d2533f1-fbb8-4ce5-a6f2-8fa3373026fb,2026-04-02 03:56:05,67b71451-0311-4a1a-9731-095de6c3f023,Item D: English phrase,,true,4,Matches Vietnamese translation,pair_D
5d3d22cc-bd0e-4ea3-9439-a454d8af6300,2026-04-02 03:56:05,44a8edb1-0cda-483c-94e3-df58c74349de,Sound-alike but wrong,,false,2,Phonetic confusion,
5d4707b5-ac3d-4a9e-90a9-e19c33de4055,2026-04-02 03:56:05,1b10d7a6-c3f9-4334-8cb9-a6d60590d2a7,The speaker says this exactly,,true,1,Correct audio interpretation,
5d4accdf-867b-4f03-8f0d-e4a8b2a81f02,2026-04-02 03:56:05,cce012c7-ce47-4800-94d4-fb2262e4b2f1,Item D: English phrase,,true,4,Matches Vietnamese translation,pair_D
5d608a46-c5ff-4ba7-bcf6-c0d7e207b431,2026-04-02 03:56:05,4bf4bdf4-4a01-4201-b356-c322a9df6336,The correct word to fill,,true,1,Proper grammar and meaning,
5d85d4da-8ff1-4ba5-92ac-2cab241e28c6,2026-04-02 03:56:05,13be727d-e542-4084-a6ec-fb0bb46bf4bd,The correct word to fill,,true,1,Proper grammar and meaning,
5db67ba1-c2d4-44ff-94df-2a68d6418b88,2026-04-02 03:56:05,f6161149-e8a8-422a-9f24-1210ea9734e3,Sounds similar but different,,false,2,Similar pronunciation,
5dc461ce-2e6c-46cc-afee-74c1249592c1,2026-04-02 03:56:05,cc6ca6ad-796d-4743-9d96-0b8c67536ec2,Sound-alike but wrong,,false,2,Phonetic confusion,
5deef2e5-b76d-40bf-9118-9194fee4e0fc,2026-04-02 03:56:05,97814bbb-f4a8-48c2-9bd1-457a59be8d35,Misses the context,,false,3,Does not answer the question,
5df1def7-c761-49ba-b3a2-627f6043b438,2026-04-02 03:56:05,aad02098-29f4-4aaf-beb4-cbfebc9f27fb,Item A: English phrase,,true,1,Matches Vietnamese translation,pair_A
5e051046-bbaa-4753-9558-c4099573a3c8,2026-04-02 03:56:05,14f95531-a997-48b3-a82b-53ddf0ce2560,Misses the context,,false,3,Does not answer the question,
5e0ff761-8e44-4a9a-aae3-156f36111aa5,2026-04-02 03:56:05,5a54a5d3-af2f-4fbc-a4a0-55b2c0115347,Grammatically incorrect,,false,2,Unnatural phrasing,
5e1ea73c-d73b-4af7-90c1-31d2548f6d92,2026-04-02 03:56:05,aaf0b04d-3ac4-4edb-a655-2aa9e4235357,Misses the context,,false,3,Does not answer the question,
5e22677b-6329-4ff4-837a-a0be9b1c9ea3,2026-04-02 03:56:05,fbe88a6b-03df-4c63-9789-dca0ec12bb40,The correct word to fill,,true,1,Proper grammar and meaning,
5e24e745-b59a-44ed-9be2-b5387d5bbb3d,2026-04-02 03:56:05,aadd8255-497e-475b-818a-99e298875f9e,Item A: English phrase,,true,1,Matches Vietnamese translation,pair_A
5e24ead5-10d7-48df-80e7-687a8628946c,2026-04-02 03:56:05,28c3a2db-d386-4bde-a7a0-7250fb30eb8e,True based on the passage,,true,1,Correct interpretation,
5e3ab139-6dff-43d0-ad55-6d7c88682a7f,2026-04-02 03:56:05,64fe6803-7767-4497-8606-427b86e45e53,Sounds similar but different,,false,2,Similar pronunciation,
5e3c43b3-3592-4ac4-a21b-b684024466a6,2026-04-02 03:56:05,a3e41dcd-5848-437d-932c-79f633bd9b53,Item A: English phrase,,true,1,Matches Vietnamese translation,pair_A
5e3c79a0-849d-4094-9dc3-70b99f26c88d,2026-04-02 03:56:05,4c7fe20f-149d-4009-a60b-c443d8a331d0,Item C: English phrase,,true,3,Matches Vietnamese translation,pair_C
5e710fce-5efe-4984-b0c7-2b2816d6f5f0,2026-04-02 03:56:05,332d07e1-5801-46e5-8b32-fc07d814e675,False: not mentioned in text,,false,2,Misunderstanding,
5e8a3384-38e0-4bd2-83dc-c6e4e77da427,2026-04-02 03:56:05,3ccd1a77-8e23-4cc9-87f9-300811782c78,Natural and appropriate response,,true,1,Fits conversation flow,
5e91dcb2-356b-461c-a15b-b0ecbd8c9b0a,2026-04-02 03:56:05,0e053360-e521-4840-a409-0ad308472be7,Misses the context,,false,3,Does not answer the question,
5eaa9c86-85ed-4b12-9226-649bd6d767f7,2026-04-02 03:56:05,1d2b5da5-0327-41a0-a03f-a4ed9c9b4545,Has spelling error,,false,2,Homophone confusion,
5ead5d52-1f36-4a44-9193-3a6dab29d3b4,2026-04-02 03:56:05,c31710be-ff8e-45d5-9633-1af11c50c979,Impolite or rude tone,,false,4,Wrong register,
5ec1c8f2-8c12-40c2-80d9-bcdbc0c97102,2026-04-02 03:56:05,dfb54600-a0f4-4bee-b92b-e3a5ab12ca29,Sounds similar but different,,false,2,Similar pronunciation,
5ec2324d-f857-43e5-8979-cbf0fff2ee2e,2026-04-02 03:56:05,daa324f2-a5e9-403e-838b-aa55fe360336,Misses the context,,false,3,Does not answer the question,
5ecd08fb-f99f-4139-b5c7-45834c5e4d47,2026-04-02 03:56:05,6fb71b91-3a67-42a5-b155-0b332c907613,The speaker says this exactly,,true,1,Correct audio interpretation,
5ef91577-8890-4dca-8b48-796ea6182821,2026-04-02 03:56:05,a8efc791-34bd-41a3-8b04-c372a61315fb,Item C: English phrase,,true,3,Matches Vietnamese translation,pair_C
5f006320-217d-4029-ac85-7959a514523b,2026-04-02 03:56:05,8e478455-567c-4f0d-8023-49c0639853ab,Misses the context,,false,3,Does not answer the question,
5f14791c-d806-4b0d-908f-f9c4ff470a91,2026-04-02 03:56:05,84ac2854-63ac-41f0-adb5-3cd9d9ae358c,False: not mentioned in text,,false,2,Misunderstanding,
5f37aceb-7b17-4017-9a00-b37a4c7ba5d8,2026-04-02 03:56:05,8c84ca93-e604-4cb0-957b-4272acc6ddd9,Impolite or rude tone,,false,4,Wrong register,
5f55bf9d-e52e-4786-a966-b59b6a7b2b0b,2026-04-02 03:56:05,cd0e2e95-ad49-464c-a4cc-d08c196793f7,Natural and appropriate response,,true,1,Fits conversation flow,
5f604f7e-d9d4-4a62-b293-74e66ceb6888,2026-04-02 03:56:05,64fe6803-7767-4497-8606-427b86e45e53,Completely different,,false,4,Unrelated option,
5f64444b-5d91-4554-a12a-82ab7a2d6f72,2026-04-02 03:56:05,2f6e1539-8049-4dcc-9188-c50ed8013f3c,Opposite meaning,,false,4,Antonym for this context,
5f8cb041-02ec-4d2d-8ddb-49d4279d08b5,2026-04-02 03:56:05,86293d2b-d83c-4bfc-b505-addc4208ae8f,Correct sentence from audio,,true,1,Exactly as spoken,
5fbb6f2c-f417-4086-9f4f-cc819ec871a8,2026-04-02 03:56:05,e67078ec-d844-49a5-ae6a-0ec305b2d193,Item B: English phrase,,true,2,Matches Vietnamese translation,pair_B
5fc0d4bb-4c3f-498c-b961-674f96c8ff5e,2026-04-02 03:56:05,a523f6c5-49d5-4188-b43a-8f7dca081fe7,Impolite or rude tone,,false,4,Wrong register,
5fe8cb86-61da-438f-884f-87a5ec4f80ad,2026-04-02 03:56:05,48bc9167-4f02-466e-b9b9-894b7b082607,The correct word to fill,,true,1,Proper grammar and meaning,
5ffcbf94-01a1-4850-b250-742e3c35ee26,2026-04-02 03:56:05,e9d0cdae-e31b-4a60-9a11-f1497c4ee18f,The correct word to fill,,true,1,Proper grammar and meaning,
600c0f0a-c3e3-4225-a20e-c60b407a665f,2026-04-02 03:56:05,64ebce11-3b8c-4ffb-bf27-7e7e9ff1da49,Misses the context,,false,3,Does not answer the question,
60106c25-028e-4cfd-9859-e19a78bdca47,2026-04-02 03:56:05,6c734fa0-28cd-457f-81f9-213e4ac8aa63,Wrong verb tense,,false,2,"Same word, wrong form",
602e61cd-c85e-49e1-ac5b-d39ff27e2195,2026-04-02 03:56:05,6770c9f0-bff1-4668-8436-faafaf77575c,Opposite meaning,,false,4,Antonym for this context,
6036472f-995d-41ef-917c-a7fbe37b47ed,2026-04-02 03:56:05,87348dec-7c73-4b9f-85e5-670eca669f0a,Correct sentence from audio,,true,1,Exactly as spoken,
60489485-ea5d-4409-8169-32dbb0264e08,2026-04-02 03:56:05,1b10d7a6-c3f9-4334-8cb9-a6d60590d2a7,Completely different,,false,4,Unrelated option,
607f154e-13f3-4a10-a200-296388db8f5f,2026-04-02 03:56:05,4e976b8e-ac10-4038-a0bd-e27fbf4723f6,Opposite meaning,,false,3,Antonym in Vietnamese,
6085bc7f-b4a6-4420-a5c0-34e75f1c2f28,2026-04-02 03:56:05,3d3223e9-c75d-46fe-b467-4f13427a8417,Similar sounding sentence,,false,3,Auditory similarity,
60a0f26d-014e-40ad-8f07-c0ebd3ef56cc,2026-04-02 03:56:05,8c2cb01b-b51b-4acd-864e-908dd91e21c3,Opposite meaning,,false,4,Antonym for this context,
60a10825-1d2c-451c-bc33-e57655b03599,2026-04-02 03:56:05,0e053360-e521-4840-a409-0ad308472be7,Natural and appropriate response,,true,1,Fits conversation flow,
60ad9bed-def3-4e64-aa67-61112340dff5,2026-04-02 03:56:05,13a09ebc-6b34-4577-8ac7-bc2ba3a87caa,Related topic from audio,,false,3,Context related but not stated,
60b2a36b-d1ca-4a69-9290-7505a4fd1151,2026-04-02 03:56:05,bebefd06-58b0-4ca8-8cd9-509a35bc9f4a,Misses the context,,false,3,Does not answer the question,
60eb1e2b-2453-466e-8734-cad715fcce61,2026-04-02 03:56:05,d6025e69-8750-499c-b937-160e319b3ab8,Item D: English phrase,,true,4,Matches Vietnamese translation,pair_D
60f5e231-05eb-4fd4-8ebd-4540e7d2b069,2026-04-02 03:56:05,fd5d1f54-cf38-4f56-b96f-36f34a85477d,Impolite or rude tone,,false,4,Wrong register,
60fc68a4-547f-44aa-a051-ec85714d1f2b,2026-04-02 03:56:05,bc39b6ad-09dc-426c-82c9-f014a5aaa449,The speaker says this exactly,,true,1,Correct audio interpretation,
60fcea37-e32d-4fc7-9a04-2ecd909887c2,2026-04-02 03:56:05,49be591e-5fd0-42d1-823a-d37510d9f9c4,True based on the passage,,true,1,Correct interpretation,
611947ff-c2ba-4f68-a8ab-a86bb78c936f,2026-04-02 03:56:05,19872a55-b532-4eae-a607-fd95b1128aa0,Opposite meaning,,false,4,Antonym for this context,
611e6500-7a2c-4c10-83aa-34a7847d64ff,2026-04-02 03:56:05,d61e97fa-92b8-4157-a426-81f996272177,Common beginner mistake,,false,4,Typical error,
61336f41-e047-44a0-aaa5-db29b4274cd3,2026-04-02 03:56:05,6ce2e7b5-afad-4a18-baee-49c8692c23bf,True based on the passage,,true,1,Correct interpretation,
61342c62-cc17-41e8-9007-0c2c4c7c4697,2026-04-02 03:56:05,2e1940c6-48dd-44ee-9401-715aeade4b0c,Item B: English phrase,,true,2,Matches Vietnamese translation,pair_B
614d21eb-f701-4684-803a-98977b57f0a7,2026-04-02 03:56:05,0e053360-e521-4840-a409-0ad308472be7,Grammatically incorrect,,false,2,Unnatural phrasing,
6167b404-a94e-4601-a6bb-2d36a0d29d03,2026-04-02 03:56:05,eb9645dd-7f9d-428a-b5b7-772ecfaa9243,Grammatically incorrect,,false,2,Unnatural phrasing,
6173a284-65f3-4982-9d84-6e76fcb6c89b,2026-04-02 03:56:05,74346b0f-8d5d-44c5-a1a6-d04d5d5fb66f,Completely different,,false,4,Unrelated option,
61776e27-d13f-48c0-8811-aded2cde7fc7,2026-04-02 03:56:05,5555ab11-dade-46ca-b08a-f70c0ee52889,Opposite meaning,,false,4,Antonym for this context,
617ecf77-45fb-411a-9fff-a0b8b141e433,2026-04-02 03:56:05,5531149c-043c-4557-95bb-f6e67c4590f5,Similar sounding sentence,,false,3,Auditory similarity,
6192c844-4e9a-4b45-9b67-374092dfb115,2026-04-02 03:56:05,b721193e-05de-46f1-b9bd-fea599b2f5f2,Opposite meaning,,false,3,Antonym in Vietnamese,
61b1f08e-0ea3-4bdf-a41b-aa1f3bb8e70f,2026-04-02 03:56:05,3c60585f-f747-4266-9ff1-b4a0600807c2,Similar sounding sentence,,false,3,Auditory similarity,
61c34615-4629-4233-aa6a-abdae2ab3b9b,2026-04-02 03:56:05,e9d0cdae-e31b-4a60-9a11-f1497c4ee18f,Different part of speech,,false,3,Noun instead of verb,
61f81f2b-eb0c-480e-b3ca-ce777fed0217,2026-04-02 03:56:05,aad02098-29f4-4aaf-beb4-cbfebc9f27fb,Item D: English phrase,,true,4,Matches Vietnamese translation,pair_D
61f8e117-609d-4a69-84ff-cd5f67484a2d,2026-04-02 03:56:05,fb1f00d0-426a-4d0a-8d3a-10089566b726,Misses the context,,false,3,Does not answer the question,
61fd8ad9-2776-4015-9ee2-61525779ad29,2026-04-02 03:56:05,dce5d8eb-ae28-4371-9b7c-de911934464d,Sounds similar but different,,false,2,Similar pronunciation,
61fdea32-a370-4989-9fb8-1bc4605a8176,2026-04-02 03:56:05,998c9f28-c0f4-4ca9-957d-241dae2e1845,Sounds similar but different,,false,2,Similar pronunciation,
61ffc204-fa4f-49d7-8428-3002382cfaa3,2026-04-02 03:56:05,db041796-25cf-42e3-ab9f-9f1f01706c97,Related topic from audio,,false,3,Context related but not stated,
62026c51-490c-43c4-8f77-ce310bd69988,2026-04-02 03:56:05,ef206911-6154-4d9c-bd21-ceaf8b501f8e,Different part of speech,,false,3,Noun instead of verb,
6232390f-9fb3-4f9a-bed6-125b268a9fa5,2026-04-02 03:56:05,a48ea40c-668b-4bcd-98ac-d86047d6755a,Grammatically incorrect,,false,2,Unnatural phrasing,
626726fa-92d1-4c88-a066-71e34cf1ba04,2026-04-02 03:56:05,7117774f-6757-4947-ac5a-26290e112281,Has spelling error,,false,2,Homophone confusion,
62678433-46b1-4f84-98f6-1f993d8c5539,2026-04-02 03:56:05,bb364fc8-fca7-4ebf-83f2-4606726c42f1,Item C: English phrase,,true,3,Matches Vietnamese translation,pair_C
628019cb-ce68-4ba0-a6df-5ebb59b218a8,2026-04-02 03:56:05,342899b9-dc34-4f28-a79f-d956afdea771,English word translation,,true,1,Direct meaning from English,
62b65d4d-f0c6-4607-b685-b32989ee4fa0,2026-04-02 03:56:05,849c56dc-68b0-4df5-97bd-6b99b1788b45,True based on the passage,,true,1,Correct interpretation,
62c115fb-f67a-4b2c-af86-06b295921507,2026-04-02 03:56:05,b8b8d6c6-3464-4183-a618-ee5fea4c33a5,Different part of speech,,false,3,Noun instead of verb,
62c3081a-d1e7-4587-a781-a7cb3471f968,2026-04-02 03:56:05,332d07e1-5801-46e5-8b32-fc07d814e675,True based on the passage,,true,1,Correct interpretation,
62c493bf-6b4b-42e5-ad4f-063e5d431c7e,2026-04-02 03:56:05,dddb00c0-e364-4a82-853e-25eb35b8fe74,The speaker says this exactly,,true,1,Correct audio interpretation,
630ae868-1f97-418e-ac41-d489662fe81f,2026-04-02 03:56:05,37bb6acb-af73-44f9-adf5-81fcfa167c26,The speaker says this exactly,,true,1,Correct audio interpretation,
630ef490-a554-42d8-a576-16749823acfc,2026-04-02 03:56:05,f4584d02-b919-4b28-9cff-4284d2246fe0,Completely different,,false,4,Unrelated option,
632f4a25-a193-4f47-b1fe-d6be5993fafa,2026-04-02 03:56:05,0585fade-d57a-4151-bd52-57b7a5dd42f5,True based on the passage,,true,1,Correct interpretation,
6339e1b2-e350-4eec-be41-aebc0d5040ee,2026-04-02 03:56:05,454ff226-6de0-48b0-9473-1b22c0325bb1,Similar sounding sentence,,false,3,Auditory similarity,
63911c4e-1d8c-4dae-bd7b-88f81c36224e,2026-04-02 03:56:05,1be0d781-fef8-49c8-b6d0-4ccfa5f8ace4,Similar sounding sentence,,false,3,Auditory similarity,
63b0d4df-3dde-4042-b219-dffc8f256b64,2026-04-02 03:56:05,31c212d2-45ba-4b4f-ad05-06ba487fc2f3,Different part of speech,,false,3,Noun instead of verb,
63b78b1d-09e5-47f8-a1a8-22fb13413b48,2026-04-02 03:56:05,360698e6-67b3-447d-8c16-7bf56ab26743,Completely different sentence,,false,4,Wrong transcription,
63be77e3-980a-435b-abe3-f531a0f64370,2026-04-02 03:56:05,60fe2be1-c489-4ef1-b898-b1fb6c965036,Sounds similar but different,,false,2,Similar pronunciation,
63cfd7b4-de7c-4e48-9c92-e66c8e48c92e,2026-04-02 03:56:05,efb64706-0cb8-4ce7-9778-0c15339d329a,Natural and appropriate response,,true,1,Fits conversation flow,
63d46ae8-ca5c-4c10-9954-47e2e8de9f60,2026-04-02 03:56:05,4fa4ea9c-feb0-4fae-8816-b8cf4cfdbebb,Grammatically incorrect,,false,2,Unnatural phrasing,
642aabb1-bb7d-4a1b-9b8b-94510acfa2bf,2026-04-02 03:56:05,524ce367-fc2a-496e-af36-ad0b45a323e9,Opposite meaning,,false,4,Antonym for this context,
64315c30-9203-4ab4-b02a-d231c274e5c7,2026-04-02 03:56:05,96151b17-9aef-4f16-ac69-4c7063c5ca1b,False: not mentioned in text,,false,2,Misunderstanding,
644ce999-3e51-4a2d-ae0d-8f780ba3ea7c,2026-04-02 03:56:05,c7cdb437-189d-4dff-9cb2-946449b266fc,Natural and appropriate response,,true,1,Fits conversation flow,
6452b9f4-bd76-4177-b15c-29e085ccf778,2026-04-02 03:56:05,97d9f1f2-b4c3-48d8-8585-b61d3fe70dd0,Item D: English phrase,,true,4,Matches Vietnamese translation,pair_D
64535721-b21b-47de-93dd-7ac466111ee2,2026-04-02 03:56:05,184410ff-2a84-44c1-9489-d93a404c5208,False: not mentioned in text,,false,2,Misunderstanding,
64542889-3e32-4b2b-b1c1-971ff5ff894e,2026-04-02 03:56:05,89748f3d-0169-40fb-b497-83c0fb904704,Item C: English phrase,,true,3,Matches Vietnamese translation,pair_C
64603112-2456-4d30-8d6c-5802a8eedddd,2026-04-02 03:56:05,6d70cdd3-146f-4228-a242-14fd4663c850,Wrong verb tense,,false,2,"Same word, wrong form",
6474f13c-2cec-40fa-a9ea-0f99ff6183d6,2026-04-02 03:56:05,95c5ceee-c1c3-4f91-b845-37a69234bc7a,False: not mentioned in text,,false,2,Misunderstanding,
64adfae6-b908-47f7-acc5-71eebb30d51a,2026-04-02 03:56:05,342899b9-dc34-4f28-a79f-d956afdea771,Sound-alike but wrong,,false,2,Phonetic confusion,
64b1adde-2b34-458b-bfa7-082f179e692a,2026-04-02 03:56:05,46b8b76b-146e-41d4-b925-687a17ed9424,Sounds similar but different,,false,2,Similar pronunciation,
64ca1f5c-9169-4f93-a6d6-b9118dc5e8e0,2026-04-02 03:56:05,c28126ae-02c4-4dca-ab77-d24f8e60f7e4,Common beginner mistake,,false,4,Typical error,
64ebef46-850e-4dc6-ab8f-9c53f4d7982b,2026-04-02 03:56:05,893f69ed-94e8-4e30-ad94-b98a43cba997,Item B: English phrase,,true,2,Matches Vietnamese translation,pair_B
64f5958e-7fbe-49a8-9a79-0af6a63930e5,2026-04-02 03:56:05,28420bd6-ea07-4be4-a5d0-8da88e39c26f,Misses the context,,false,3,Does not answer the question,
65214d97-69a7-4381-ba77-d2511a371120,2026-04-02 03:56:05,5d18ec54-dcb8-46ff-a408-38d90e8a3684,Completely different,,false,4,Unrelated option,
654c9128-9045-4494-a39a-3ee30901928d,2026-04-02 03:56:05,38cce009-909c-4434-a4d5-bffb98e35f96,Has spelling error,,false,2,Homophone confusion,
65703d56-4be9-44d2-97b6-8a98e392bc41,2026-04-02 03:56:05,c142eb4d-c7e3-4c70-9b1d-6d1ca6e34ce1,Partially true but incomplete,,false,4,Half-correct answer,
65920718-b65e-466d-b3ed-cb9c72a1cd12,2026-04-02 03:56:05,9b5b6c97-c0ff-4348-a8cb-381efe44277e,Partially true but incomplete,,false,4,Half-correct answer,
65993c97-feba-447b-a5ad-e38e6c07d80e,2026-04-02 03:56:05,5baed125-cae7-4213-a34e-cc26d8cb1289,Opposite of what was said,,false,3,Inverted meaning,
65a2a840-9605-423e-8926-4a59d4ad61c2,2026-04-02 03:56:05,d3e98a01-04e5-4924-97ea-fb0d47a468e8,Grammatically incorrect,,false,2,Unnatural phrasing,
65c27bfc-4592-425f-a766-e2f04543ee0a,2026-04-02 03:56:05,83e96e10-5511-455c-9cdf-647180bf1f25,English word translation,,true,1,Direct meaning from English,
65c3ab53-9d04-4235-8c55-1ba3df996407,2026-04-02 03:56:05,d76ab1ca-4640-4435-8eca-901d8f6ffbbb,Item C: English phrase,,true,3,Matches Vietnamese translation,pair_C
65d43d2e-fa2b-48e1-83bd-e58e7dea029b,2026-04-02 03:56:05,0b5b188f-f231-4006-a983-6cc983fc044d,English word translation,,true,1,Direct meaning from English,
65d579a8-5513-4e0d-b0cc-aafac86f2081,2026-04-02 03:56:05,a48ea40c-668b-4bcd-98ac-d86047d6755a,Impolite or rude tone,,false,4,Wrong register,
65d990a5-fbbe-4c87-b51a-b7e8bb68e585,2026-04-02 03:56:05,af80f9fe-fa7d-4373-909b-100502f59b3f,Partially true but incomplete,,false,4,Half-correct answer,
661d7344-fbd0-4d38-895c-1bd3afc2b9c5,2026-04-02 03:56:05,fa9fed62-5d84-4d1e-9c02-41ba3ca1161f,Item D: English phrase,,true,4,Matches Vietnamese translation,pair_D
6621414e-d481-4992-b224-77f762a80516,2026-04-02 03:56:05,97098821-fa70-4be5-8958-09d63f833715,Opposite meaning,,false,3,Antonym in Vietnamese,
66317b87-0e86-4cee-8f76-5eea827d0db3,2026-04-02 03:56:05,dfb54600-a0f4-4bee-b92b-e3a5ab12ca29,Related topic from audio,,false,3,Context related but not stated,
66391c9c-3630-4077-9993-78b65d5e6747,2026-04-02 03:56:05,9961cd69-f46f-4519-bf30-8fa710a01e7b,Sounds similar but different,,false,2,Similar pronunciation,
663f8277-08ee-4936-a188-013f1648451b,2026-04-02 03:56:05,be57da9d-3632-4ed1-952a-ac44cc4ce5a2,Partially true but incomplete,,false,4,Half-correct answer,
664031ed-b04b-411d-a767-d627fa15ea2f,2026-04-02 03:56:05,9ab3a09b-e66d-41cd-9a47-3b1e23ba679c,Item B: English phrase,,true,2,Matches Vietnamese translation,pair_B
6656ebaa-9704-4ba6-8857-c0b9c4845da5,2026-04-02 03:56:05,9770035b-c66e-4710-b9e1-166e45ef924c,Item C: English phrase,,true,3,Matches Vietnamese translation,pair_C
6662c813-9030-43d1-803c-afafff32c813,2026-04-02 03:56:05,44f5ff3e-7d7e-4125-8997-c50582463810,Wrong verb tense,,false,2,"Same word, wrong form",
66a96832-ca2d-498a-b853-1b8fc072be93,2026-04-02 03:56:05,431b2605-fcd7-42cb-8266-207eb7a86d54,Item D: English phrase,,true,4,Matches Vietnamese translation,pair_D
66bd7def-ee52-4079-8c0c-82891b605ba4,2026-04-02 03:56:05,2f8570ff-139f-421c-b56e-041aa41dd668,Wrong verb tense,,false,2,"Same word, wrong form",
66cd27a1-4263-4fbb-b8ed-9516635c78f4,2026-04-02 03:56:05,362c6cc6-9f53-40cb-8357-bcc01aacbd5a,Similar sounding sentence,,false,3,Auditory similarity,
670196e5-8102-4289-ab4d-93252646f55a,2026-04-02 03:56:05,eb9645dd-7f9d-428a-b5b7-772ecfaa9243,Natural and appropriate response,,true,1,Fits conversation flow,
672afb09-4519-48a8-8820-56ddc6e89238,2026-04-02 03:56:05,815c5e0a-94f8-4759-b195-c9c632b1f211,Wrong verb tense,,false,2,"Same word, wrong form",
675da8d9-b021-49d9-afff-67aa2f0efe59,2026-04-02 03:56:05,50a1ba91-e2cf-4620-ae0a-6a53a4567fc4,Item B: English phrase,,true,2,Matches Vietnamese translation,pair_B
67661a8b-5f02-4ff5-ab23-34ba13d58bee,2026-04-02 03:56:05,7c12817b-77be-487e-9b1d-fe5ef0cb099f,Wrong verb tense,,false,2,"Same word, wrong form",
676a9178-495f-42f1-8ea9-f86b495cec17,2026-04-02 03:56:05,8638e5ef-62ea-4294-99b5-a787d74ecc8d,False: not mentioned in text,,false,2,Misunderstanding,
67a32a2e-c8e5-4fd0-bf06-f69060c3f350,2026-04-02 03:56:05,fd831ac1-df66-4d1f-9d50-ebdb4315c666,Wrong verb tense,,false,2,"Same word, wrong form",
67c82b5b-4b64-4a44-bf2f-7c09beb691bd,2026-04-02 03:56:05,f79bf0c8-986f-40a4-9327-9bf80e7f8649,Correct sentence from audio,,true,1,Exactly as spoken,
67d1ea09-110b-43fa-9896-7b8d9f29b046,2026-04-02 03:56:05,6ce2e7b5-afad-4a18-baee-49c8692c23bf,Partially true but incomplete,,false,4,Half-correct answer,
6807d6d0-1011-47e8-bd93-7ceb65d32336,2026-04-02 03:56:05,5a4104ef-0acb-4838-9b17-6f93933cf1e3,Item A: English phrase,,true,1,Matches Vietnamese translation,pair_A
6809841f-518d-4f3f-9a75-43dacf9072a8,2026-04-02 03:56:05,06318b25-6920-4994-90f1-904856411ab8,Similar sounding sentence,,false,3,Auditory similarity,
684e6a6e-25e2-46d6-90d9-8fc36667a6a0,2026-04-02 03:56:05,7d4c182a-fc01-445d-b935-1bef091cc29e,Item D: English phrase,,true,4,Matches Vietnamese translation,pair_D
6868f27c-9161-433c-a5fd-88b2be7064ee,2026-04-02 03:56:05,5d010628-9fda-4582-abc8-6efd28029d05,Sounds similar but different,,false,2,Similar pronunciation,
68985f73-6693-46ef-8956-7938540ab383,2026-04-02 03:56:05,6822d6a2-5b91-4bc6-ad94-26021833d158,Similar sounding sentence,,false,3,Auditory similarity,
68aff2b0-9805-413f-87a7-b731ee3a544f,2026-04-02 03:56:05,698525e5-e9dd-4641-a7d1-d5130a402355,Similar sounding sentence,,false,3,Auditory similarity,
68b5cbed-2aba-48d6-bac3-9c630f80226b,2026-04-02 03:56:05,5494e1c2-ae52-443d-9907-61f68ddd1781,False: not mentioned in text,,false,2,Misunderstanding,
68eaf58d-78e6-441f-9677-58110999ac12,2026-04-02 03:56:05,a8ae0cf8-dc44-416b-9f60-1cb7b0511f82,Item A: English phrase,,true,1,Matches Vietnamese translation,pair_A
68f7d070-648e-4402-b269-3cadd2326b0c,2026-04-02 03:56:05,ed04b899-dc86-4b33-a949-e0656730bc6b,Opposite of what was said,,false,3,Inverted meaning,
691907dd-93ab-40c7-b6fa-eea04ace8a69,2026-04-02 03:56:05,83eefeab-78c2-467b-8165-fd8d8b4f7e4d,Similar sounding sentence,,false,3,Auditory similarity,
6928494b-5eb9-44d2-a4c8-93f1711a27ef,2026-04-02 03:56:05,2f6e1539-8049-4dcc-9188-c50ed8013f3c,Wrong verb tense,,false,2,"Same word, wrong form",
6936ec82-e70c-4278-b9ea-95a18216fb96,2026-04-02 03:56:05,4e84a37c-da02-4f06-8c2e-47113c67a658,Related topic from audio,,false,3,Context related but not stated,
696a498e-5aba-4568-bf43-172fb9fd768c,2026-04-02 03:56:05,c2f1ca03-e682-4bff-9c2f-90da518138fc,Has spelling error,,false,2,Homophone confusion,
6974bd02-2d5c-4ced-8f89-624207b192eb,2026-04-02 03:56:05,32af518f-2290-4d76-80e2-b7415baa37ae,English word translation,,true,1,Direct meaning from English,
697969b7-7e02-45da-bd1f-c15ca95d38e2,2026-04-02 03:56:05,d76ab1ca-4640-4435-8eca-901d8f6ffbbb,Item A: English phrase,,true,1,Matches Vietnamese translation,pair_A
698d58bb-64bc-4181-88cc-0faaa085bdde,2026-04-02 03:56:05,b1bea614-b117-4162-acd0-896b093de76b,Has spelling error,,false,2,Homophone confusion,
6997aee8-760c-4462-9b2e-61f962ee85be,2026-04-02 03:56:05,5c6b052c-f7bd-4204-8a15-053bbeae220e,Opposite meaning,,false,4,Antonym for this context,
699b02c7-e929-44a7-9baa-914b60ac37dc,2026-04-02 03:56:05,4be6f19f-398b-46c0-97f9-45490ca5b185,Wrong verb tense,,false,2,"Same word, wrong form",
69a122da-7db0-4fe1-9d21-c60916f2ec72,2026-04-02 03:56:05,3047ade4-625a-4191-a904-574a1517ced6,Different part of speech,,false,3,Noun instead of verb,
69efc30c-bd25-4c1e-ba6c-7641d9c5be72,2026-04-02 03:56:05,aad02098-29f4-4aaf-beb4-cbfebc9f27fb,Item B: English phrase,,true,2,Matches Vietnamese translation,pair_B
69ff0317-04ea-442e-b5eb-273b7c3c6d50,2026-04-02 03:56:05,287f430c-9b8b-4628-95fd-4c88bb36e740,Completely different,,false,4,Unrelated option,
6a0562ff-d253-4e8e-b1b2-5879a7433d10,2026-04-02 03:56:05,38792b6f-e973-4d10-aeed-adbc7589f1f7,Partially true but incomplete,,false,4,Half-correct answer,
6a2d9ed6-8db2-4fb9-9a43-9d4e238ddb7a,2026-04-02 03:56:05,68f74817-e820-4cdf-ab6f-e9a5106428dc,Sound-alike but wrong,,false,2,Phonetic confusion,
6a37af72-d43a-4495-8461-544968513b70,2026-04-02 03:56:05,1c3b1cd0-e758-45be-b5f1-2b7943f75c10,Related topic from audio,,false,3,Context related but not stated,
6a4d8ff3-fb49-4cd0-9b80-ac229931cbb8,2026-04-02 03:56:05,f99573f1-0347-4cac-87c3-508f56c74dd0,Sounds similar but different,,false,2,Similar pronunciation,
6a5099d1-a192-44a3-885b-f3317ff1b52b,2026-04-02 03:56:05,10a62fa1-1201-458c-81da-49b126310370,Wrong verb tense,,false,2,"Same word, wrong form",
6a6c96f7-3586-4df8-9cdc-41efb1b1b23d,2026-04-02 03:56:05,abd3f834-b0f2-4723-80df-c82ac518c7bb,Misses the context,,false,3,Does not answer the question,
6a77c571-e2dc-4954-81fc-2d459cdd216f,2026-04-02 03:56:05,c22462fd-eccc-466f-8f0d-ab715523e1a3,Natural and appropriate response,,true,1,Fits conversation flow,
6a84f9bb-e23d-4c85-9832-64f2befc5ebe,2026-04-02 03:56:05,c87c6b11-32d5-44a9-a585-9020e9ca9773,Completely different sentence,,false,4,Wrong transcription,
6a8959c0-861f-490c-af44-c51830878afb,2026-04-02 03:56:05,972f0225-3635-4477-ac00-dd5cb00b97fe,Has spelling error,,false,2,Homophone confusion,
6a8e6cf0-33f1-4d68-8cf9-b9d55f3bcbab,2026-04-02 03:56:05,c7e68e9b-27c3-4ed6-b546-2ac385a6716c,Related topic from audio,,false,3,Context related but not stated,
6a9e3faa-0798-43ba-8756-5d9a509171cd,2026-04-02 03:56:05,7b1ec85e-f9cd-4ffe-b342-876a69cb67b7,Has spelling error,,false,2,Homophone confusion,
6ac4c98e-87d0-49f6-9deb-47f415f80b47,2026-04-02 03:56:05,5b3a10c1-4a00-4549-bf32-042cc8e096dd,Grammatically incorrect,,false,2,Unnatural phrasing,
6ac5e55e-9249-4c11-bf83-d83ab9177e95,2026-04-02 03:56:05,7ec5a721-c737-405a-bc74-d763c7432f97,The correct word to fill,,true,1,Proper grammar and meaning,
6acf367d-1e7c-43a8-a8dc-a18384f94211,2026-04-02 03:56:05,2495eaa8-b6a3-429a-9373-d3563639fcd5,Related topic from audio,,false,3,Context related but not stated,
6ae5cd3b-f8f9-40ba-8aad-c8dc53e4bac6,2026-04-02 03:56:05,97fcc19c-d3b3-40af-933b-e4db377710aa,Completely different sentence,,false,4,Wrong transcription,
6ae8042f-afd3-49f8-86cd-ffd256285271,2026-04-02 03:56:05,2d272a53-eb4d-4b7c-8924-0d1da01383f3,Opposite meaning,,false,3,Antonym in Vietnamese,
6afc6f67-14f4-416a-bece-fdadc3ee29b9,2026-04-02 03:56:05,05d07a26-ad5b-428c-af99-ec65d25c9a24,Opposite meaning,,false,3,Antonym in Vietnamese,
6b0599fc-83e1-4a00-8257-1550b6f66265,2026-04-02 03:56:05,71c171dc-3163-43a8-9e2f-355b9a394c54,Item B: English phrase,,true,2,Matches Vietnamese translation,pair_B
6b1597ed-cd65-4bac-9a73-23df13365853,2026-04-02 03:56:05,58b04fb5-1beb-480b-a3a4-aeedd7e61f94,False: not mentioned in text,,false,2,Misunderstanding,
6b429172-10d2-461b-b74e-3b014553c3be,2026-04-02 03:56:05,3a9e275a-c8f3-418b-b72d-27b13a93b600,Wrong verb tense,,false,2,"Same word, wrong form",
6b543065-000e-45a2-9add-cc195cdb5477,2026-04-02 03:56:05,8b5aeb31-105c-4245-bca3-b3fdd07828b2,Grammatically incorrect,,false,2,Unnatural phrasing,
6bd74fd2-dafe-4570-afb8-9b203a50ef2b,2026-04-02 03:56:05,d71d0e7c-e65a-4296-809b-7090bd08628d,Item D: English phrase,,true,4,Matches Vietnamese translation,pair_D
6bdf5cb6-6bf6-4629-be33-1521cf0370a0,2026-04-02 03:56:05,9106d63a-b922-4459-b322-749303731ae3,The correct word to fill,,true,1,Proper grammar and meaning,
6bfda3b6-faae-45b9-9a3f-542702d70115,2026-04-02 03:56:05,a523f6c5-49d5-4188-b43a-8f7dca081fe7,Natural and appropriate response,,true,1,Fits conversation flow,
6c1b31d7-0fb5-4e1d-9278-84847cf57d5b,2026-04-02 03:56:05,109e1e83-b9fb-4f9e-a8c0-f89ab7342f07,Common beginner mistake,,false,4,Typical error,
6c273159-eed9-4a2a-8010-2cf1dd94c0b5,2026-04-02 03:56:05,364bf793-4054-42aa-9bbc-52f893fd0191,Common beginner mistake,,false,4,Typical error,
6c384ca1-35e8-4b19-b83d-343739c907b8,2026-04-02 03:56:05,5f85a523-8a8d-4b05-9142-a139d2b48932,Partially true but incomplete,,false,4,Half-correct answer,
6c3c1235-e3ce-47be-a9be-5b7aa4a45bac,2026-04-02 03:56:05,56fc0325-f707-47b2-b701-43976fe4158c,The speaker says this exactly,,true,1,Correct audio interpretation,
6c4c830b-34b2-470a-90de-8a5ad6629660,2026-04-02 03:56:05,95c52f8e-8203-466d-a337-df4c46b9c97a,English word translation,,true,1,Direct meaning from English,
6c4ecade-694a-46af-bd24-d93d4bfe9def,2026-04-02 03:56:05,abd3f834-b0f2-4723-80df-c82ac518c7bb,Grammatically incorrect,,false,2,Unnatural phrasing,
6c6075dc-f78e-42c2-b9ee-8c85112a7a29,2026-04-02 03:56:05,5d18ec54-dcb8-46ff-a408-38d90e8a3684,Sounds similar but different,,false,2,Similar pronunciation,
6c61d181-46be-471d-9f89-318073c50332,2026-04-02 03:56:05,20b4a378-33e1-4310-924e-bdd4523e5f19,Item C: English phrase,,true,3,Matches Vietnamese translation,pair_C
6c645804-b887-4fdd-a92d-86335136abc4,2026-04-02 03:56:05,845b35f4-0b17-4866-a610-567f7f4453e1,Partially true but incomplete,,false,4,Half-correct answer,
6c890146-66b4-4fdd-94f1-f4d0d0e37009,2026-04-02 03:56:05,66d54ec8-e685-4b26-a539-dac6b7d9d649,Wrong verb tense,,false,2,"Same word, wrong form",
6c9c80b6-04bc-4899-a199-cce7d58eda70,2026-04-02 03:56:05,6638888a-f79e-4cda-a9a2-671f63f00eb0,Similar sounding sentence,,false,3,Auditory similarity,
6d1769ae-4a6e-4718-82ac-722e25642bcb,2026-04-02 03:56:05,ed04b899-dc86-4b33-a949-e0656730bc6b,False: not mentioned in text,,false,2,Misunderstanding,
6d37d4be-9693-4cb1-b5b8-0e66f4bb8464,2026-04-02 03:56:05,4574f9be-c361-4d1d-b751-3d0e8f2fca3a,False: not mentioned in text,,false,2,Misunderstanding,
6d3e5a2b-7aa0-4883-835b-20926ecbe65e,2026-04-02 03:56:05,2f0cf87b-46d0-4d0e-b0e1-1b481a9ba19b,Natural and appropriate response,,true,1,Fits conversation flow,
6d4638d3-cbe7-400f-a4de-800ebb3d7777,2026-04-02 03:56:05,4e976b8e-ac10-4038-a0bd-e27fbf4723f6,English word translation,,true,1,Direct meaning from English,
6d47bc26-d8c7-45bc-8645-d4d8aee5e63f,2026-04-02 03:56:05,ec4db472-8235-466b-aef1-ffe68b2efa33,Has spelling error,,false,2,Homophone confusion,
6d64e372-ffc2-41df-bb7e-6ed6b159372a,2026-04-02 03:56:05,dd74314f-1f3e-4caf-a85b-c00ac35deab1,Correct sentence from audio,,true,1,Exactly as spoken,
6d95bc97-abde-47ab-a702-8fe368e1dfa0,2026-04-02 03:56:05,8e478455-567c-4f0d-8023-49c0639853ab,Natural and appropriate response,,true,1,Fits conversation flow,
6da3b522-eea4-432b-9844-a40b0e8681f2,2026-04-02 03:56:05,67a0465c-4174-4dda-815f-af5cd5f8c37a,Item A: English phrase,,true,1,Matches Vietnamese translation,pair_A
6df02ac0-c8e0-499d-83c2-28d884c6955b,2026-04-02 03:56:05,6ce2e7b5-afad-4a18-baee-49c8692c23bf,Opposite of what was said,,false,3,Inverted meaning,
6df99730-bc19-47c9-8465-9ea679ef0516,2026-04-02 03:56:05,1dfd9136-2a71-4f6b-aee6-8eccff6e500d,Completely different sentence,,false,4,Wrong transcription,
6e49fe6b-01a7-4ec0-afc3-536b54ade4cf,2026-04-02 03:56:05,fa9fed62-5d84-4d1e-9c02-41ba3ca1161f,Item A: English phrase,,true,1,Matches Vietnamese translation,pair_A
6e4a0bb1-f654-4fed-916b-b9b80678d342,2026-04-02 03:56:05,09923e18-8b1a-4d97-8f55-5c48fb288a83,Sound-alike but wrong,,false,2,Phonetic confusion,
6e6d3678-1da6-4756-8fad-3dc0ca5aad69,2026-04-02 03:56:05,e39a17f1-1672-4144-9af7-d4c9030737db,Item C: English phrase,,true,3,Matches Vietnamese translation,pair_C
6e7f8a97-2047-4597-9151-354183b9d8cb,2026-04-02 03:56:05,b0ed9511-ab9a-47ba-9cab-e2060c82ab69,Different part of speech,,false,3,Noun instead of verb,
6e80dfd4-59d3-4bde-a107-b7a4bafb52bc,2026-04-02 03:56:05,3e849b49-f6eb-4a7c-be96-13e4fb1bd231,Item B: English phrase,,true,2,Matches Vietnamese translation,pair_B
6e8da35b-17b6-4038-ba42-8fdb10b16cef,2026-04-02 03:56:05,1e99ab3c-2546-433e-9fd1-1fd82bc5576d,Has spelling error,,false,2,Homophone confusion,
6ec94339-9be3-4800-993b-f17f50598ea5,2026-04-02 03:56:05,85dcafd3-e495-464a-ba20-71decd275c65,Has spelling error,,false,2,Homophone confusion,
6f172e1b-c528-4078-87ee-2ccd26d2cd64,2026-04-02 03:56:05,f5d6d63f-8729-4a73-a2c8-cdf8dc21ba93,Partially true but incomplete,,false,4,Half-correct answer,
6f6a8531-7b0f-48cd-ae2b-fec2bc0b10f5,2026-04-02 03:56:05,13be727d-e542-4084-a6ec-fb0bb46bf4bd,Different part of speech,,false,3,Noun instead of verb,
6fb311ef-4453-44e2-bb81-fea1d1e557bf,2026-04-02 03:56:05,0b5b188f-f231-4006-a983-6cc983fc044d,Common beginner mistake,,false,4,Typical error,
6fb8706a-9bb7-4cd1-8c2e-68aa57e00b99,2026-04-02 03:56:05,89748f3d-0169-40fb-b497-83c0fb904704,Item B: English phrase,,true,2,Matches Vietnamese translation,pair_B
6fcd6816-5b85-4e85-932a-b0fc30da62ec,2026-04-02 03:56:05,5531149c-043c-4557-95bb-f6e67c4590f5,Correct sentence from audio,,true,1,Exactly as spoken,
6fd0895a-7e59-4a1e-b827-040d0a9e5fc1,2026-04-02 03:56:05,6de14a74-ea36-4518-a1dd-633c6b72b475,Related topic from audio,,false,3,Context related but not stated,
6fd9dfa3-e44a-4773-a2db-820d8e3b08ca,2026-04-02 03:56:05,67a0465c-4174-4dda-815f-af5cd5f8c37a,Item B: English phrase,,true,2,Matches Vietnamese translation,pair_B
6fec7dac-1379-46ed-80a3-5c5212b02fd0,2026-04-02 03:56:05,050b4cfb-7fa4-4441-9850-9c19b8bc681d,Completely different sentence,,false,4,Wrong transcription,
700c990f-6068-4ded-a453-3b2f8c841fcc,2026-04-02 03:56:05,61b511cb-da74-42fe-ab3b-cdf3d023eff7,Completely different,,false,4,Unrelated option,
700e36a4-7b36-49b3-b151-5bd69da54328,2026-04-02 03:56:05,77120382-fbec-403f-b3d4-b8ff93ad4a02,Different part of speech,,false,3,Noun instead of verb,
703b1209-3420-4fd7-b4c8-688ed379c374,2026-04-02 03:56:05,b55d2cc8-14bf-47b3-9b40-338ac4b252be,Has spelling error,,false,2,Homophone confusion,
70684a7b-5655-4fd0-8e82-b476e2cfd7c1,2026-04-02 03:56:05,21d8ee47-f240-484f-a571-f99bb8b64e9f,Sound-alike but wrong,,false,2,Phonetic confusion,
70a68e50-ead1-44a5-b7e7-8d5a52728e11,2026-04-02 03:56:05,e39a17f1-1672-4144-9af7-d4c9030737db,Item A: English phrase,,true,1,Matches Vietnamese translation,pair_A
70ba0fb1-a248-428b-90dd-8ba8328a26b9,2026-04-02 03:56:05,3db1fda9-e71f-4441-bb1d-172aca5fc7f3,Wrong verb tense,,false,2,"Same word, wrong form",
70c5320e-aa21-433e-8f38-8a5daa45523f,2026-04-02 03:56:05,6e98b05f-05b6-4a67-8cb2-b91a28e0f01d,Similar sounding sentence,,false,3,Auditory similarity,
70dd0e14-d199-4108-b5ab-f8fc78bca0a0,2026-04-02 03:56:05,5726bfa9-efb0-430c-95ea-77b9681273cf,Has spelling error,,false,2,Homophone confusion,
7136a145-e78f-440d-b10f-a3a84704fcef,2026-04-02 03:56:05,bc05cf7e-bdd8-4e46-8f52-1c84297b26ad,Wrong verb tense,,false,2,"Same word, wrong form",
717f4576-96ea-4615-9f25-cb614d7845ad,2026-04-02 03:56:05,234a5bab-40d9-4d8d-8562-d017491fe57c,Completely different,,false,4,Unrelated option,
718ebb95-4120-4bbd-be40-076a6853ef04,2026-04-02 03:56:05,abcdcfcb-2de2-49c5-aadb-c4d7b7fe1e03,The speaker says this exactly,,true,1,Correct audio interpretation,
71b0de87-5dba-4b25-9664-f29165abe992,2026-04-02 03:56:05,520c82d5-806b-46ac-94d4-898b55fe41c9,Opposite meaning,,false,4,Antonym for this context,
71bd9bde-c291-4099-ad25-c965a6f2c94f,2026-04-02 03:56:05,d6e55131-fd4e-41e0-8f0d-1eedce419eb4,Completely different sentence,,false,4,Wrong transcription,
71da09d0-3a62-4e4c-b2e9-20a1e3d9eb84,2026-04-02 03:56:05,31b2d3ea-e3c9-42b9-8ecd-f2b6e5ecbbe5,Sounds similar but different,,false,2,Similar pronunciation,
71da4236-3b38-44af-b8fb-ef2344d958fb,2026-04-02 03:56:05,0025725d-b492-4965-af11-75833c98e03d,Item C: English phrase,,true,3,Matches Vietnamese translation,pair_C
71f9a907-8e43-4a9f-afe4-fef0611066f4,2026-04-02 03:56:05,a2a12736-ec00-4a07-a9ed-5a73d435fdd9,Common beginner mistake,,false,4,Typical error,
7203f685-a37b-4c6a-ba8d-5708e40fc52f,2026-04-02 03:56:05,c4c877a5-6081-42d7-915c-efdc9da30aee,Completely different sentence,,false,4,Wrong transcription,
723b051f-8fbe-4233-8aa7-db7ca4469bf8,2026-04-02 03:56:05,360698e6-67b3-447d-8c16-7bf56ab26743,Similar sounding sentence,,false,3,Auditory similarity,
725f1cb1-cddd-42db-ba2e-0327b14baa8d,2026-04-02 03:56:05,66b42be4-b6b7-4d44-ad57-1e3c62100fd7,Opposite of what was said,,false,3,Inverted meaning,
7262b0af-0192-47b8-8b82-fda96352725c,2026-04-02 03:56:05,df62eef3-95fe-49ff-b359-79b6c6e89e8d,Item D: English phrase,,true,4,Matches Vietnamese translation,pair_D
7265ddcd-f4ef-482f-af7b-ca84b2922407,2026-04-02 03:56:05,b57e4e9a-9e74-4aa6-95d6-6cad83f259d2,Opposite meaning,,false,4,Antonym for this context,
7275ff51-9e32-4c62-8a97-cacc7e69cd65,2026-04-02 03:56:05,aa9dc379-5f1c-4cce-b759-dfd3ec1e0d57,Grammatically incorrect,,false,2,Unnatural phrasing,
72773f8e-9041-41fa-91c3-38e37f0b7a9b,2026-04-02 03:56:05,0922f178-7cc5-46a7-a34e-42356172957e,The speaker says this exactly,,true,1,Correct audio interpretation,
727a85f1-dfde-49b6-a4e0-a1f4d6bde0b5,2026-04-02 03:56:05,deef6e16-552b-4a00-a6b9-dad233eb433d,Related topic from audio,,false,3,Context related but not stated,
7294ac7b-fed4-4bb8-b675-7404fc80bead,2026-04-02 03:56:05,8638e5ef-62ea-4294-99b5-a787d74ecc8d,Partially true but incomplete,,false,4,Half-correct answer,
72a0d32d-873a-4671-834b-31c8523c30fc,2026-04-02 03:56:05,3c961845-df4d-49b0-b5d8-805fc05128d5,Completely different sentence,,false,4,Wrong transcription,
72c90586-5d22-4c13-a64f-f3f8db05e14c,2026-04-02 03:56:05,96f080de-5407-4686-b1bc-c4756b6d87ce,Wrong verb tense,,false,2,"Same word, wrong form",
72e0ef48-98bd-451d-b5c8-ac3b7c7d2010,2026-04-02 03:56:05,38cce009-909c-4434-a4d5-bffb98e35f96,Similar sounding sentence,,false,3,Auditory similarity,
72e86852-f211-4466-bbc4-a8635449c9a7,2026-04-02 03:56:05,4e7a4a86-3d42-4216-b400-06a98c1db97a,True based on the passage,,true,1,Correct interpretation,
72f5a134-574c-4c90-92c3-de7b0e215f18,2026-04-02 03:56:05,654f2406-55f4-49c6-a069-b93a661337d2,Item D: English phrase,,true,4,Matches Vietnamese translation,pair_D
7302c476-1ffd-4f44-b2b9-f5a3b8a58a5e,2026-04-02 03:56:05,1e99ab3c-2546-433e-9fd1-1fd82bc5576d,Correct sentence from audio,,true,1,Exactly as spoken,
73270dca-8c19-4b87-9c5c-00a732ea6c37,2026-04-02 03:56:05,85b47e59-38df-494a-babd-1e3e724496f7,The speaker says this exactly,,true,1,Correct audio interpretation,
73283872-a003-4242-8f5e-e77ac2915054,2026-04-02 03:56:05,aa0d2b17-ee05-4f64-be1c-5bfa409e2634,True based on the passage,,true,1,Correct interpretation,
733373d9-7eac-49a9-b52d-71fd33dcaf0a,2026-04-02 03:56:05,8c2cb01b-b51b-4acd-864e-908dd91e21c3,Different part of speech,,false,3,Noun instead of verb,
73349a79-a3d3-45ec-bf84-8a6670fe3d6c,2026-04-02 03:56:05,997fa180-cfdc-413b-9f9c-ca3f304e7bb3,Completely different,,false,4,Unrelated option,
733bda3a-9d6e-4c2f-abdd-fa76a73a7e15,2026-04-02 03:56:05,e3321363-741f-4e86-9198-f9ecd0fa66e1,Item B: English phrase,,true,2,Matches Vietnamese translation,pair_B
736b0922-36a2-425c-b4a2-a716b43ec45c,2026-04-02 03:56:05,c3661cb6-88ca-42f5-aa72-ba73ee8c5101,Different part of speech,,false,3,Noun instead of verb,
7378ab72-30da-4b9d-a004-c86c1ba4665c,2026-04-02 03:56:05,85003893-2851-48ba-b260-597942cdfc45,Correct sentence from audio,,true,1,Exactly as spoken,
737e67e4-19a5-4e10-8c07-5d31996e3153,2026-04-02 03:56:05,44e955be-ee6f-445d-872b-56e8c563170b,Item B: English phrase,,true,2,Matches Vietnamese translation,pair_B
737ef8b3-bac3-44f4-8384-71c72bc36241,2026-04-02 03:56:05,1dde571a-6f5a-4e5c-a857-9a9fe96d7e32,Item B: English phrase,,true,2,Matches Vietnamese translation,pair_B
7399b572-2830-4a3f-ba38-dc8565af69d5,2026-04-02 03:56:05,d2c33180-bad9-4907-8166-4fb6b80eb299,Opposite meaning,,false,4,Antonym for this context,
73a5fa97-81cc-47e5-88e0-a8eef5ac8215,2026-04-02 03:56:05,abbd0994-5bf1-46b4-a9d7-c7be05ce475b,The speaker says this exactly,,true,1,Correct audio interpretation,
73a76573-41b3-425a-b8c2-6de51a8b9561,2026-04-02 03:56:05,a39c4f6b-c0c5-4d9a-9fd9-08bc47e90a79,Item A: English phrase,,true,1,Matches Vietnamese translation,pair_A
73d01e48-98ee-4bcc-9ebb-bcfc471175d8,2026-04-02 03:56:05,3b012923-5821-4a13-b95c-1eb7db30b296,True based on the passage,,true,1,Correct interpretation,
73d1845b-163f-4c37-8793-2136cb6d8fff,2026-04-02 03:56:05,99ea8f3b-dc79-4f74-aab8-86d5e36e3c34,Item A: English phrase,,true,1,Matches Vietnamese translation,pair_A
73d2c3f6-76a1-443c-828e-cb4a487f1ea1,2026-04-02 03:56:05,c3485554-b1cc-4a15-b71c-beaab28dc77e,Completely different,,false,4,Unrelated option,
73d91971-354f-4b08-83e4-3c2b9e3674ac,2026-04-02 03:56:05,4a936e66-f910-42a2-8d39-8a26100dbfea,Item D: English phrase,,true,4,Matches Vietnamese translation,pair_D
73db67f7-b5ab-4fa0-bb9a-e032ac8d6a0e,2026-04-02 03:56:05,612e3f93-02f9-4414-82b5-ad090c599756,Sound-alike but wrong,,false,2,Phonetic confusion,
73debe41-2bd2-4e74-9658-6a40b3f911ef,2026-04-02 03:56:05,b1244d17-0b2c-4388-aa6e-e8ccb3f5da71,Common beginner mistake,,false,4,Typical error,
73def978-e4f1-41f7-ad8b-f850916a267e,2026-04-02 03:56:05,b2fe96f2-6210-433a-beb0-fc827392f423,Item C: English phrase,,true,3,Matches Vietnamese translation,pair_C
73effaef-41d4-47eb-9afa-3ca971af9c2d,2026-04-02 03:56:05,c2f1ca03-e682-4bff-9c2f-90da518138fc,Correct sentence from audio,,true,1,Exactly as spoken,
744db60b-5273-48e7-a16e-cee9e15853ac,2026-04-02 03:56:05,fcc13d1c-e234-4ba6-8158-2a57c632d72f,Opposite meaning,,false,4,Antonym for this context,
744f5b2c-f69a-4713-8a35-5860566dcfa4,2026-04-02 03:56:05,6a6d8a84-98c4-4c05-9f92-27a8c4c73717,English word translation,,true,1,Direct meaning from English,
74535364-0593-40aa-b499-af03fd6206ac,2026-04-02 03:56:05,6ae0cead-0f6a-4fdb-9666-77af2fae477d,Completely different,,false,4,Unrelated option,
746ec41b-9605-4fd4-816d-d32e9ea3208c,2026-04-02 03:56:05,15fc778c-3bfb-4386-a7e7-7600eb200468,Item B: English phrase,,true,2,Matches Vietnamese translation,pair_B
7489329a-efb9-4bd9-bb88-403877d3440e,2026-04-02 03:56:05,67b58bff-9fca-4540-9cb4-e9b194c32dca,Item C: English phrase,,true,3,Matches Vietnamese translation,pair_C
74bd9563-db6c-4bf4-a5f0-d97e17b716f3,2026-04-02 03:56:05,fcd54e88-d56e-4ee1-9703-7a99e5556d71,Completely different,,false,4,Unrelated option,
74e15f2d-98b9-4837-b968-7a969a845d28,2026-04-02 03:56:05,6b8f8e4b-883d-41e0-a5ff-fd50c6d561a9,False: not mentioned in text,,false,2,Misunderstanding,
74e1ff15-f08d-4ec6-b52a-050fdc72ce31,2026-04-02 03:56:05,b552ec49-6f41-4954-86e9-99a8ec53b027,Opposite meaning,,false,3,Antonym in Vietnamese,
74f90fa8-655a-429a-aa45-ec8ee03d7fbc,2026-04-02 03:56:05,f635f2cc-b694-45dd-b953-c4b5edd9878f,Has spelling error,,false,2,Homophone confusion,
74fefe6e-3398-4d3f-9487-b56e7e931ef5,2026-04-02 03:56:05,c39bf774-70c0-4cb9-a7cb-71390189ed30,Different part of speech,,false,3,Noun instead of verb,
74ff9027-eddf-4bd7-8db3-d7a9df269d43,2026-04-02 03:56:05,77faef68-c7a9-43b5-aab0-ee86942038a6,Opposite meaning,,false,4,Antonym for this context,
7537b59d-b1e9-489b-9f73-6db4b0684b03,2026-04-02 03:56:05,0ce7b89c-44d9-4a93-a763-fedb738680b0,Different part of speech,,false,3,Noun instead of verb,
75564471-b18a-4f24-a34c-cab2825e02b9,2026-04-02 03:56:05,20350726-24b8-4117-99eb-cc9d5a2ec2fd,Item B: English phrase,,true,2,Matches Vietnamese translation,pair_B
7557284f-a918-45c1-bfa8-f1eb734c6771,2026-04-02 03:56:05,29e10fc9-0f4b-4c5d-88a9-cf1756366f93,Similar sounding sentence,,false,3,Auditory similarity,
7558141d-f8d6-48fc-bfe7-72ae8c51185d,2026-04-02 03:56:05,ad215b43-6b46-4e68-9392-c118e423fc62,Different part of speech,,false,3,Noun instead of verb,
75671bec-b47c-4f1e-91dc-45a556587809,2026-04-02 03:56:05,94b9c3cb-430b-4b0b-8f44-b556ac5a6062,False: not mentioned in text,,false,2,Misunderstanding,
758c0cee-1e16-492f-9d19-25a8f3e04cbd,2026-04-02 03:56:05,ff6787af-075a-4069-8003-ecfe69436573,Item C: English phrase,,true,3,Matches Vietnamese translation,pair_C
758de3c5-1e3c-4726-b3a9-8f311692d26f,2026-04-02 03:56:05,f0838520-b7a7-4d20-ad41-13daf7fdbac7,Impolite or rude tone,,false,4,Wrong register,
75aea637-b704-40b5-b885-063d8f7bef7e,2026-04-02 03:56:05,85aaa5b1-c8d0-4390-a131-ac794a27444f,Correct sentence from audio,,true,1,Exactly as spoken,
75bbd21c-966b-4980-9119-b00a10e6fcb1,2026-04-02 03:56:05,a0c56ae0-9957-4545-ab48-051daf1b1160,Sounds similar but different,,false,2,Similar pronunciation,
75c5a0d7-8c4e-459b-a467-63f9d7cdda7f,2026-04-02 03:56:05,0bc8a4f7-dbce-4628-a6a4-c9b4b82747b4,Item C: English phrase,,true,3,Matches Vietnamese translation,pair_C
75cf81ed-b1bd-466d-8e10-6574b1b05bfd,2026-04-02 03:56:05,8db740c4-6124-4381-9bf3-09b86594a1e3,Item C: English phrase,,true,3,Matches Vietnamese translation,pair_C
75d2ba07-6eb7-4ec9-8dcb-e7e03cb319e2,2026-04-02 03:56:05,e11f11a8-777a-4a19-b269-74039e312cc9,Different part of speech,,false,3,Noun instead of verb,
75e9b3ed-a01c-4100-aae7-73c1becc1a5e,2026-04-02 03:56:05,998c9f28-c0f4-4ca9-957d-241dae2e1845,Completely different,,false,4,Unrelated option,
75fd3b18-8b21-43e7-8ed5-3a6d83484325,2026-04-02 03:56:05,5698ed35-4ceb-47bf-96f2-875f6166287f,Similar sounding sentence,,false,3,Auditory similarity,
76244180-c305-422e-b10c-f4aebf8dd7c1,2026-04-02 03:56:05,87875ef9-0a8d-4215-82b2-9f9eb1d70248,Sound-alike but wrong,,false,2,Phonetic confusion,
76317da5-1da5-49ea-9fef-dc439ad227b6,2026-04-02 03:56:05,70189253-b426-457d-90be-303c8ab22809,Item B: English phrase,,true,2,Matches Vietnamese translation,pair_B
764397ee-53a5-44f9-a397-e366602873b2,2026-04-02 03:56:05,95b8c4b9-061d-46a8-9f14-1554a59107ac,Different part of speech,,false,3,Noun instead of verb,
7659e8f4-0a4a-4f4b-bb15-9242f8cc2b93,2026-04-02 03:56:05,d1207cb1-239f-489a-8f5a-100fbaafe139,Completely different,,false,4,Unrelated option,
768740e6-5037-4981-9053-200f65bf721e,2026-04-02 03:56:05,5a5986d2-5123-4411-ac0b-11c280404eaa,Item B: English phrase,,true,2,Matches Vietnamese translation,pair_B
76a0eb50-d552-4634-a9bf-3a48dd020093,2026-04-02 03:56:05,74ebb8b3-ccb8-494b-9e4b-4ea4f2d04c3e,Sounds similar but different,,false,2,Similar pronunciation,
76b307ae-d035-4f08-9835-27512d1d1072,2026-04-02 03:56:05,db041796-25cf-42e3-ab9f-9f1f01706c97,Completely different,,false,4,Unrelated option,
76c94c58-996b-4a70-8767-9a51e60ee819,2026-04-02 03:56:05,46b3c912-f959-4a74-8455-9e34cd56b1e4,Completely different,,false,4,Unrelated option,
76cdf82d-3c4f-4a9e-af84-a03ddc891eab,2026-04-02 03:56:05,1a449cca-ece4-487a-b8ff-ec71f733bf09,Has spelling error,,false,2,Homophone confusion,
76d6d905-014d-41f4-be82-15a42ff4a2af,2026-04-02 03:56:05,67d92c32-1d0b-4a03-9a98-1cd06231b332,Correct sentence from audio,,true,1,Exactly as spoken,
76ee0f6d-71f4-4979-b03d-1267aafe3e28,2026-04-02 03:56:05,c9c5fb8b-b468-4917-8b8a-7b89a45a9c9c,The speaker says this exactly,,true,1,Correct audio interpretation,
76fdd885-19ab-45db-9bcb-12694ac1f2fe,2026-04-02 03:56:05,290bb855-042b-44a4-b846-8a23b845aad5,Completely different,,false,4,Unrelated option,
7723b41e-7ec4-4ffa-982a-049b662f5c2d,2026-04-02 03:56:05,a40acdbc-4835-4e07-8565-dbf0e837e4aa,Completely different sentence,,false,4,Wrong transcription,
772633cd-a88e-4903-a83f-837d729efc37,2026-04-02 03:56:05,c9c5fb8b-b468-4917-8b8a-7b89a45a9c9c,Sounds similar but different,,false,2,Similar pronunciation,
776f631f-7d92-4a3c-8290-4d47888f36c0,2026-04-02 03:56:05,a62ff6d3-38f4-49ea-85c5-e075d6e6fa67,Impolite or rude tone,,false,4,Wrong register,
77755b50-0614-47bd-a533-109904b4056e,2026-04-02 03:56:05,6770c9f0-bff1-4668-8436-faafaf77575c,The correct word to fill,,true,1,Proper grammar and meaning,
7776eb9b-f7a3-4311-911e-83642bb61ebe,2026-04-02 03:56:05,efb64706-0cb8-4ce7-9778-0c15339d329a,Impolite or rude tone,,false,4,Wrong register,
77ad95f1-4b40-4604-8a8a-67db6ea4c7db,2026-04-02 03:56:05,85b47e59-38df-494a-babd-1e3e724496f7,Completely different,,false,4,Unrelated option,
77b98189-ca61-4207-a0e3-0ac04fe4c760,2026-04-02 03:56:05,95b8c4b9-061d-46a8-9f14-1554a59107ac,The correct word to fill,,true,1,Proper grammar and meaning,
77d19954-9582-4c6d-bbca-1cd38d9b5f94,2026-04-02 03:56:05,9875ba57-cad2-47af-b797-7dbe7a3036f2,Has spelling error,,false,2,Homophone confusion,
77e12212-95ba-4827-96d5-3132c020154a,2026-04-02 03:56:05,524ce367-fc2a-496e-af36-ad0b45a323e9,Different part of speech,,false,3,Noun instead of verb,
77f58f82-de76-407b-b0f6-390be2197a3c,2026-04-02 03:56:05,aabe9411-066c-4891-8685-a72abec05d87,Similar sounding sentence,,false,3,Auditory similarity,
780bbcf4-fec7-447a-8b9a-e4e664cce15b,2026-04-02 03:56:05,e03c948b-d1ac-4226-8d67-ea7ab6ca6b2f,Grammatically incorrect,,false,2,Unnatural phrasing,
78702018-68a0-40f5-ae06-a489a44f99e4,2026-04-02 03:56:05,63e3f381-158f-4583-8c51-835fb2437640,Wrong verb tense,,false,2,"Same word, wrong form",
7880e0c1-f999-4653-94ff-39d636433b00,2026-04-02 03:56:05,2f6e1539-8049-4dcc-9188-c50ed8013f3c,The correct word to fill,,true,1,Proper grammar and meaning,
78850748-5940-4c43-97e4-e7cc3d2cd8ee,2026-04-02 03:56:05,d71d0e7c-e65a-4296-809b-7090bd08628d,Item B: English phrase,,true,2,Matches Vietnamese translation,pair_B
7888a8bb-bd29-48af-a159-eb6a354fe0ba,2026-04-02 03:56:05,7bbe5d00-6c68-48a5-b7c6-c07c49a3210a,False: not mentioned in text,,false,2,Misunderstanding,
78a80d4b-ca5b-4428-bde9-e6cca02300e7,2026-04-02 03:56:05,6638888a-f79e-4cda-a9a2-671f63f00eb0,Completely different sentence,,false,4,Wrong transcription,
78c5327b-5e74-4bc8-89f1-12fb9b48ba9c,2026-04-02 03:56:05,21d8ee47-f240-484f-a571-f99bb8b64e9f,Opposite meaning,,false,3,Antonym in Vietnamese,
78c59a39-ba48-4ed0-a25b-f18c067fe1e2,2026-04-02 03:56:05,242b76d0-b05f-42f6-99b9-e7c3df5c3468,Impolite or rude tone,,false,4,Wrong register,
78cf7f3d-40bb-40d4-ae26-a0801fd47867,2026-04-02 03:56:05,d71d0e7c-e65a-4296-809b-7090bd08628d,Item C: English phrase,,true,3,Matches Vietnamese translation,pair_C
78d5355a-1da3-4187-a902-83542aa15983,2026-04-02 03:56:05,6ae0cead-0f6a-4fdb-9666-77af2fae477d,The speaker says this exactly,,true,1,Correct audio interpretation,
78ff64d8-a874-469e-a563-9f343b16746e,2026-04-02 03:56:05,a3a6ca8e-394f-427a-8d44-d2f499b89648,False: not mentioned in text,,false,2,Misunderstanding,
7907b3f6-ad51-49b1-b4ee-adca56b20c74,2026-04-02 03:56:05,77faef68-c7a9-43b5-aab0-ee86942038a6,The correct word to fill,,true,1,Proper grammar and meaning,
79377153-d72f-403f-a5d7-f19d97c65aa5,2026-04-02 03:56:05,0f2eb181-68ec-4b40-ace6-ac0f6b692345,Common beginner mistake,,false,4,Typical error,
79416d33-3649-4bf1-9259-0e8c5fcd5ef7,2026-04-02 03:56:05,c39bf774-70c0-4cb9-a7cb-71390189ed30,Wrong verb tense,,false,2,"Same word, wrong form",
795e15fd-b5df-4350-8a76-c2d12ebf5828,2026-04-02 03:56:05,fbeafe9d-185b-4dd0-952e-1915aa0b69d3,Grammatically incorrect,,false,2,Unnatural phrasing,
7979da14-376d-4bee-ac6b-1f7224eb6b48,2026-04-02 03:56:05,d441dda2-66b1-4207-9fdf-befcac3ed510,Grammatically incorrect,,false,2,Unnatural phrasing,
79832e09-3d4c-426f-b09e-6d6036074a72,2026-04-02 03:56:05,f0b5724e-e351-489e-b8fe-9322bbe60c9a,English word translation,,true,1,Direct meaning from English,
798c255f-9f05-4544-9a56-d1488b183c80,2026-04-02 03:56:05,33c92b73-4a7a-4678-96e0-bc71f0b844eb,Similar sounding sentence,,false,3,Auditory similarity,
798fe325-b2b8-4457-b401-fab2bbd6b956,2026-04-02 03:56:05,06318b25-6920-4994-90f1-904856411ab8,Correct sentence from audio,,true,1,Exactly as spoken,
79a9c767-7cb0-4355-a6f2-80a530acc123,2026-04-02 03:56:05,a17ca0aa-c977-46cf-8c1a-af914f2d6fdb,Impolite or rude tone,,false,4,Wrong register,
79b7a521-513d-40bc-9cb9-142dd44b7557,2026-04-02 03:56:05,7e76023e-cbd1-40d4-88ce-c4b6fb2671d6,Grammatically incorrect,,false,2,Unnatural phrasing,
79c292e7-da4f-4d77-855b-127b84ecc75c,2026-04-02 03:56:05,12f32ab9-11cd-4236-afd3-ff4f1844f77a,Opposite meaning,,false,3,Antonym in Vietnamese,
79d16410-61ed-4dcd-b6d5-b66619ea97b7,2026-04-02 03:56:05,d10fd680-87ba-4f98-b57a-20387a61d3ee,Sounds similar but different,,false,2,Similar pronunciation,
79d5dfcb-e6da-4aab-8818-942400e1ec95,2026-04-02 03:56:05,3595c2f4-b7e0-4750-98a2-f35a34e29b6d,Item A: English phrase,,true,1,Matches Vietnamese translation,pair_A
79d65645-035f-43df-943c-fc183eaead85,2026-04-02 03:56:05,224ed780-66c2-4b41-b977-7aeacc5327a3,Similar sounding sentence,,false,3,Auditory similarity,
79d95b8c-8847-4f84-973a-799ffbfbe94b,2026-04-02 03:56:05,108e2b0f-998d-4fd8-83eb-4ef539284ff2,Similar sounding sentence,,false,3,Auditory similarity,
7a03a044-ddf0-4079-b906-9405409169de,2026-04-02 03:56:05,51d223d8-a593-48a3-9bab-2a0aa86e194c,Opposite of what was said,,false,3,Inverted meaning,
7a380df3-d175-4f9d-b681-1953a2dffc0d,2026-04-02 03:56:05,4d187997-f7c8-469c-ba75-4064f4a6976b,Completely different,,false,4,Unrelated option,
7a3d1b0c-a5e1-4f51-a5b2-32f035e175b4,2026-04-02 03:56:05,808929ef-66c6-4da2-99ae-67ad050bbd4b,The correct word to fill,,true,1,Proper grammar and meaning,
7a47fe09-6097-4413-9168-31c4adb0b6c6,2026-04-02 03:56:05,87348dec-7c73-4b9f-85e5-670eca669f0a,Similar sounding sentence,,false,3,Auditory similarity,
7a6651ab-c049-4bbc-9dc7-16b4e656f456,2026-04-02 03:56:05,45acc713-4b33-400f-afd6-6e7a3996688e,Item A: English phrase,,true,1,Matches Vietnamese translation,pair_A
7a824b79-742f-466a-aaf6-891ab9a51d27,2026-04-02 03:56:05,7e76023e-cbd1-40d4-88ce-c4b6fb2671d6,Impolite or rude tone,,false,4,Wrong register,
7aadb508-6e0c-4505-a727-058f2cd0a384,2026-04-02 03:56:05,ec827cb2-25af-4655-aa34-c375fdad6373,Opposite of what was said,,false,3,Inverted meaning,
7acaa910-1368-4c28-a408-fe44fc338a3c,2026-04-02 03:56:05,5779a6c5-595a-4327-8327-a2778e4f4f6b,Sounds similar but different,,false,2,Similar pronunciation,
7acc675b-2103-4901-b74d-8a8e56cb0fe2,2026-04-02 03:56:05,84f0571a-c16f-48dd-b4a0-c0577320628a,Opposite meaning,,false,3,Antonym in Vietnamese,
7acf74a1-3858-458d-a1b9-4fb3f396d89a,2026-04-02 03:56:05,063b4130-fc53-41fd-a60d-a70c61485831,Completely different sentence,,false,4,Wrong transcription,
7ad38e1d-6c87-4aed-b120-18d5a5f7cbb5,2026-04-02 03:56:05,940cea10-db57-4288-b4a8-3522aa8d9305,Item B: English phrase,,true,2,Matches Vietnamese translation,pair_B
7ad3c353-9dc9-4473-93ce-950ecaf7ec51,2026-04-02 03:56:05,360698e6-67b3-447d-8c16-7bf56ab26743,Correct sentence from audio,,true,1,Exactly as spoken,
7b01a51f-3746-448c-9b0d-6d4df851f881,2026-04-02 03:56:05,2c43a83a-7eef-472b-b2ab-22c270b99452,Sounds similar but different,,false,2,Similar pronunciation,
7b28c024-8170-44b6-8185-d131591ce276,2026-04-02 03:56:05,13d83227-85b3-433c-a68a-e24d23891ccf,Has spelling error,,false,2,Homophone confusion,
7b3072c5-45fc-4b2b-b5b1-dda777767889,2026-04-02 03:56:05,67b58bff-9fca-4540-9cb4-e9b194c32dca,Item A: English phrase,,true,1,Matches Vietnamese translation,pair_A
7b4d37e8-adfe-4340-9aef-f9529d8c66ab,2026-04-02 03:56:05,4791633c-97a1-49a3-8088-f49d77664055,Wrong verb tense,,false,2,"Same word, wrong form",
7b4eabea-5bb7-4dee-8fa9-5251c644441e,2026-04-02 03:56:05,86293d2b-d83c-4bfc-b505-addc4208ae8f,Has spelling error,,false,2,Homophone confusion,
7b75c8f1-007b-443b-aad1-00d307fc91bb,2026-04-02 03:56:05,f631bf58-cfff-4671-b686-79a557522775,Opposite of what was said,,false,3,Inverted meaning,
7be8cccd-b51e-435a-b080-341e782428a0,2026-04-02 03:56:05,3c60585f-f747-4266-9ff1-b4a0600807c2,Has spelling error,,false,2,Homophone confusion,
7bee002c-171c-4b6a-b5f4-16ef03481beb,2026-04-02 03:56:05,3454866f-5475-4c90-812e-bc60bf037c2c,Item A: English phrase,,true,1,Matches Vietnamese translation,pair_A
7bff4017-a09c-4341-a656-9a76d9222911,2026-04-02 03:56:05,261935bf-4acc-46c9-ab48-8b9af03c73d8,True based on the passage,,true,1,Correct interpretation,
7c046667-b3df-4a7a-aede-ba6ffebdcfed,2026-04-02 03:56:05,4bc4c477-aa4e-42a7-8c5d-c04254399e27,The speaker says this exactly,,true,1,Correct audio interpretation,
7c39ffb0-f0f3-4130-a00a-bcb61cd8b895,2026-04-02 03:56:05,835582ff-1c15-4212-b1a8-a29f48680283,Item D: English phrase,,true,4,Matches Vietnamese translation,pair_D
7c4c760e-64e7-4ab3-a249-d6cf8b9b112c,2026-04-02 03:56:05,638a906b-03dd-4dc5-b24e-27a6ef982bee,The correct word to fill,,true,1,Proper grammar and meaning,
7c634aaf-641b-4b44-a79c-843dd053756e,2026-04-02 03:56:05,8ccbc42a-52c5-4b55-9488-a0a38876f4cf,Sound-alike but wrong,,false,2,Phonetic confusion,
7c70192d-f477-40f4-a844-a6bbeb98fd32,2026-04-02 03:56:05,1be8863e-e823-49df-8e44-68c9b8c8f167,Completely different,,false,4,Unrelated option,
7c879350-67ee-4221-80c6-dd4c6647ac93,2026-04-02 03:56:05,58c86342-df52-47e2-962a-4b283380bec3,Has spelling error,,false,2,Homophone confusion,
7c8c97a5-5c27-4ce4-8f5f-adfa3aeabf89,2026-04-02 03:56:05,b3fa8928-fd11-48dd-9f5f-3df3e512d853,Natural and appropriate response,,true,1,Fits conversation flow,
7c8db260-010a-4ad1-ab49-4ba6fa367198,2026-04-02 03:56:05,7bbe5d00-6c68-48a5-b7c6-c07c49a3210a,Opposite of what was said,,false,3,Inverted meaning,
7c942fe4-185a-4cdb-bff7-d26af93411aa,2026-04-02 03:56:05,86293d2b-d83c-4bfc-b505-addc4208ae8f,Similar sounding sentence,,false,3,Auditory similarity,
7c9b849e-98c6-461c-9f02-105d5383dc18,2026-04-02 03:56:05,7b199290-82d7-4dda-9b1d-f01b82d1e28b,The speaker says this exactly,,true,1,Correct audio interpretation,
7cdc7f4f-ed43-414e-9b29-34c427f57198,2026-04-02 03:56:05,0bc8a4f7-dbce-4628-a6a4-c9b4b82747b4,Item B: English phrase,,true,2,Matches Vietnamese translation,pair_B
7ce4d7f2-f331-46e4-a120-11a29a9ce28f,2026-04-02 03:56:05,0afdeec2-07de-4afa-b73a-e0edd744b27e,Similar sounding sentence,,false,3,Auditory similarity,
7cf5c99b-d4ac-4ed3-b6f8-95fcb8c20868,2026-04-02 03:56:05,a8ae0cf8-dc44-416b-9f60-1cb7b0511f82,Item C: English phrase,,true,3,Matches Vietnamese translation,pair_C
7cff6d47-a10f-4d2b-9181-86d353ff6238,2026-04-02 03:56:05,cc240c40-310c-46bc-b5ae-fd30b0bdb7c7,English word translation,,true,1,Direct meaning from English,
7d49767a-bc03-43b2-8e1b-f132c9eec28c,2026-04-02 03:56:05,7f7bb9cd-8c7d-410e-9444-a790d580b6be,Natural and appropriate response,,true,1,Fits conversation flow,
7d672af9-5868-4d86-bb5a-c2bc78b4ba9f,2026-04-02 03:56:05,74717ede-2f55-407a-bbf3-edad9fbdd2fc,Similar sounding sentence,,false,3,Auditory similarity,
7d6b813c-c22d-441f-ae45-68d31d562fab,2026-04-02 03:56:05,cfd97dbd-2b0b-4cdc-945b-0f30b3cbe04e,Opposite meaning,,false,4,Antonym for this context,
7d70b54e-362d-454c-aeeb-00fc1a81cc02,2026-04-02 03:56:05,7735dfe8-95f7-4599-97f2-c6fea5fe8494,True based on the passage,,true,1,Correct interpretation,
7d999f40-2507-4884-9728-7a0b2acd436c,2026-04-02 03:56:05,ff3895c6-9a45-4b7e-93e3-f3a528ef7cd1,Grammatically incorrect,,false,2,Unnatural phrasing,
7d9fe608-7f33-4882-8490-7cf54996433d,2026-04-02 03:56:05,544dfbe6-0fc2-41b7-9d5b-d2026a1100f4,Item B: English phrase,,true,2,Matches Vietnamese translation,pair_B
7dd14218-003f-4408-98ed-8300b2707ddb,2026-04-02 03:56:05,3223afbc-7d2e-4c6b-95a9-7bde26d7825d,Wrong verb tense,,false,2,"Same word, wrong form",
7de7c677-ceeb-4316-8881-adaa3e0d13b9,2026-04-02 03:56:05,d14273d7-6304-44ed-9dc5-09dcc9c38fcc,Item A: English phrase,,true,1,Matches Vietnamese translation,pair_A
7df5f807-fb2e-4b96-99dd-78dff17b88f7,2026-04-02 03:56:05,f635f2cc-b694-45dd-b953-c4b5edd9878f,Correct sentence from audio,,true,1,Exactly as spoken,
7df6b33e-20b6-40f9-91df-cdb079ca2d9e,2026-04-02 03:56:05,e4b3e453-7793-4d2b-a8fe-4353df8a59a5,Has spelling error,,false,2,Homophone confusion,
7dfa2ac0-29a2-4672-934c-08f418a51fe7,2026-04-02 03:56:05,963f5a40-0d25-404e-9a1d-27c3595278c2,English word translation,,true,1,Direct meaning from English,
7e05dffd-19ab-47dd-991a-1aed97939a92,2026-04-02 03:56:05,5e8f84ca-457c-4d76-90f3-cd113076f655,Partially true but incomplete,,false,4,Half-correct answer,
7e0cf594-f5da-47af-bef2-6e70ad601ddd,2026-04-02 03:56:05,a8ae0cf8-dc44-416b-9f60-1cb7b0511f82,Item D: English phrase,,true,4,Matches Vietnamese translation,pair_D
7e130204-cc3b-4644-8ae1-0892be90c670,2026-04-02 03:56:05,8eec9b6c-3325-4b87-80b3-718f8b677f19,Item B: English phrase,,true,2,Matches Vietnamese translation,pair_B
7e1aeace-baa8-42ba-ac09-6d425404fa6e,2026-04-02 03:56:05,f1716aa4-c466-42cc-8c4e-1278b2c15bc7,Misses the context,,false,3,Does not answer the question,
7e21f548-9bf2-4534-88bf-6b30b45c8bb1,2026-04-02 03:56:05,50a1ba91-e2cf-4620-ae0a-6a53a4567fc4,Item A: English phrase,,true,1,Matches Vietnamese translation,pair_A
7e28d4f9-ad44-4b5d-8d79-2a97286eed5f,2026-04-02 03:56:05,1b10d7a6-c3f9-4334-8cb9-a6d60590d2a7,Sounds similar but different,,false,2,Similar pronunciation,
7e4474c0-96a5-4ed8-b33c-9915d863e57b,2026-04-02 03:56:05,5abaa209-ba2d-409d-b355-943e8f239106,The correct word to fill,,true,1,Proper grammar and meaning,
7e47aa09-107a-47b2-bc94-d101c6817acd,2026-04-02 03:56:05,5e27f1a3-dd5e-4460-8dfc-ac9c6d785558,Item D: English phrase,,true,4,Matches Vietnamese translation,pair_D
7e5230b0-8a01-424a-8438-b2a819700bc8,2026-04-02 03:56:05,fb1f00d0-426a-4d0a-8d3a-10089566b726,Natural and appropriate response,,true,1,Fits conversation flow,
7e53b7f2-98f5-472e-bdfb-fdb61bc4b00c,2026-04-02 03:56:05,287f430c-9b8b-4628-95fd-4c88bb36e740,Related topic from audio,,false,3,Context related but not stated,
7e5febc4-9995-427c-bf61-72f5a6c359ca,2026-04-02 03:56:05,13260994-b514-41e8-a759-1ffc49bb1c87,Opposite meaning,,false,3,Antonym in Vietnamese,
7e67118a-8cdf-4904-9582-aa3241e4c409,2026-04-02 03:56:05,c8e1087f-5029-465e-b360-9cd3b97d4d31,Wrong verb tense,,false,2,"Same word, wrong form",
7e6c9468-24c7-4026-9079-0928b27d4fd8,2026-04-02 03:56:05,261935bf-4acc-46c9-ab48-8b9af03c73d8,Opposite of what was said,,false,3,Inverted meaning,
7e88a73c-d05c-4be3-a6f9-153067f02430,2026-04-02 03:56:05,c42cf5fa-84de-4e5e-98b0-762e4884ffec,Sound-alike but wrong,,false,2,Phonetic confusion,
7eaebf03-6b1b-4541-8f6c-6e7c164aa475,2026-04-02 03:56:05,04f524bf-91bc-45f6-a8aa-1f3bfb7f4dac,Has spelling error,,false,2,Homophone confusion,
7ec09a18-3878-4af5-a186-f9fb50fd086b,2026-04-02 03:56:05,9961cd69-f46f-4519-bf30-8fa710a01e7b,The speaker says this exactly,,true,1,Correct audio interpretation,
7edf611f-a354-4ab8-bc67-36940bc6e208,2026-04-02 03:56:05,96530eae-2ccf-4708-aa59-ecb3976c56e1,Related topic from audio,,false,3,Context related but not stated,
7ee1f6d1-449d-45f1-8d45-32dde8c71472,2026-04-02 03:56:05,df5620e6-5d53-4ce1-88ff-4c8cca99ab76,True based on the passage,,true,1,Correct interpretation,
7f100182-c3ab-4c3a-8398-d277dd32214a,2026-04-02 03:56:05,fdc50bca-c718-480a-9b3d-09dacfab886d,Misses the context,,false,3,Does not answer the question,
7f288279-a1c9-4e3b-aa74-51c4c0b8d1c5,2026-04-02 03:56:05,56fc0325-f707-47b2-b701-43976fe4158c,Related topic from audio,,false,3,Context related but not stated,
7f490f61-67e2-4b87-8ed4-c751a2520c72,2026-04-02 03:56:05,5744f360-d9f1-417b-9eee-0dcec0da4742,Correct sentence from audio,,true,1,Exactly as spoken,
7f536f2d-aee0-459a-99e9-2fa83ce21ee9,2026-04-02 03:56:05,520c82d5-806b-46ac-94d4-898b55fe41c9,The correct word to fill,,true,1,Proper grammar and meaning,
7f64b75f-0e96-4e5c-916f-b4155d36d5bb,2026-04-02 03:56:05,31b2d3ea-e3c9-42b9-8ecd-f2b6e5ecbbe5,The speaker says this exactly,,true,1,Correct audio interpretation,
7f81302b-5eaa-43eb-a692-b91efc862b4b,2026-04-02 03:56:05,3fc90fd3-a2e4-456e-b9fd-73d3857c7a09,Sounds similar but different,,false,2,Similar pronunciation,
7f846724-d453-4042-ae92-4b3ef28b0bcd,2026-04-02 03:56:05,6b65b744-c0b7-4152-817b-8e6c18d64649,Has spelling error,,false,2,Homophone confusion,
7f89e8a0-5919-4231-a8fd-6b5c924a4a4e,2026-04-02 03:56:05,b74f3cfc-422c-4301-8b25-ae33653f679a,The correct word to fill,,true,1,Proper grammar and meaning,
7f9e44e7-0675-4c53-bd80-149336e29d85,2026-04-02 03:56:05,808929ef-66c6-4da2-99ae-67ad050bbd4b,Opposite meaning,,false,4,Antonym for this context,
7fa0791e-319d-4b4f-a3df-b661c0206aa8,2026-04-02 03:56:05,047edaa7-7543-4458-a458-103cc86adbca,Impolite or rude tone,,false,4,Wrong register,
7fabcb9c-6b86-43b8-a46f-f47de24050f9,2026-04-02 03:56:05,e33f5ba7-8613-4727-8017-c6b9eb68baf2,Impolite or rude tone,,false,4,Wrong register,
7fae2eeb-eeee-4a52-8174-00e9b4b53012,2026-04-02 03:56:05,e67078ec-d844-49a5-ae6a-0ec305b2d193,Item A: English phrase,,true,1,Matches Vietnamese translation,pair_A
7fb84bde-0b9c-45ad-a0a0-58d3472c1fe9,2026-04-02 03:56:05,7c12817b-77be-487e-9b1d-fe5ef0cb099f,The correct word to fill,,true,1,Proper grammar and meaning,
7fcb2f23-ab91-49bc-98bb-1c42a3ca5b86,2026-04-02 03:56:05,4cf2edf9-1a48-4ce9-b334-64d94cf0e02e,Grammatically incorrect,,false,2,Unnatural phrasing,
7febdd74-ec14-4ccf-9c39-75def331653b,2026-04-02 03:56:05,6fcf5c79-4ebc-4255-b539-214eab35998d,Correct sentence from audio,,true,1,Exactly as spoken,
7ff7c98b-1da5-4937-864a-ef95f1f7a6a7,2026-04-02 03:56:05,4cf2edf9-1a48-4ce9-b334-64d94cf0e02e,Misses the context,,false,3,Does not answer the question,
80106259-6bb0-4db7-bd14-5cb9872fa6e4,2026-04-02 03:56:05,1b20762e-2138-4cac-accf-e82808e39c10,Item B: English phrase,,true,2,Matches Vietnamese translation,pair_B
802478d6-5a35-4b61-bce1-bb2a2a7f1c85,2026-04-02 03:56:05,b2541309-ddfe-4e80-bebd-0e5ed72127bc,True based on the passage,,true,1,Correct interpretation,
802e4314-4a67-4a00-abfb-fa3d503baa11,2026-04-02 03:56:05,e7814f70-b76f-4fde-a11f-1e6aa748931d,Sounds similar but different,,false,2,Similar pronunciation,
80322a66-36ce-439b-b67c-ef7537568290,2026-04-02 03:56:05,aa0d2b17-ee05-4f64-be1c-5bfa409e2634,False: not mentioned in text,,false,2,Misunderstanding,
804255a9-0f89-4649-9a35-6cdac0b9dafa,2026-04-02 03:56:05,9f155859-f0e8-4448-b462-c77a8247c012,Sounds similar but different,,false,2,Similar pronunciation,
80444c4f-d225-4c0c-a214-9b6b683b0b38,2026-04-02 03:56:05,5744f360-d9f1-417b-9eee-0dcec0da4742,Has spelling error,,false,2,Homophone confusion,
8078dc9b-04c6-411b-a9e7-0a95cf2d95e5,2026-04-02 03:56:05,53af23b9-90de-4b8d-8797-e635a8022c6b,False: not mentioned in text,,false,2,Misunderstanding,
80837100-42d2-4b51-bc73-aceb8b6f467d,2026-04-02 03:56:05,a2e92705-ceab-4307-b49a-038044406ae9,Misses the context,,false,3,Does not answer the question,
808794a2-c75a-47ce-bfe3-5fa27c949e1e,2026-04-02 03:56:05,1a449cca-ece4-487a-b8ff-ec71f733bf09,Similar sounding sentence,,false,3,Auditory similarity,
80932a34-19c8-4239-ad8a-8ac3b7db439b,2026-04-02 03:56:05,73300be4-bd9d-45f0-adc3-90c30f4b1f7a,Impolite or rude tone,,false,4,Wrong register,
80b88f76-0f8d-4b01-8b06-d38231b9c8b1,2026-04-02 03:56:05,dbd1f38f-99c6-4fb8-be52-0d1963abcfb5,True based on the passage,,true,1,Correct interpretation,
80c3903f-57f2-4d71-abc6-f41e388438b2,2026-04-02 03:56:05,25206411-bbac-430d-ba84-5a3c2302c30d,English word translation,,true,1,Direct meaning from English,
80c456b8-d173-4777-8091-6ad07fb0c96b,2026-04-02 03:56:05,55d2eb82-c7ac-40e5-b21c-a5259dacbb1c,Item A: English phrase,,true,1,Matches Vietnamese translation,pair_A
8129916a-0b44-4722-bf37-99021996afc0,2026-04-02 03:56:05,bc39b6ad-09dc-426c-82c9-f014a5aaa449,Sounds similar but different,,false,2,Similar pronunciation,
8156d9cd-aa81-4ec1-b59b-42c2ead6cabe,2026-04-02 03:56:05,f4650434-372e-4acd-a65f-2bcb44cc9bf5,Partially true but incomplete,,false,4,Half-correct answer,
81774977-0a47-4817-a8f6-863acc20a832,2026-04-02 03:56:05,34224cc1-1072-458d-844b-f2a9b150fba3,Common beginner mistake,,false,4,Typical error,
819b584d-0e0f-4bb9-89b6-79022e30caf5,2026-04-02 03:56:05,33083951-353a-4071-bc3c-895d266cc8ee,Opposite of what was said,,false,3,Inverted meaning,
819b5bcc-55f6-4e5b-acf7-7d58a517c7a1,2026-04-02 03:56:05,a39f9eb8-8f47-4f19-8c14-2d5d7760b695,False: not mentioned in text,,false,2,Misunderstanding,
81adfc4e-f42e-4bb7-8aaf-8a1c74a56e20,2026-04-02 03:56:05,bc05cf7e-bdd8-4e46-8f52-1c84297b26ad,The correct word to fill,,true,1,Proper grammar and meaning,
81c14a9b-606e-420b-81fc-ab7e186f5913,2026-04-02 03:56:05,44f5ff3e-7d7e-4125-8997-c50582463810,Different part of speech,,false,3,Noun instead of verb,
81c7754e-1825-4b3e-93df-b6a4b39c276f,2026-04-02 03:56:05,4395f1f2-a5ac-40ec-865e-452b76e1a750,Misses the context,,false,3,Does not answer the question,
81d356ab-7232-4897-8471-56aef4cf72a8,2026-04-02 03:56:05,b831b990-07be-4ecc-8fb2-5a752368dfc7,Sound-alike but wrong,,false,2,Phonetic confusion,
81df0d5d-39bc-4d87-ae73-c59e9870f152,2026-04-02 03:56:05,9be20828-7ec7-4514-9fa3-0e0732b122ec,Grammatically incorrect,,false,2,Unnatural phrasing,
81fb353d-772d-410b-9917-c23ae225af30,2026-04-02 03:56:05,aae2843c-aef6-4833-916f-c0cea6fa3554,Grammatically incorrect,,false,2,Unnatural phrasing,
81fdd0ee-aadb-4372-8c63-8e483e743b30,2026-04-02 03:56:05,a044ce1b-72b4-422e-80ca-245e8905c112,The speaker says this exactly,,true,1,Correct audio interpretation,
821179ec-9cd9-4c9a-bf6b-9d55f328c4f6,2026-04-02 03:56:05,abd3f834-b0f2-4723-80df-c82ac518c7bb,Natural and appropriate response,,true,1,Fits conversation flow,
8211c8ae-fed8-491a-94ef-7dca9311d95d,2026-04-02 03:56:05,b2f88a59-7344-4ceb-967a-5f9a41202712,False: not mentioned in text,,false,2,Misunderstanding,
8214b270-35f1-4061-a1ec-76ff63d9d1f1,2026-04-02 03:56:05,fc593b27-8ab3-4b55-89fb-608666a92c50,Different part of speech,,false,3,Noun instead of verb,
8239052e-c4b7-4b6b-8264-bf4d7e4b0861,2026-04-02 03:56:05,1d473fde-d371-4e6b-a0c8-d068e6099250,Common beginner mistake,,false,4,Typical error,
82432959-409f-4372-8bfd-376c5f840033,2026-04-02 03:56:05,94c5919a-611e-4831-a5d0-21dbd1f27163,Misses the context,,false,3,Does not answer the question,
824cefe5-247a-42bf-b3f6-71979db6dd65,2026-04-02 03:56:05,df60292b-85b7-41fd-8c30-2a2df62cb712,Wrong verb tense,,false,2,"Same word, wrong form",
8254f8b8-ff5b-4ca9-abda-362ab366794f,2026-04-02 03:56:05,b4f3b157-116f-4d1a-a9e4-25c8abe8c088,Correct sentence from audio,,true,1,Exactly as spoken,
8260d985-c34e-463d-b84f-b206424076c9,2026-04-02 03:56:05,87f51ef7-df1b-4188-b48d-1625e41ca080,False: not mentioned in text,,false,2,Misunderstanding,
8264d88e-1769-4ab1-9607-56d106a8586d,2026-04-02 03:56:05,290bb855-042b-44a4-b846-8a23b845aad5,The speaker says this exactly,,true,1,Correct audio interpretation,
8279cb3a-28d8-4de8-af81-7453431b9510,2026-04-02 03:56:05,2d8eb3be-51db-4248-9689-554ba529a31e,Sounds similar but different,,false,2,Similar pronunciation,
82864fe0-e64d-4b6a-8367-87351357696b,2026-04-02 03:56:05,bb364fc8-fca7-4ebf-83f2-4606726c42f1,Item A: English phrase,,true,1,Matches Vietnamese translation,pair_A
828ae02b-01a4-4e4b-9ce4-825c3cbb33ce,2026-04-02 03:56:05,f89960c3-4d5b-4619-9d11-a6784781120c,Opposite meaning,,false,4,Antonym for this context,
82c1a581-bab3-4111-9b96-989a1c45b2a7,2026-04-02 03:56:05,7781d69f-b107-4490-8e7c-caa6704836c2,Misses the context,,false,3,Does not answer the question,
82c6c783-bf64-457b-bbe2-64d69f0bb06a,2026-04-02 03:56:05,33c92b73-4a7a-4678-96e0-bc71f0b844eb,Completely different sentence,,false,4,Wrong transcription,
82c8f1ac-a4f7-4ea8-b27c-082c6fe2912d,2026-04-02 03:56:05,f7ffe5d1-997d-4362-a0ac-4d52ce2f2009,Completely different,,false,4,Unrelated option,
82d06b44-b233-45bd-9839-4da9f3ec1a6a,2026-04-02 03:56:05,bb04b7e4-0451-41d8-a93f-76c0fc969562,Different part of speech,,false,3,Noun instead of verb,
82d1eecc-9c2b-4e7f-9b01-58ff470f9d65,2026-04-02 03:56:05,e4786943-ceba-454a-ae18-7990593f1517,Item C: English phrase,,true,3,Matches Vietnamese translation,pair_C
82e6e94e-1374-4197-adaa-ecaefbf7f52a,2026-04-02 03:56:05,a2e92705-ceab-4307-b49a-038044406ae9,Impolite or rude tone,,false,4,Wrong register,
832d582a-7b09-4508-a159-7d7966435845,2026-04-02 03:56:05,d8803962-d58c-4859-86d8-5cd9ae5ac82c,Similar sounding sentence,,false,3,Auditory similarity,
83415719-15e5-4de1-af2c-45c1adacb7ec,2026-04-02 03:56:05,d42783e2-2d62-4fcc-a5ba-971435af2996,False: not mentioned in text,,false,2,Misunderstanding,
838a2c89-4303-4cc9-9cc0-1837d58589b2,2026-04-02 03:56:05,28420bd6-ea07-4be4-a5d0-8da88e39c26f,Grammatically incorrect,,false,2,Unnatural phrasing,
83a658c5-92bc-4117-9a8e-aa61aa9da1b2,2026-04-02 03:56:05,fb1f00d0-426a-4d0a-8d3a-10089566b726,Grammatically incorrect,,false,2,Unnatural phrasing,
83af94f0-cb3b-4814-acf2-8191899a2785,2026-04-02 03:56:05,14f95531-a997-48b3-a82b-53ddf0ce2560,Grammatically incorrect,,false,2,Unnatural phrasing,
83c295e4-eb91-4d78-be75-9dc6890c26cc,2026-04-02 03:56:05,a6be97a8-c6b4-421e-8ca0-b82e58eed2d1,True based on the passage,,true,1,Correct interpretation,
83d6baa4-596d-4a29-8c79-6d717c4706d1,2026-04-02 03:56:05,7a72343a-d4af-439f-9968-71c05fd0e1a1,Completely different,,false,4,Unrelated option,
83d6e1fa-47f3-411d-bef0-b36b9f7858ff,2026-04-02 03:56:05,e2b43629-035e-47f1-9dfa-5fcda35284f8,The speaker says this exactly,,true,1,Correct audio interpretation,
83d83dc3-d8c7-40bb-9f88-731ad77a5855,2026-04-02 03:56:05,b57e4e9a-9e74-4aa6-95d6-6cad83f259d2,Wrong verb tense,,false,2,"Same word, wrong form",
83df3fca-1f39-4558-8efb-055fcde86349,2026-04-02 03:56:05,ef206911-6154-4d9c-bd21-ceaf8b501f8e,Opposite meaning,,false,4,Antonym for this context,
83e790f7-f3a3-4aa5-a699-26fd664be1e4,2026-04-02 03:56:05,3ce3471b-daaa-474f-be66-9a92d15b0235,English word translation,,true,1,Direct meaning from English,
845fb3d0-d2cd-41ae-ac8c-8a3a26567085,2026-04-02 03:56:05,8b5aeb31-105c-4245-bca3-b3fdd07828b2,Impolite or rude tone,,false,4,Wrong register,
846548b8-9c11-4552-bdfb-a4c90a105657,2026-04-02 03:56:05,ac9a682b-c385-414f-8769-69e39839a111,Completely different,,false,4,Unrelated option,
848a7ec6-1fa9-483d-b86f-0e43297fea07,2026-04-02 03:56:05,87813904-668e-403f-9ba7-713c2f9c0b1f,Completely different sentence,,false,4,Wrong transcription,
8491d5a1-1a75-4cc8-bf33-0542f732aa59,2026-04-02 03:56:05,12d74268-6843-468d-9bbe-96d1f2cd6c85,True based on the passage,,true,1,Correct interpretation,
84a234a9-5466-4cd3-a3ef-353a3bcfbb77,2026-04-02 03:56:05,46b3c912-f959-4a74-8455-9e34cd56b1e4,Related topic from audio,,false,3,Context related but not stated,
84ad2baf-17b0-4604-896b-6ec7dd14556a,2026-04-02 03:56:05,234a5bab-40d9-4d8d-8562-d017491fe57c,Sounds similar but different,,false,2,Similar pronunciation,
84c3413a-5a58-4015-aa32-9d191930c389,2026-04-02 03:56:05,9dbe0146-573a-41b3-ad0f-d7738e3d10a9,Item B: English phrase,,true,2,Matches Vietnamese translation,pair_B
84d4d9d6-f994-4df6-83ad-565d39a75219,2026-04-02 03:56:05,fc593b27-8ab3-4b55-89fb-608666a92c50,Wrong verb tense,,false,2,"Same word, wrong form",
8537debd-3a1f-4410-8294-bc17f9b2fa18,2026-04-02 03:56:05,8d9404d0-2f81-46ca-bace-ce15c993f5e9,Sound-alike but wrong,,false,2,Phonetic confusion,
85477da4-0e38-4671-acef-13740650ade9,2026-04-02 03:56:05,edd7e515-2988-4e2c-ae9b-91bb8e9eca8d,True based on the passage,,true,1,Correct interpretation,
8554dc9d-9378-4fd5-b012-a333569cb8c4,2026-04-02 03:56:05,f7ffe5d1-997d-4362-a0ac-4d52ce2f2009,Sounds similar but different,,false,2,Similar pronunciation,
855e8d8e-00a8-45be-83e2-b15f71b461b2,2026-04-02 03:56:05,b831b990-07be-4ecc-8fb2-5a752368dfc7,English word translation,,true,1,Direct meaning from English,
856835f1-e6a2-492f-b208-8281459b5254,2026-04-02 03:56:05,05d07a26-ad5b-428c-af99-ec65d25c9a24,Common beginner mistake,,false,4,Typical error,
85932ad4-218d-432c-bd3b-4333083c60a7,2026-04-02 03:56:05,4e7a4a86-3d42-4216-b400-06a98c1db97a,Partially true but incomplete,,false,4,Half-correct answer,
85bab356-47b3-42ae-8c78-22af8706c230,2026-04-02 03:56:05,2b96ec93-315b-481d-8e45-9063aca272fe,Wrong verb tense,,false,2,"Same word, wrong form",
85bb150f-dd25-4194-9358-281f79e231df,2026-04-02 03:56:05,20eaf788-da6c-4e27-b762-f233356faa19,Item D: English phrase,,true,4,Matches Vietnamese translation,pair_D
85bc6e2f-3ed2-4602-80ae-71acf10b13df,2026-04-02 03:56:05,2f0cf87b-46d0-4d0e-b0e1-1b481a9ba19b,Misses the context,,false,3,Does not answer the question,
85c4fbf3-109b-4f5d-b587-66203bb534dc,2026-04-02 03:56:05,7781d69f-b107-4490-8e7c-caa6704836c2,Grammatically incorrect,,false,2,Unnatural phrasing,
85d74911-9ed2-4746-a26b-973c1672792e,2026-04-02 03:56:05,1beb311e-76d9-4dbf-ba35-9108f6fb1937,Correct sentence from audio,,true,1,Exactly as spoken,
85d80a1f-1441-4534-8e45-fe171c0aa63f,2026-04-02 03:56:05,5c6b052c-f7bd-4204-8a15-053bbeae220e,Wrong verb tense,,false,2,"Same word, wrong form",
85f6a1ea-c51a-45c2-93d1-1511cc4d552e,2026-04-02 03:56:05,8c5e8011-75e3-48d7-b7f5-7c6ea044d782,Correct sentence from audio,,true,1,Exactly as spoken,
8605ca1e-e2a7-411a-b9ae-e4f9766df67d,2026-04-02 03:56:05,b3fa8928-fd11-48dd-9f5f-3df3e512d853,Impolite or rude tone,,false,4,Wrong register,
860aa7d6-7995-446a-a968-cc7d8cb8e16c,2026-04-02 03:56:05,cfd97dbd-2b0b-4cdc-945b-0f30b3cbe04e,The correct word to fill,,true,1,Proper grammar and meaning,
861ce8d2-24b7-4322-839f-cec93b6ad847,2026-04-02 03:56:05,7c12817b-77be-487e-9b1d-fe5ef0cb099f,Different part of speech,,false,3,Noun instead of verb,
862d8bc1-37e9-43c8-b0c1-236cec16b5c7,2026-04-02 03:56:05,7d4c182a-fc01-445d-b935-1bef091cc29e,Item C: English phrase,,true,3,Matches Vietnamese translation,pair_C
863263af-2284-48ee-89d1-4b6b93a0c710,2026-04-02 03:56:05,fcc13d1c-e234-4ba6-8158-2a57c632d72f,The correct word to fill,,true,1,Proper grammar and meaning,
86398fc6-7e32-489c-abdd-6a1a7e4b7d68,2026-04-02 03:56:05,b8b45423-9883-41e1-8f9a-89c7570b00cb,Opposite meaning,,false,4,Antonym for this context,
8664a63a-720e-4b05-99b1-f46240f7d130,2026-04-02 03:56:05,3a9e275a-c8f3-418b-b72d-27b13a93b600,The correct word to fill,,true,1,Proper grammar and meaning,
867357f0-9900-4f1e-ab12-504e16f31616,2026-04-02 03:56:05,702905cb-f303-4c1d-baa4-b520c7de4181,Impolite or rude tone,,false,4,Wrong register,
868379d9-3890-415b-ab0f-515765bc74d2,2026-04-02 03:56:05,d8803962-d58c-4859-86d8-5cd9ae5ac82c,Has spelling error,,false,2,Homophone confusion,
869f10b6-35e6-4da5-a495-49e4ddb56542,2026-04-02 03:56:05,a042d761-6a5b-49e3-ada2-ff1aee3dbfc1,Opposite meaning,,false,4,Antonym for this context,
86a646df-5f2f-46fa-b226-b7935f24ef3b,2026-04-02 03:56:05,3964d087-0478-4df2-87ee-a9bd75b638ff,English word translation,,true,1,Direct meaning from English,
86b9f363-0d32-4c99-b93f-70435d56b595,2026-04-02 03:56:05,4e7a4a86-3d42-4216-b400-06a98c1db97a,Opposite of what was said,,false,3,Inverted meaning,
86d9ef01-7128-4426-be62-15ae91589480,2026-04-02 03:56:05,cd3069c9-b8dc-4fed-9428-3cea46b9bb31,Correct sentence from audio,,true,1,Exactly as spoken,
86e07a43-e5ae-406c-ab5d-6f56adadaf8a,2026-04-02 03:56:05,aa9dc379-5f1c-4cce-b759-dfd3ec1e0d57,Natural and appropriate response,,true,1,Fits conversation flow,
8730bf8a-89c1-4354-882b-59a420fbd01f,2026-04-02 03:56:05,1ba23f64-9d27-4ba0-b23d-2543c8774f42,The speaker says this exactly,,true,1,Correct audio interpretation,
876006cc-b020-4066-82f2-9f2bc7785ae7,2026-04-02 03:56:05,b0ed9511-ab9a-47ba-9cab-e2060c82ab69,Wrong verb tense,,false,2,"Same word, wrong form",
87765794-e037-4240-a0e1-033b10514291,2026-04-02 03:56:05,7221d78c-2232-4d1b-b0ee-5e7679e8157a,Opposite of what was said,,false,3,Inverted meaning,
8778968b-b4b2-4732-8b7d-7226a2035e37,2026-04-02 03:56:05,d10fd680-87ba-4f98-b57a-20387a61d3ee,Completely different,,false,4,Unrelated option,
8784ef8c-288d-4328-8630-f7193ae04249,2026-04-02 03:56:05,2e1940c6-48dd-44ee-9401-715aeade4b0c,Item C: English phrase,,true,3,Matches Vietnamese translation,pair_C
87885e72-7585-443f-87f9-a54095af523c,2026-04-02 03:56:05,486b4790-4d23-46d8-a475-4313c3ed6952,Item B: English phrase,,true,2,Matches Vietnamese translation,pair_B
879debc9-20cb-44af-b327-10b7ffb92e8e,2026-04-02 03:56:05,0a7356a4-7d6a-499e-a3d8-c4d66852a22b,Impolite or rude tone,,false,4,Wrong register,
87a89dc1-65fc-4dd5-b052-98224e0bf556,2026-04-02 03:56:05,702905cb-f303-4c1d-baa4-b520c7de4181,Natural and appropriate response,,true,1,Fits conversation flow,
87a9dc5d-b697-4103-9910-2b2599d2beca,2026-04-02 03:56:05,107441d2-747b-4ad5-b112-6c0fa7e266ba,Correct sentence from audio,,true,1,Exactly as spoken,
87c6cdc9-88fa-41cd-a223-6b3cbf3f7dc4,2026-04-02 03:56:05,daa324f2-a5e9-403e-838b-aa55fe360336,Grammatically incorrect,,false,2,Unnatural phrasing,
87d179d1-ae88-47b9-8424-42302c960f16,2026-04-02 03:56:05,cef1455f-27d8-4092-b5c1-90fcbce1161a,Partially true but incomplete,,false,4,Half-correct answer,
87d4c0b5-e9e9-4ed2-aadf-60bf24608340,2026-04-02 03:56:05,b552ec49-6f41-4954-86e9-99a8ec53b027,English word translation,,true,1,Direct meaning from English,
87e1403a-941d-4b41-bb8f-ddc69163dfdf,2026-04-02 03:56:05,2c43a83a-7eef-472b-b2ab-22c270b99452,Completely different,,false,4,Unrelated option,
87ea8e74-628b-4a49-af1b-07d3ef91ac51,2026-04-02 03:56:05,5abaa209-ba2d-409d-b355-943e8f239106,Different part of speech,,false,3,Noun instead of verb,
87fbecc3-4875-46ce-ae7c-52abbee0abe7,2026-04-02 03:56:05,134bf3eb-1009-48ef-8a4a-a7368ec30c69,Grammatically incorrect,,false,2,Unnatural phrasing,
881cf577-fe58-4fb9-9948-04d0ef401485,2026-04-02 03:56:05,e2b43629-035e-47f1-9dfa-5fcda35284f8,Sounds similar but different,,false,2,Similar pronunciation,
8827e569-7ba9-442c-abe2-5246e441ba1b,2026-04-02 03:56:05,12f32ab9-11cd-4236-afd3-ff4f1844f77a,Sound-alike but wrong,,false,2,Phonetic confusion,
883f3423-6455-446f-978b-421c0f853788,2026-04-02 03:56:05,dedb1946-8d76-4b3a-b1b2-4975a8824ce4,Sound-alike but wrong,,false,2,Phonetic confusion,
88489920-3397-43e2-a9dc-747b2814ef48,2026-04-02 03:56:05,facd9f28-bce7-4857-b9a8-5a978324da7c,Common beginner mistake,,false,4,Typical error,
8868ecc6-e046-4fec-8a4c-9d4089a4fcdb,2026-04-02 03:56:05,3ccd1a77-8e23-4cc9-87f9-300811782c78,Impolite or rude tone,,false,4,Wrong register,
88ac4691-f39b-4040-8652-fb7cdf22e901,2026-04-02 03:56:05,8951b3ae-f961-41b1-b0ca-45060c61046e,Completely different,,false,4,Unrelated option,
88c63beb-46e9-4ed2-aaa2-2827b5691e46,2026-04-02 03:56:05,60599bd0-ac64-4e78-a0c7-cfba7c1dcdf6,False: not mentioned in text,,false,2,Misunderstanding,
88ce2ef6-9cb2-49d1-b8a5-b4febecf49ac,2026-04-02 03:56:05,5f7a20a7-409d-45ad-a752-c11693446e7c,Grammatically incorrect,,false,2,Unnatural phrasing,
88e79cfc-9137-4de1-b015-de18a132f228,2026-04-02 03:56:05,6ae0cead-0f6a-4fdb-9666-77af2fae477d,Related topic from audio,,false,3,Context related but not stated,
88e8c4ad-73da-4ecc-b702-b24878a0559e,2026-04-02 03:56:05,04f524bf-91bc-45f6-a8aa-1f3bfb7f4dac,Similar sounding sentence,,false,3,Auditory similarity,
892c4c2d-74be-43bc-aad6-3107330aec80,2026-04-02 03:56:05,f631bf58-cfff-4671-b686-79a557522775,Partially true but incomplete,,false,4,Half-correct answer,
894cae93-d3b6-4dd1-9041-e2322a1ae8f1,2026-04-02 03:56:05,dce5d8eb-ae28-4371-9b7c-de911934464d,Completely different,,false,4,Unrelated option,
895a8ff2-94a1-4bc9-aeeb-df84a3fd37eb,2026-04-02 03:56:05,7830b6b0-4501-43af-8e5f-0098a06fc276,Opposite meaning,,false,4,Antonym for this context,
89610cf7-8a09-4b5f-947e-7f5495b1299d,2026-04-02 03:56:05,591b1b31-10ab-46f5-baa7-0cd5ff2d7689,Item D: English phrase,,true,4,Matches Vietnamese translation,pair_D
897cc105-2193-4570-bd2e-2a31d13b37b6,2026-04-02 03:56:05,492fb405-1dc2-4b36-931f-f98963749a16,Natural and appropriate response,,true,1,Fits conversation flow,
89a195d0-e58a-4d40-bd99-b4362ea4f989,2026-04-02 03:56:05,86293d2b-d83c-4bfc-b505-addc4208ae8f,Completely different sentence,,false,4,Wrong transcription,
89a85286-5008-486d-bf17-9fe41ec66038,2026-04-02 03:56:05,9e4ba257-9f41-4717-9e45-41c601014524,Item D: English phrase,,true,4,Matches Vietnamese translation,pair_D
89b0ec8e-6552-4a60-af3a-cee6bcd15218,2026-04-02 03:56:05,01fbec92-172c-4490-8889-5e2960ad347e,Different part of speech,,false,3,Noun instead of verb,
89b2709e-d668-4355-a0f6-6fe1447cc719,2026-04-02 03:56:05,bcf7da96-e3f7-4276-9e4a-3bab9c4fb9f3,Item C: English phrase,,true,3,Matches Vietnamese translation,pair_C
89d8e63d-cad8-481f-b6f4-83569f5c3a7d,2026-04-02 03:56:05,1fabd10c-6077-495c-883c-d9a9647491fd,The correct word to fill,,true,1,Proper grammar and meaning,
89ebf9fe-29d7-4099-b399-8bb49f201024,2026-04-02 03:56:05,79ff49b1-0290-43aa-8877-e9aaf1a05a28,Sound-alike but wrong,,false,2,Phonetic confusion,
89f079ef-969d-4b99-ae66-027dfea9002b,2026-04-02 03:56:05,b3bec1c4-320c-4780-8e2b-09815d04131f,Correct sentence from audio,,true,1,Exactly as spoken,
89fb83d7-1131-4617-90f1-0a585c00c46d,2026-04-02 03:56:05,fd5d1f54-cf38-4f56-b96f-36f34a85477d,Natural and appropriate response,,true,1,Fits conversation flow,
8a006abb-5273-403b-b326-52bca0204edc,2026-04-02 03:56:05,97d9f1f2-b4c3-48d8-8585-b61d3fe70dd0,Item C: English phrase,,true,3,Matches Vietnamese translation,pair_C
8a038505-1b47-43e5-a589-238bb66f21fa,2026-04-02 03:56:05,7735dfe8-95f7-4599-97f2-c6fea5fe8494,Opposite of what was said,,false,3,Inverted meaning,
8a043064-7448-43e7-8afe-5a6661dd20c3,2026-04-02 03:56:05,25206411-bbac-430d-ba84-5a3c2302c30d,Sound-alike but wrong,,false,2,Phonetic confusion,
8a4a9af9-7e5b-4757-bbac-ffa8f3fe0f67,2026-04-02 03:56:05,050b4cfb-7fa4-4441-9850-9c19b8bc681d,Has spelling error,,false,2,Homophone confusion,
8a61a3a6-e511-4d87-9bec-46e71c2c5970,2026-04-02 03:56:05,1b775e46-c7bc-4dae-af4c-d4c1ffd05eff,Item A: English phrase,,true,1,Matches Vietnamese translation,pair_A
8a9d7598-5909-42ed-9ed9-84fa2f7fa671,2026-04-02 03:56:05,6012b2fb-3ca4-4bfe-a07d-cb8c30dfdb5b,Correct sentence from audio,,true,1,Exactly as spoken,
8adcd7fc-df7f-4c8a-bd18-af427f9d88b8,2026-04-02 03:56:05,97fcc19c-d3b3-40af-933b-e4db377710aa,Has spelling error,,false,2,Homophone confusion,
8b004a9c-0445-4bf4-a20b-e8ea1c4fd5a2,2026-04-02 03:56:05,71758483-f1a8-43ca-944c-3ba0976cf582,Opposite of what was said,,false,3,Inverted meaning,
8b55ea7a-c262-4896-8973-3b92a152c580,2026-04-02 03:56:05,1429ea84-98b5-4df4-8344-f963afc46403,Item B: English phrase,,true,2,Matches Vietnamese translation,pair_B
8b5b0e4d-0ac5-41a2-85ca-3f442dfe5659,2026-04-02 03:56:05,da1419b2-580e-465d-acf3-27d227440316,Common beginner mistake,,false,4,Typical error,
8b6f632e-7dde-4268-844f-72560e485b47,2026-04-02 03:56:05,f2369a72-48f5-4ce8-bb20-62386b2aaad9,Sounds similar but different,,false,2,Similar pronunciation,
8b785800-9583-45ab-bf1d-339c881c195e,2026-04-02 03:56:05,b4b7310c-fca7-42d9-8632-aee38bf32e7f,Completely different,,false,4,Unrelated option,
8b842a28-f988-4744-90b5-d0e3dea0f528,2026-04-02 03:56:05,5f7a20a7-409d-45ad-a752-c11693446e7c,Impolite or rude tone,,false,4,Wrong register,
8b9e58d1-e7d3-4e0c-8a4a-a8324caeed3a,2026-04-02 03:56:05,3047ade4-625a-4191-a904-574a1517ced6,Wrong verb tense,,false,2,"Same word, wrong form",
8b9f9a5e-201a-42df-9f98-d2d82b9e78fa,2026-04-02 03:56:05,b30d2290-7aae-4c0d-8cf2-77a2c85d5c01,Sounds similar but different,,false,2,Similar pronunciation,
8bb20b35-d40e-4c8e-85b2-38e9278f1cd5,2026-04-02 03:56:05,7c12817b-77be-487e-9b1d-fe5ef0cb099f,Opposite meaning,,false,4,Antonym for this context,
8c031b8f-aea7-465b-8dcb-30c27b0cc82f,2026-04-02 03:56:05,2cd62a9e-1c1e-4f16-b137-1f302539b7fa,Correct sentence from audio,,true,1,Exactly as spoken,
8c05e235-dd72-4d29-8029-27a6d4f66308,2026-04-02 03:56:05,d906efbe-4248-47a9-990a-da2f2d910c2f,Completely different,,false,4,Unrelated option,
8c1a6a54-ae4b-4346-871e-8bcd5fb794a4,2026-04-02 03:56:05,524ce367-fc2a-496e-af36-ad0b45a323e9,Wrong verb tense,,false,2,"Same word, wrong form",
8c33dc35-895a-4ec5-aa02-3197c7b4c675,2026-04-02 03:56:05,fcd54e88-d56e-4ee1-9703-7a99e5556d71,Sounds similar but different,,false,2,Similar pronunciation,
8c7f4c9c-0d2b-4460-9d73-5beb165c3f5f,2026-04-02 03:56:05,8eec9b6c-3325-4b87-80b3-718f8b677f19,Item A: English phrase,,true,1,Matches Vietnamese translation,pair_A
8c8c1637-6209-4892-a019-ea4cfcd5f669,2026-04-02 03:56:05,957a716a-1dc4-4b3b-bd7d-16e44442e7bb,Natural and appropriate response,,true,1,Fits conversation flow,
8c923bc4-e5b8-42c2-9135-a6bf50a98040,2026-04-02 03:56:05,cef1455f-27d8-4092-b5c1-90fcbce1161a,Opposite of what was said,,false,3,Inverted meaning,
8ce75afa-68f9-46ac-901f-fcceed5c82b6,2026-04-02 03:56:05,4e7ff9c9-a5d6-4852-9543-7fefae8761ae,Completely different,,false,4,Unrelated option,
8cf72be4-a409-4308-bb87-8e2928a7fd14,2026-04-02 03:56:05,d7d132be-51e0-400a-aa44-e0e58e4b48b9,Has spelling error,,false,2,Homophone confusion,
8cf8d22e-90a8-4a5b-8edc-842405aa74be,2026-04-02 03:56:05,9875ba57-cad2-47af-b797-7dbe7a3036f2,Similar sounding sentence,,false,3,Auditory similarity,
8d0b2d8e-ee07-4884-966c-b662863c3616,2026-04-02 03:56:05,7b199290-82d7-4dda-9b1d-f01b82d1e28b,Related topic from audio,,false,3,Context related but not stated,
8d0d8ea0-0a2d-4626-b27f-15c2726a8685,2026-04-02 03:56:05,4791633c-97a1-49a3-8088-f49d77664055,Different part of speech,,false,3,Noun instead of verb,
8d11bfec-9212-4e62-b050-74c31b24bc51,2026-04-02 03:56:05,6de14a74-ea36-4518-a1dd-633c6b72b475,The speaker says this exactly,,true,1,Correct audio interpretation,
8d1f14af-9b35-4d01-803f-f0024f360092,2026-04-02 03:56:05,d92a5e33-c05d-401a-9a23-7f6ca56b8de0,The speaker says this exactly,,true,1,Correct audio interpretation,
8d544cf3-9837-44ea-b6a3-5f58d8aaf382,2026-04-02 03:56:05,b1244d17-0b2c-4388-aa6e-e8ccb3f5da71,English word translation,,true,1,Direct meaning from English,
8d57a6e5-e392-42a6-833a-31838b317099,2026-04-02 03:56:05,8abddce3-0c35-4d7c-ab35-4d0729703418,Common beginner mistake,,false,4,Typical error,
8d79e7fc-9db3-4e21-840b-73a0a7e75152,2026-04-02 03:56:05,df62eef3-95fe-49ff-b359-79b6c6e89e8d,Item B: English phrase,,true,2,Matches Vietnamese translation,pair_B
8d7bc1ba-a447-45a6-97d9-47d977d2eb10,2026-04-02 03:56:05,30b29053-dd3c-4403-83f5-de2dce1ab271,Opposite meaning,,false,3,Antonym in Vietnamese,
8d9bca77-af1a-46cd-8006-8a3cbe0ca102,2026-04-02 03:56:05,f588029a-a55e-4cf8-afbd-095ff87a1985,Impolite or rude tone,,false,4,Wrong register,
8dbaecb3-761f-4d69-9a7a-81ebaeb34dd9,2026-04-02 03:56:05,62ce04ed-a971-4f0d-b9c5-737c1ee1e58b,Item C: English phrase,,true,3,Matches Vietnamese translation,pair_C
8de9cb15-1570-4877-8caa-668ef3d5f077,2026-04-02 03:56:05,1b20762e-2138-4cac-accf-e82808e39c10,Item C: English phrase,,true,3,Matches Vietnamese translation,pair_C
8deba785-5656-4e6c-adbb-04876da306ba,2026-04-02 03:56:05,bf5f433f-c52a-44fe-ae5b-8fb6e3ab7248,Different part of speech,,false,3,Noun instead of verb,
8e01c452-a057-40cc-8e89-d2ed476167f8,2026-04-02 03:56:05,69d6f345-5dd3-4272-8988-c30be9a2daf6,Misses the context,,false,3,Does not answer the question,
8e10434b-61e9-44ad-90b5-c9bc11582b61,2026-04-02 03:56:05,55ba2b85-92b8-46da-80de-acb7546405db,False: not mentioned in text,,false,2,Misunderstanding,
8e365d05-4e34-4c94-b313-ac00e8878233,2026-04-02 03:56:05,16c2f7c5-7074-4e50-8721-8ac35d563e1e,Different part of speech,,false,3,Noun instead of verb,
8e4e63e6-7ec5-414e-a2ca-90c5480f95e2,2026-04-02 03:56:05,fc593b27-8ab3-4b55-89fb-608666a92c50,Opposite meaning,,false,4,Antonym for this context,
8e64d355-8a64-42d6-9708-f082e0135a65,2026-04-02 03:56:05,4e7a4a86-3d42-4216-b400-06a98c1db97a,False: not mentioned in text,,false,2,Misunderstanding,
8e836bf4-24cd-4617-ab90-da2b9ccb1001,2026-04-02 03:56:05,e9e68ad1-6e37-4054-a342-6cf93d44e4c7,Opposite meaning,,false,3,Antonym in Vietnamese,
8ec058cd-9328-4908-b7e9-930065e9eee5,2026-04-02 03:56:05,1dfef252-0566-4bc8-8e1d-09e4d580b366,Natural and appropriate response,,true,1,Fits conversation flow,
8ec2183a-6a3e-4b60-a401-d7d07b6aade9,2026-04-02 03:56:05,2495eaa8-b6a3-429a-9373-d3563639fcd5,The speaker says this exactly,,true,1,Correct audio interpretation,
8ecf4f3f-8e25-44ea-8a2d-35206a10a463,2026-04-02 03:56:05,66be583b-50fc-4cda-b18a-15baf033be62,Common beginner mistake,,false,4,Typical error,
8ef8efb3-e827-4a4e-b52f-da6ec63f3330,2026-04-02 03:56:05,4dd2f9e8-bfee-488a-97de-73fa17717829,Item D: English phrase,,true,4,Matches Vietnamese translation,pair_D
8f1cbb83-658d-4f01-a339-fd758df31872,2026-04-02 03:56:05,51d223d8-a593-48a3-9bab-2a0aa86e194c,Partially true but incomplete,,false,4,Half-correct answer,
8f329087-f218-4f26-9cc5-1e511c154b44,2026-04-02 03:56:05,e2133f67-940f-4d2a-b37e-bf0eea9bfad7,Item A: English phrase,,true,1,Matches Vietnamese translation,pair_A
8f3955cc-413e-4c2c-bcbb-e061ffb8706a,2026-04-02 03:56:05,535d870c-2269-492c-a5b8-88051baeaa4c,Opposite meaning,,false,3,Antonym in Vietnamese,
8f44553d-3e60-4485-b4f9-8a07bfb941ae,2026-04-02 03:56:05,4bc4c477-aa4e-42a7-8c5d-c04254399e27,Related topic from audio,,false,3,Context related but not stated,
8f4a9a2b-4ea1-4bf3-8532-f11c62e3e96e,2026-04-02 03:56:05,8e478455-567c-4f0d-8023-49c0639853ab,Grammatically incorrect,,false,2,Unnatural phrasing,
8f5c971b-4aa2-41b3-9fef-27e9e2deee65,2026-04-02 03:56:05,2d8eb3be-51db-4248-9689-554ba529a31e,The speaker says this exactly,,true,1,Correct audio interpretation,
8f5cd487-9a7c-491b-af6e-710f850dc43d,2026-04-02 03:56:05,f0b5724e-e351-489e-b8fe-9322bbe60c9a,Common beginner mistake,,false,4,Typical error,
8f6041c5-e92a-4a56-a492-c200190dd410,2026-04-02 03:56:05,e7e63666-b372-458b-9ef6-081ba65ec245,Opposite meaning,,false,3,Antonym in Vietnamese,
8f74f5b1-81ae-4fc4-9558-4a40e38c29eb,2026-04-02 03:56:05,a2e92705-ceab-4307-b49a-038044406ae9,Natural and appropriate response,,true,1,Fits conversation flow,
8f75c4b8-d462-41a7-a02e-deed0e2a9e18,2026-04-02 03:56:05,13260994-b514-41e8-a759-1ffc49bb1c87,Sound-alike but wrong,,false,2,Phonetic confusion,
8faa0ae2-782c-4928-a94c-e24b3b4eacca,2026-04-02 03:56:05,df62eef3-95fe-49ff-b359-79b6c6e89e8d,Item C: English phrase,,true,3,Matches Vietnamese translation,pair_C
8fb26d89-b96b-4920-be8f-44031b3d9e45,2026-04-02 03:56:05,bcf7da96-e3f7-4276-9e4a-3bab9c4fb9f3,Item D: English phrase,,true,4,Matches Vietnamese translation,pair_D
8fc2808b-d232-4147-90c3-6309087023ba,2026-04-02 03:56:05,544dfbe6-0fc2-41b7-9d5b-d2026a1100f4,Item D: English phrase,,true,4,Matches Vietnamese translation,pair_D
8fed939f-a590-4829-a0f3-bea4b3704f31,2026-04-02 03:56:05,6688cd95-4019-4c8f-bda9-625beed02e7f,Item D: English phrase,,true,4,Matches Vietnamese translation,pair_D
900b3123-7848-4da3-8dff-b26c6aada720,2026-04-02 03:56:05,edb644b8-7d66-4ff3-a572-ca16efae43c8,English word translation,,true,1,Direct meaning from English,
900b8edb-343d-4163-90a1-4c73fd9cb37e,2026-04-02 03:56:05,bebefd06-58b0-4ca8-8cd9-509a35bc9f4a,Natural and appropriate response,,true,1,Fits conversation flow,
900d4f9c-2cd5-469d-a730-508f1b97131c,2026-04-02 03:56:05,093ab0c7-08d3-4c3a-baae-95ce27bb3855,Item B: English phrase,,true,2,Matches Vietnamese translation,pair_B
902addfb-e932-4a76-99a4-772e4d518b4b,2026-04-02 03:56:05,71af1b31-9294-4e51-9523-7d85b25040f3,Natural and appropriate response,,true,1,Fits conversation flow,
904568f5-57fd-4c2d-9257-25a35e55423e,2026-04-02 03:56:05,87f51ef7-df1b-4188-b48d-1625e41ca080,Opposite of what was said,,false,3,Inverted meaning,
906f37dc-068e-4670-8886-7fdd4568c11d,2026-04-02 03:56:05,04f524bf-91bc-45f6-a8aa-1f3bfb7f4dac,Correct sentence from audio,,true,1,Exactly as spoken,
9075c32a-9ce2-4c3a-bbf8-8f85b1def5f8,2026-04-02 03:56:05,ebca5e66-307f-44d4-bb2c-b9bcb7dddf2d,Sound-alike but wrong,,false,2,Phonetic confusion,
90b3682b-3adf-46cf-81e2-ae04e81ade57,2026-04-02 03:56:05,4afaa4c6-cce7-4b94-be11-69efbaa11dc0,The correct word to fill,,true,1,Proper grammar and meaning,
90bd42e0-84ed-41d3-b540-18139cb9800e,2026-04-02 03:56:05,513e7ba5-cb38-4ef9-829f-7f62a7087d9d,Sound-alike but wrong,,false,2,Phonetic confusion,
90d0253e-caaf-4c32-866f-360d06741648,2026-04-02 03:56:05,49be591e-5fd0-42d1-823a-d37510d9f9c4,Opposite of what was said,,false,3,Inverted meaning,
90dc4f96-3872-489c-ab92-07b0c5a093ad,2026-04-02 03:56:05,54d36cea-7f89-43e2-b277-a1c0b4b30237,The speaker says this exactly,,true,1,Correct audio interpretation,
90e9b459-70d4-42dc-bcdc-4c01128b409a,2026-04-02 03:56:05,94b9c3cb-430b-4b0b-8f44-b556ac5a6062,True based on the passage,,true,1,Correct interpretation,
9117598c-7776-44fa-bbdd-39a8bacea03b,2026-04-02 03:56:05,3f1b6de5-7a95-4430-9a02-9eff76b3b5bd,Natural and appropriate response,,true,1,Fits conversation flow,
911a1e7e-e597-4f5d-a00a-0a401f03c664,2026-04-02 03:56:05,e03c948b-d1ac-4226-8d67-ea7ab6ca6b2f,Misses the context,,false,3,Does not answer the question,
912a9ebc-2124-41b8-8576-e4d39319675f,2026-04-02 03:56:05,83e96e10-5511-455c-9cdf-647180bf1f25,Opposite meaning,,false,3,Antonym in Vietnamese,
913817bb-0e90-4305-b9c4-be218b262dcb,2026-04-02 03:56:05,53f06b75-9cf4-4f93-927b-b48bafce71ec,Opposite of what was said,,false,3,Inverted meaning,
91563829-1229-408d-972e-88240b2414c8,2026-04-02 03:56:05,134bf3eb-1009-48ef-8a4a-a7368ec30c69,Misses the context,,false,3,Does not answer the question,
915fec45-eb72-4d63-8467-f0f7f3a4aecb,2026-04-02 03:56:05,513e7ba5-cb38-4ef9-829f-7f62a7087d9d,Common beginner mistake,,false,4,Typical error,
91662132-4384-4eec-b5d0-12009a26df79,2026-04-02 03:56:05,20dfdc27-df6f-437d-ba37-775749b97be0,Partially true but incomplete,,false,4,Half-correct answer,
9170b635-715b-4457-868f-4b2c35c9ecf4,2026-04-02 03:56:05,8abddce3-0c35-4d7c-ab35-4d0729703418,Sound-alike but wrong,,false,2,Phonetic confusion,
919d8d60-e8ba-426d-a941-a30872f75a64,2026-04-02 03:56:05,108e2b0f-998d-4fd8-83eb-4ef539284ff2,Correct sentence from audio,,true,1,Exactly as spoken,
91b4a63e-3c86-4aa0-8050-f9181599b702,2026-04-02 03:56:05,471eec4e-3a7c-4cdd-83ed-b7b902b15892,Impolite or rude tone,,false,4,Wrong register,
91b57055-6618-40d2-8057-83837981027b,2026-04-02 03:56:05,efca68c0-d8f8-4727-97cb-3cb59eca430c,Opposite meaning,,false,3,Antonym in Vietnamese,
91bd7d86-66ca-4ef0-abfa-4a872435003c,2026-04-02 03:56:05,c42cf5fa-84de-4e5e-98b0-762e4884ffec,English word translation,,true,1,Direct meaning from English,
91f6d455-b4b9-4a76-9731-adb5ba5b1b6a,2026-04-02 03:56:05,d3e98a01-04e5-4924-97ea-fb0d47a468e8,Impolite or rude tone,,false,4,Wrong register,
921aff21-6f8a-4e8c-b37d-98bc2d403ffc,2026-04-02 03:56:05,1d473fde-d371-4e6b-a0c8-d068e6099250,Sound-alike but wrong,,false,2,Phonetic confusion,
922d439f-d463-4dda-92bd-dc1c999213bd,2026-04-02 03:56:05,fddc3bea-7ecb-4377-986a-e90138e14ded,Misses the context,,false,3,Does not answer the question,
92415498-2aa1-4d3d-82e8-7060a6b77ca9,2026-04-02 03:56:05,e0b782d1-1751-4c31-848e-950622918716,Natural and appropriate response,,true,1,Fits conversation flow,
92463040-1b0e-4d2f-b9a5-a3ecf67f9443,2026-04-02 03:56:05,1c02e16f-f383-4be6-bc4c-4469442bfc13,Item B: English phrase,,true,2,Matches Vietnamese translation,pair_B
9269e302-46e1-4b05-9fe4-1df6fb309e07,2026-04-02 03:56:05,7117774f-6757-4947-ac5a-26290e112281,Completely different sentence,,false,4,Wrong transcription,
926c13d9-f823-48ca-82a5-e054c269279c,2026-04-02 03:56:05,2f62622c-9906-4955-a58b-0e4b39c4b8d1,Has spelling error,,false,2,Homophone confusion,
92729961-6a14-4e3f-af67-bf096cb72e72,2026-04-02 03:56:05,31bdfea8-4c25-4dc3-b348-c0ce9a67833f,Impolite or rude tone,,false,4,Wrong register,
9273ba9b-efd4-4f55-9890-18622f3c29be,2026-04-02 03:56:05,db90c799-0ddd-41d3-95bc-92b23f61fc89,Common beginner mistake,,false,4,Typical error,
92839f3b-d497-43b8-8a1c-5d843c565a0b,2026-04-02 03:56:05,75fd98f5-3434-4fcd-9da4-706545fb814c,Partially true but incomplete,,false,4,Half-correct answer,
928a8dc7-aa6c-4486-beaf-1f2c6489d355,2026-04-02 03:56:05,ec4db472-8235-466b-aef1-ffe68b2efa33,Correct sentence from audio,,true,1,Exactly as spoken,
92955f26-f751-4844-99b8-0ce804723211,2026-04-02 03:56:05,68e6489b-1127-4b57-b424-d809c2942da8,Correct sentence from audio,,true,1,Exactly as spoken,
92a3ae2b-0166-422d-8698-8def54abb425,2026-04-02 03:56:05,f3e747b8-972e-4f6b-9a97-1111b40b9a51,Has spelling error,,false,2,Homophone confusion,
92ba59f6-fd5e-4508-b886-ce9145fb1b4f,2026-04-02 03:56:05,3c60585f-f747-4266-9ff1-b4a0600807c2,Correct sentence from audio,,true,1,Exactly as spoken,
92bb3c4c-0d89-48b0-baad-747fc29d4a51,2026-04-02 03:56:05,4afaa4c6-cce7-4b94-be11-69efbaa11dc0,Opposite meaning,,false,4,Antonym for this context,
92c423da-ae54-4842-b3d3-6630438b7d0b,2026-04-02 03:56:05,97c79115-c58a-49f8-ba24-475fdf9b708f,Partially true but incomplete,,false,4,Half-correct answer,
93242311-1d1b-4095-8296-e3be6e5553df,2026-04-02 03:56:05,184410ff-2a84-44c1-9489-d93a404c5208,True based on the passage,,true,1,Correct interpretation,
93251df7-9e6e-41d0-ae25-1e6e7ec6f7d6,2026-04-02 03:56:05,73be686d-c5ca-497e-a87c-2d2fdcae20b1,Natural and appropriate response,,true,1,Fits conversation flow,
9334ae98-b99b-48d1-8322-da47e68c0daf,2026-04-02 03:56:05,e3321363-741f-4e86-9198-f9ecd0fa66e1,Item D: English phrase,,true,4,Matches Vietnamese translation,pair_D
934ed027-2e4f-4880-8bc2-339f5f8a0d85,2026-04-02 03:56:05,c397b18c-6526-46b9-a9db-426ec2c392ca,Opposite of what was said,,false,3,Inverted meaning,
937d6228-a442-43d0-bc36-24f5daf2d245,2026-04-02 03:56:05,6861d014-e835-4054-bee3-a11cc5e96fd0,False: not mentioned in text,,false,2,Misunderstanding,
939a5f7c-bc85-453f-9969-857a4df5d425,2026-04-02 03:56:05,2caf7974-3666-49c2-ac62-980a65ebe52d,Different part of speech,,false,3,Noun instead of verb,
93bcbb30-0ba0-484c-b4af-66c5823aac79,2026-04-02 03:56:05,e832525a-dd6a-4dd4-9464-0a047184c746,Item B: English phrase,,true,2,Matches Vietnamese translation,pair_B
93be9f04-0e23-4e1e-bcab-a644826cace7,2026-04-02 03:56:05,74346b0f-8d5d-44c5-a1a6-d04d5d5fb66f,Sounds similar but different,,false,2,Similar pronunciation,
93d790d9-2129-44ce-bae5-dd14a45a6bd0,2026-04-02 03:56:05,75af9b99-e4c9-40c0-b0d6-bf2317fd79ac,Completely different,,false,4,Unrelated option,
94197142-c358-40b5-bb7b-456cee5ba8c8,2026-04-02 03:56:05,9dbe0146-573a-41b3-ad0f-d7738e3d10a9,Item C: English phrase,,true,3,Matches Vietnamese translation,pair_C
9430b7f4-69a6-474d-833e-d5419c75cade,2026-04-02 03:56:05,b77728d1-5cee-48da-950e-95151cfe1fe9,Different part of speech,,false,3,Noun instead of verb,
943f1077-206c-4826-b9ce-17a1f1540321,2026-04-02 03:56:05,6822d6a2-5b91-4bc6-ad94-26021833d158,Has spelling error,,false,2,Homophone confusion,
945e1bba-bf4b-44d9-91e2-04a0a504e1cb,2026-04-02 03:56:05,224ed780-66c2-4b41-b977-7aeacc5327a3,Completely different sentence,,false,4,Wrong transcription,
9472f3bb-b14c-43e5-b5fe-675cb4989400,2026-04-02 03:56:05,501354c0-a8ca-4eef-b581-5b72180f32bb,The correct word to fill,,true,1,Proper grammar and meaning,
94906d55-cc2b-434e-a39d-78a123893017,2026-04-02 03:56:05,c08da966-28d3-4c88-887c-8b66d2ef8727,Correct sentence from audio,,true,1,Exactly as spoken,
94b696db-efba-4456-bf6a-b8079ec445a2,2026-04-02 03:56:05,c68e549c-3dd7-4cf7-b0b3-29817f81c5e1,Opposite of what was said,,false,3,Inverted meaning,
94c513d7-f1ec-40a0-b65f-17cd5c365fae,2026-04-02 03:56:05,bf5f433f-c52a-44fe-ae5b-8fb6e3ab7248,Wrong verb tense,,false,2,"Same word, wrong form",
94cceddb-97b0-4e10-89ff-342583bdf0d3,2026-04-02 03:56:05,8ccbc42a-52c5-4b55-9488-a0a38876f4cf,Common beginner mistake,,false,4,Typical error,
94ce986e-bd9c-4a4f-a25e-d82a4c66d7ef,2026-04-02 03:56:05,a48ea40c-668b-4bcd-98ac-d86047d6755a,Misses the context,,false,3,Does not answer the question,
95181c22-a0cb-4e96-9c12-bfc9ec79eb2e,2026-04-02 03:56:05,b455fbf9-929e-443b-803e-1b61d45aaf2f,Partially true but incomplete,,false,4,Half-correct answer,
9523dc2a-c47f-4fc3-8467-84f2dbd27c75,2026-04-02 03:56:05,6fcf5c79-4ebc-4255-b539-214eab35998d,Has spelling error,,false,2,Homophone confusion,
952c806b-2fdc-4211-8ea0-30cbc437c046,2026-04-02 03:56:05,88944cfe-4b59-46ff-a066-5becf0afb9da,Impolite or rude tone,,false,4,Wrong register,
9547c4ec-a482-4cd8-b729-f75afc2c7320,2026-04-02 03:56:05,020e3ff8-836a-41c5-99a5-adf8bc5c883f,Misses the context,,false,3,Does not answer the question,
9564e88b-1654-4b4e-9c07-934402f1d129,2026-04-02 03:56:05,d93400f8-f17c-415e-8ee2-b3857feb59f4,The speaker says this exactly,,true,1,Correct audio interpretation,
956c9738-e9f3-4378-baf4-66e223649662,2026-04-02 03:56:05,ad215b43-6b46-4e68-9392-c118e423fc62,The correct word to fill,,true,1,Proper grammar and meaning,
95a6cacb-fdd8-422d-91dc-da99955b4b71,2026-04-02 03:56:05,0c23b82a-93d7-4f85-9617-0f2d06f8ae4f,Common beginner mistake,,false,4,Typical error,
95b42743-5f60-4bcf-b778-e7f8f9bf78f3,2026-04-02 03:56:05,020e3ff8-836a-41c5-99a5-adf8bc5c883f,Natural and appropriate response,,true,1,Fits conversation flow,
95babdcb-28b1-4641-a0b4-0baef56c4ca8,2026-04-02 03:56:05,c39bf774-70c0-4cb9-a7cb-71390189ed30,Opposite meaning,,false,4,Antonym for this context,
95fbb623-8402-4847-b497-e6719ee12bbc,2026-04-02 03:56:05,f5de2f9e-26da-42c0-83dc-591c98f4e176,Sounds similar but different,,false,2,Similar pronunciation,
960236b4-75e3-4a75-aadc-5687bb63cf15,2026-04-02 03:56:05,6ffa7b9e-0e2a-4836-afca-99e2174b876b,Common beginner mistake,,false,4,Typical error,
960d1b66-ba7a-4fbb-b433-96cd39fc66a3,2026-04-02 03:56:05,ec4f84a7-2b52-4139-9517-52368ddc5113,Item C: English phrase,,true,3,Matches Vietnamese translation,pair_C
960d559d-d9b9-41d9-87ec-a2790318d890,2026-04-02 03:56:05,b3bec1c4-320c-4780-8e2b-09815d04131f,Has spelling error,,false,2,Homophone confusion,
96305214-563d-4756-9a27-d9737c25cd61,2026-04-02 03:56:05,aadd8255-497e-475b-818a-99e298875f9e,Item C: English phrase,,true,3,Matches Vietnamese translation,pair_C
9630ec4c-a1b1-48ad-85ce-3deeffb04e0e,2026-04-02 03:56:05,bbc2332f-ba27-42a4-aa1d-d13e381f1a7f,Item A: English phrase,,true,1,Matches Vietnamese translation,pair_A
966035ca-9dc4-4de9-89ba-a7d28d9683a9,2026-04-02 03:56:05,20b4a378-33e1-4310-924e-bdd4523e5f19,Item B: English phrase,,true,2,Matches Vietnamese translation,pair_B
9667aa13-df2c-46e9-af8a-f8916733fd02,2026-04-02 03:56:05,27fdb2dd-0456-4a62-bdbd-ca828d92872f,Opposite meaning,,false,3,Antonym in Vietnamese,
966bde71-85e7-4c8b-b811-058813d373e9,2026-04-02 03:56:05,bc07dd89-9936-4b56-bd2e-8214f82598cb,Item D: English phrase,,true,4,Matches Vietnamese translation,pair_D
967d2e07-6cf5-46a8-8092-facb5c173a29,2026-04-02 03:56:05,9b4b34f5-1ac5-48d0-b950-5848eed8bffa,False: not mentioned in text,,false,2,Misunderstanding,
967e204b-53bc-4611-9a6c-20c31818f93f,2026-04-02 03:56:05,982867ae-b1ed-49ea-b116-bbe34b3f7741,Has spelling error,,false,2,Homophone confusion,
96943373-4ef8-403a-afbf-bfbcdea316d2,2026-04-02 03:56:05,654f2406-55f4-49c6-a069-b93a661337d2,Item A: English phrase,,true,1,Matches Vietnamese translation,pair_A
96991349-f9c9-4df9-badd-184cf9a357b3,2026-04-02 03:56:05,abcdcfcb-2de2-49c5-aadb-c4d7b7fe1e03,Completely different,,false,4,Unrelated option,
96c06055-97cf-4416-99bf-4d97d32d0fcb,2026-04-02 03:56:05,55d2eb82-c7ac-40e5-b21c-a5259dacbb1c,Item C: English phrase,,true,3,Matches Vietnamese translation,pair_C
96d77f9b-ee83-4d8d-a184-4c89917d8989,2026-04-02 03:56:05,a0c56ae0-9957-4545-ab48-051daf1b1160,The speaker says this exactly,,true,1,Correct audio interpretation,
96f58d7a-b538-4e12-9857-b69295774fa2,2026-04-02 03:56:05,7a20715e-f557-4361-94c8-0a67f4a42e19,Partially true but incomplete,,false,4,Half-correct answer,
96ff0a27-0f29-455f-a2b6-a30599cac109,2026-04-02 03:56:05,4ac108ca-0334-40ff-ab30-ef7cfe412c14,Impolite or rude tone,,false,4,Wrong register,
970d01e8-099a-438d-b46a-bad817c63247,2026-04-02 03:56:05,b74f3cfc-422c-4301-8b25-ae33653f679a,Wrong verb tense,,false,2,"Same word, wrong form",
973359c1-c762-4543-a54f-112395bd2578,2026-04-02 03:56:05,2f0cf87b-46d0-4d0e-b0e1-1b481a9ba19b,Impolite or rude tone,,false,4,Wrong register,
97379c13-235a-4ef0-b7b3-e17e1b0e0b49,2026-04-02 03:56:05,5a34729f-500c-492b-9dd4-7849d0357f8f,True based on the passage,,true,1,Correct interpretation,
973cfe43-049b-420c-9ee5-45db4061e447,2026-04-02 03:56:05,01b0660d-80eb-4aa4-b4e9-c678f9b95f8e,True based on the passage,,true,1,Correct interpretation,
9754cf7d-5435-4565-a458-2e58c2bb1325,2026-04-02 03:56:05,a8efc791-34bd-41a3-8b04-c372a61315fb,Item B: English phrase,,true,2,Matches Vietnamese translation,pair_B
97696395-bc8d-4147-9b12-2a0d089219a6,2026-04-02 03:56:05,997fa180-cfdc-413b-9f9c-ca3f304e7bb3,The speaker says this exactly,,true,1,Correct audio interpretation,
9776c9d7-7741-473c-8afd-6aa9a53543c1,2026-04-02 03:56:05,8ae0cb0e-37b1-4dac-bad8-fe9e52c28be2,The speaker says this exactly,,true,1,Correct audio interpretation,
977c1134-4d51-477e-aa3a-5f66a7df6694,2026-04-02 03:56:05,507d5438-cdee-48dc-8064-62101fd35584,False: not mentioned in text,,false,2,Misunderstanding,
97a14738-bc80-432b-9597-8bf59bc3981e,2026-04-02 03:56:05,c230db1d-dfa0-40c3-bd1b-69ad1d24ca7b,Correct sentence from audio,,true,1,Exactly as spoken,
97aa2745-dc8a-418d-86b6-d577becca0ee,2026-04-02 03:56:05,4c583517-bf9b-452b-b746-93bdaead6e61,Wrong verb tense,,false,2,"Same word, wrong form",
97bb0cdf-cb54-4bbc-a3c5-ce551531aa08,2026-04-02 03:56:05,e7814f70-b76f-4fde-a11f-1e6aa748931d,The speaker says this exactly,,true,1,Correct audio interpretation,
97cd9f17-b9bb-4dc7-bbfa-503282be5b34,2026-04-02 03:56:05,c31710be-ff8e-45d5-9633-1af11c50c979,Grammatically incorrect,,false,2,Unnatural phrasing,
97d19127-e009-4ff3-b475-6858892cae0e,2026-04-02 03:56:05,67480ddb-4cf8-4d69-aaf4-b2df19683c80,True based on the passage,,true,1,Correct interpretation,
980f7160-063e-42a8-a463-6a9426549e35,2026-04-02 03:56:05,54d36cea-7f89-43e2-b277-a1c0b4b30237,Related topic from audio,,false,3,Context related but not stated,
9819d5ca-3c49-4c1a-a302-938ee87d11c3,2026-04-02 03:56:05,3e849b49-f6eb-4a7c-be96-13e4fb1bd231,Item C: English phrase,,true,3,Matches Vietnamese translation,pair_C
982cc185-03e0-47a2-9ddf-274b08537598,2026-04-02 03:56:05,32af518f-2290-4d76-80e2-b7415baa37ae,Opposite meaning,,false,3,Antonym in Vietnamese,
982f59f3-1cbc-4b64-be20-0e1875892663,2026-04-02 03:56:05,02b8a153-dcc6-4bb3-b7c7-df3733607cd4,Completely different sentence,,false,4,Wrong transcription,
983197a1-3da8-4223-aa15-26f3142c8f2c,2026-04-02 03:56:05,af80f9fe-fa7d-4373-909b-100502f59b3f,True based on the passage,,true,1,Correct interpretation,
9836b8a2-e80a-4e56-93cb-e04bcbbad2dc,2026-04-02 03:56:05,1c02e16f-f383-4be6-bc4c-4469442bfc13,Item A: English phrase,,true,1,Matches Vietnamese translation,pair_A
9876f743-63cb-4873-969f-f72f41bcfeb4,2026-04-02 03:56:05,e1d33698-6063-4eed-b14c-9672b676a374,Common beginner mistake,,false,4,Typical error,
987a3f35-bde9-41f7-bdf6-b5abdc3869fa,2026-04-02 03:56:05,aaf0b04d-3ac4-4edb-a655-2aa9e4235357,Impolite or rude tone,,false,4,Wrong register,
98ad3a61-0f01-4739-ab8d-838ba8a62816,2026-04-02 03:56:05,8db740c4-6124-4381-9bf3-09b86594a1e3,Item A: English phrase,,true,1,Matches Vietnamese translation,pair_A
98b3ed99-d7fc-4175-9b42-3bef00102510,2026-04-02 03:56:05,f1716aa4-c466-42cc-8c4e-1278b2c15bc7,Natural and appropriate response,,true,1,Fits conversation flow,
98b6d76f-40cc-4db7-9f3c-ba583e70bb96,2026-04-02 03:56:05,8c38fcca-c84f-470f-8af2-eeb1f40e386b,Opposite meaning,,false,4,Antonym for this context,
98ba0715-47d1-4011-8ca5-b3263abdc478,2026-04-02 03:56:05,84537b96-f888-4d0a-a05b-c974fb1f92be,English word translation,,true,1,Direct meaning from English,
98ca9fd8-b91c-4a1e-bc89-604b75b01ad4,2026-04-02 03:56:05,31bdfea8-4c25-4dc3-b348-c0ce9a67833f,Grammatically incorrect,,false,2,Unnatural phrasing,
98d14d4b-3477-4851-bc0f-47f6c572d48b,2026-04-02 03:56:05,4e976b8e-ac10-4038-a0bd-e27fbf4723f6,Sound-alike but wrong,,false,2,Phonetic confusion,
98fffdfb-6d0d-44d5-b6f1-0fbfa955a338,2026-04-02 03:56:05,050b4cfb-7fa4-4441-9850-9c19b8bc681d,Correct sentence from audio,,true,1,Exactly as spoken,
9944c2bc-fc8a-4420-8339-220395078502,2026-04-02 03:56:05,31dc2bfe-233a-42dc-ae15-203763c3e732,Opposite meaning,,false,3,Antonym in Vietnamese,
995edd03-16ab-4906-a090-16b671b7339a,2026-04-02 03:56:05,73300be4-bd9d-45f0-adc3-90c30f4b1f7a,Misses the context,,false,3,Does not answer the question,
99672f8d-adc5-4478-b7ed-09f0078f6abc,2026-04-02 03:56:05,a4e75285-8fb7-4645-87a1-973a01a9dfb8,Wrong verb tense,,false,2,"Same word, wrong form",
997d0778-6799-4f24-a9a1-a5a4ef7623bf,2026-04-02 03:56:05,c183ef1f-783d-4809-bc99-bfb3b648879a,English word translation,,true,1,Direct meaning from English,
999036c7-5258-4b12-9cce-91ef7cb3d327,2026-04-02 03:56:05,08344a86-2d4e-4aba-a121-66e08a9374c6,Opposite of what was said,,false,3,Inverted meaning,
99b4fea3-acf5-4e78-b32d-d4174c398758,2026-04-02 03:56:05,64ebce11-3b8c-4ffb-bf27-7e7e9ff1da49,Natural and appropriate response,,true,1,Fits conversation flow,
99db9e41-0052-4a69-82e9-6a546395a4ee,2026-04-02 03:56:05,c9240f71-afd1-4cb7-89bd-60425dcc5910,Item B: English phrase,,true,2,Matches Vietnamese translation,pair_B
99f5dd9f-51b9-424f-8e7d-70566c1a260e,2026-04-02 03:56:05,1112cba9-df8d-4a1a-ad2f-9b081fde3445,The speaker says this exactly,,true,1,Correct audio interpretation,
9a138b5b-f41a-4fbf-be20-f508f5ac4ed6,2026-04-02 03:56:05,2a81b8e0-a112-45d5-9b87-03bbfb36cb75,Opposite meaning,,false,4,Antonym for this context,
9a1b669d-d64c-414c-8474-98dde0bdd224,2026-04-02 03:56:05,1b775e46-c7bc-4dae-af4c-d4c1ffd05eff,Item C: English phrase,,true,3,Matches Vietnamese translation,pair_C
9a2034f4-49a8-49e5-b9d8-4fbde28dd7fc,2026-04-02 03:56:05,362c6cc6-9f53-40cb-8357-bcc01aacbd5a,Has spelling error,,false,2,Homophone confusion,
9a253287-c517-4bd4-ae2d-ae7e8b016ae5,2026-04-02 03:56:05,517538f0-d4c3-4b25-b9a6-0d3262e4e462,Grammatically incorrect,,false,2,Unnatural phrasing,
9a52e36f-2c4e-40c1-bc30-7304e654f5dd,2026-04-02 03:56:05,3db1fda9-e71f-4441-bb1d-172aca5fc7f3,Opposite meaning,,false,4,Antonym for this context,
9a73097e-3f58-4a8d-93fc-bd01627b118f,2026-04-02 03:56:05,e9e68ad1-6e37-4054-a342-6cf93d44e4c7,English word translation,,true,1,Direct meaning from English,
9a8da4a0-2018-4a34-ac51-908b12890dc1,2026-04-02 03:56:05,dd74314f-1f3e-4caf-a85b-c00ac35deab1,Has spelling error,,false,2,Homophone confusion,
9ac02da0-c925-44cb-9a54-d4c912002ce6,2026-04-02 03:56:05,8b5aeb31-105c-4245-bca3-b3fdd07828b2,Natural and appropriate response,,true,1,Fits conversation flow,
9ac05a24-3b13-4bd5-a9c2-f1b555f867e2,2026-04-02 03:56:05,ac9a682b-c385-414f-8769-69e39839a111,The speaker says this exactly,,true,1,Correct audio interpretation,
9ac1e447-c703-447e-9398-e245fc63d1c2,2026-04-02 03:56:05,c31710be-ff8e-45d5-9633-1af11c50c979,Misses the context,,false,3,Does not answer the question,
9adaaef2-b831-4d80-a3a5-af5d0208ef28,2026-04-02 03:56:05,3e22cdfa-3d8c-439e-a19b-fcb2f650899b,True based on the passage,,true,1,Correct interpretation,
9ae96998-c397-45d9-aac9-5fab8476dfc6,2026-04-02 03:56:05,f6161149-e8a8-422a-9f24-1210ea9734e3,Completely different,,false,4,Unrelated option,
9aec5c3e-ad14-4872-a651-42405cf65ac4,2026-04-02 03:56:05,4a7d9252-4483-467f-bcbc-83147d0c5a42,Natural and appropriate response,,true,1,Fits conversation flow,
9aee90c0-169d-413a-9ac2-e6572c326bdd,2026-04-02 03:56:05,16c2f7c5-7074-4e50-8721-8ac35d563e1e,Wrong verb tense,,false,2,"Same word, wrong form",
9afed497-837a-47b1-80b6-b30842fcff83,2026-04-02 03:56:05,8c3f4e51-53c2-4f1b-b382-637cfe4ae468,Completely different,,false,4,Unrelated option,
9b01da31-aac0-4b57-91af-959601bfd8e8,2026-04-02 03:56:05,845b35f4-0b17-4866-a610-567f7f4453e1,Opposite of what was said,,false,3,Inverted meaning,
9b0c99ee-8c83-4d87-b9f7-d9376c4a466f,2026-04-02 03:56:05,6861d014-e835-4054-bee3-a11cc5e96fd0,True based on the passage,,true,1,Correct interpretation,
9b18e568-d0db-4a90-9704-09d36d5c06b0,2026-04-02 03:56:05,535d870c-2269-492c-a5b8-88051baeaa4c,Common beginner mistake,,false,4,Typical error,
9b1ed747-05ea-4e92-9465-9b528bb7a59a,2026-04-02 03:56:05,f092e5c8-bd64-4ac2-bba4-4c738c58d533,Item A: English phrase,,true,1,Matches Vietnamese translation,pair_A
9b2d7ddc-66b9-4bdc-be28-a6bef66d2a28,2026-04-02 03:56:05,8f7dfc78-ae54-42c0-972c-18f5e2d9bcbb,Similar sounding sentence,,false,3,Auditory similarity,
9b3175a2-8d80-4bc0-9142-60c526572183,2026-04-02 03:56:05,d7d516bd-7bc9-4713-9ae2-cb9983a1177d,Item B: English phrase,,true,2,Matches Vietnamese translation,pair_B
9b581852-c59a-425a-9a14-8396ef1f26b3,2026-04-02 03:56:05,f04fc449-6f17-4a79-8945-dc72803e0760,Opposite of what was said,,false,3,Inverted meaning,
9b5ac027-436e-4104-9f8b-7cc915deb6b5,2026-04-02 03:56:05,2f8570ff-139f-421c-b56e-041aa41dd668,Different part of speech,,false,3,Noun instead of verb,
9b7bd721-b7ea-4f19-8716-1fb68d391316,2026-04-02 03:56:05,7221d78c-2232-4d1b-b0ee-5e7679e8157a,Partially true but incomplete,,false,4,Half-correct answer,
9babfe2f-10b9-4357-85c1-378f4071c9f2,2026-04-02 03:56:05,bc05cf7e-bdd8-4e46-8f52-1c84297b26ad,Opposite meaning,,false,4,Antonym for this context,
9bb2e416-9bd9-497a-ab27-9abe25616f80,2026-04-02 03:56:05,5a0f782d-1233-42c9-8453-c8360859b1a1,False: not mentioned in text,,false,2,Misunderstanding,
9c4f3243-2f8b-4008-972f-0c779d92b8af,2026-04-02 03:56:05,f944769c-10c9-4c49-b129-648b1dcf2ea6,Item D: English phrase,,true,4,Matches Vietnamese translation,pair_D
9c573d73-5c84-48b6-9e6a-c0f8afd43ef2,2026-04-02 03:56:05,b552ec49-6f41-4954-86e9-99a8ec53b027,Sound-alike but wrong,,false,2,Phonetic confusion,
9c60e1f5-bf47-49eb-901e-2210336908be,2026-04-02 03:56:05,2d272a53-eb4d-4b7c-8924-0d1da01383f3,Common beginner mistake,,false,4,Typical error,
9c640bb6-a708-4a9c-831b-6b7172d5ad48,2026-04-02 03:56:05,85dcafd3-e495-464a-ba20-71decd275c65,Correct sentence from audio,,true,1,Exactly as spoken,
9c797366-bbc6-4f2e-95b8-c236282d2049,2026-04-02 03:56:05,b08ebe34-bdc4-4596-b0d6-e929b422625b,Grammatically incorrect,,false,2,Unnatural phrasing,
9c7e5ea8-5587-4fc9-9ccf-5dc9bd6a7696,2026-04-02 03:56:05,8d3c95ce-217e-4533-8759-74c6082e82bd,Sound-alike but wrong,,false,2,Phonetic confusion,
9cb8bef7-2d80-4200-9a03-302f50a5ee27,2026-04-02 03:56:05,efb64706-0cb8-4ce7-9778-0c15339d329a,Grammatically incorrect,,false,2,Unnatural phrasing,
9cbb377d-2ea4-4d0a-97b1-38fc6c70beca,2026-04-02 03:56:05,ec86125b-b6e8-448d-a2eb-f92858072f3d,Has spelling error,,false,2,Homophone confusion,
9cc0985d-b3c1-4a80-b1f8-4766db2d669d,2026-04-02 03:56:05,85003893-2851-48ba-b260-597942cdfc45,Completely different sentence,,false,4,Wrong transcription,
9cc633fc-459a-45eb-9306-d576dd461f2d,2026-04-02 03:56:05,74dd0829-de8e-4eb0-a876-54aaa6934569,Item A: English phrase,,true,1,Matches Vietnamese translation,pair_A
9cd79a76-993c-48e7-9603-b06536d0d779,2026-04-02 03:56:05,db90c799-0ddd-41d3-95bc-92b23f61fc89,Opposite meaning,,false,3,Antonym in Vietnamese,
9cdec1e1-46b8-4c8a-ac64-3942809aac94,2026-04-02 03:56:05,4ae2b638-4593-410a-b440-4410092f7a62,Item B: English phrase,,true,2,Matches Vietnamese translation,pair_B
9ce9d190-266b-4550-9c7d-bc9dde943cb4,2026-04-02 03:56:05,46b8b76b-146e-41d4-b925-687a17ed9424,Related topic from audio,,false,3,Context related but not stated,
9cf39b14-698d-458b-a946-85ba4561be53,2026-04-02 03:56:05,53f06b75-9cf4-4f93-927b-b48bafce71ec,Partially true but incomplete,,false,4,Half-correct answer,
9cf91ec4-7435-4ea5-9b61-fc2c00c5c796,2026-04-02 03:56:05,1be0d781-fef8-49c8-b6d0-4ccfa5f8ace4,Correct sentence from audio,,true,1,Exactly as spoken,
9cfab3f8-eed2-466b-a8af-9c498e5b6e8d,2026-04-02 03:56:05,f092e5c8-bd64-4ac2-bba4-4c738c58d533,Item D: English phrase,,true,4,Matches Vietnamese translation,pair_D
9d1772d2-aba4-40eb-9710-82aec33c3bf0,2026-04-02 03:56:05,845b35f4-0b17-4866-a610-567f7f4453e1,False: not mentioned in text,,false,2,Misunderstanding,
9d276dd6-bdf2-4ab7-bb39-9017fa7e7940,2026-04-02 03:56:05,aa746dac-8a45-4524-866b-2a2b6a460b0e,The correct word to fill,,true,1,Proper grammar and meaning,
9d389c3d-0ead-4123-afe2-552fa264a64c,2026-04-02 03:56:05,a62ff6d3-38f4-49ea-85c5-e075d6e6fa67,Natural and appropriate response,,true,1,Fits conversation flow,
9d3f25dc-d0f4-4d91-ab0c-55c7abe72097,2026-04-02 03:56:05,4e84a37c-da02-4f06-8c2e-47113c67a658,The speaker says this exactly,,true,1,Correct audio interpretation,
9d4d13b0-3eb8-4bcf-9232-20d94c18c995,2026-04-02 03:56:05,bd323f38-0d71-423e-8097-8d0dbc177d58,Opposite meaning,,false,4,Antonym for this context,
9d9727cc-6ce3-4f14-90c9-62bf75642cde,2026-04-02 03:56:05,aa746dac-8a45-4524-866b-2a2b6a460b0e,Different part of speech,,false,3,Noun instead of verb,
9d9729ca-87f2-482e-8d50-50554bbf22ea,2026-04-02 03:56:05,85b47e59-38df-494a-babd-1e3e724496f7,Sounds similar but different,,false,2,Similar pronunciation,
9dad9167-fc38-46c1-a9bb-0dcbdf05cbe8,2026-04-02 03:56:05,5343b8c0-152f-4c8d-b73d-efc898d2fb46,Item D: English phrase,,true,4,Matches Vietnamese translation,pair_D
9dbae9ae-332f-4029-85fc-f95658fe3d3a,2026-04-02 03:56:05,9ec55751-a649-492f-a271-972741db8412,Item A: English phrase,,true,1,Matches Vietnamese translation,pair_A
9dc0d381-0800-4c4e-9cad-dbd297449e45,2026-04-02 03:56:05,cada8ae6-4767-42d3-8bc3-bcde6a823f52,Item D: English phrase,,true,4,Matches Vietnamese translation,pair_D
9dc4187f-d7ed-4d44-9f2b-ef9575b5db42,2026-04-02 03:56:05,654f2406-55f4-49c6-a069-b93a661337d2,Item C: English phrase,,true,3,Matches Vietnamese translation,pair_C
9e005d53-b8b6-4626-9d81-c228a3055ede,2026-04-02 03:56:05,d42783e2-2d62-4fcc-a5ba-971435af2996,Opposite of what was said,,false,3,Inverted meaning,
9e0b389a-efbd-489a-8b1b-dabf848fb2c4,2026-04-02 03:56:05,1be8863e-e823-49df-8e44-68c9b8c8f167,Sounds similar but different,,false,2,Similar pronunciation,
9e224404-e37b-4ee5-a41c-e189e3b6ecff,2026-04-02 03:56:05,2e1940c6-48dd-44ee-9401-715aeade4b0c,Item D: English phrase,,true,4,Matches Vietnamese translation,pair_D
9e302e35-2279-42ab-8dc6-4d71b3f23432,2026-04-02 03:56:05,2c9e8b8f-3c6b-4ba0-a3e1-34a4644c1714,Common beginner mistake,,false,4,Typical error,
9e3941b7-6b5a-44c6-b2db-1f372c8063b7,2026-04-02 03:56:05,2bb51f58-f3b9-4523-8413-7c7aafd2148b,Impolite or rude tone,,false,4,Wrong register,
9e74f70b-da19-43f5-ae39-cf34de8e55f8,2026-04-02 03:56:05,9bdab168-2f2c-4c20-aa28-0487a4978d67,False: not mentioned in text,,false,2,Misunderstanding,
9e8b01ab-a2d4-4c33-99cf-282351934d1e,2026-04-02 03:56:05,3c904bc0-f5f5-4433-849c-09e1db2f1832,Opposite of what was said,,false,3,Inverted meaning,
9e9462a2-9994-46ac-8059-d90e4a45ff6f,2026-04-02 03:56:05,910af6a8-2050-4853-892d-43ebd68af46a,Different part of speech,,false,3,Noun instead of verb,
9e9e3432-8196-4ad2-9aba-76108fb1849c,2026-04-02 03:56:05,c183ef1f-783d-4809-bc99-bfb3b648879a,Opposite meaning,,false,3,Antonym in Vietnamese,
9ea12437-a8e3-4dba-ae28-e53752978ae7,2026-04-02 03:56:05,a042d761-6a5b-49e3-ada2-ff1aee3dbfc1,Different part of speech,,false,3,Noun instead of verb,
9eb81b76-8dec-4b6b-a06d-374f8678396e,2026-04-02 03:56:05,1e99ab3c-2546-433e-9fd1-1fd82bc5576d,Completely different sentence,,false,4,Wrong transcription,
9ed5e519-cc8f-43cb-870a-b7e804fd5680,2026-04-02 03:56:05,73be686d-c5ca-497e-a87c-2d2fdcae20b1,Impolite or rude tone,,false,4,Wrong register,
9ef28b7b-a513-4eba-87b0-c9c534ea8134,2026-04-02 03:56:05,2017620a-43af-47bd-a735-f02df0e605a5,Similar sounding sentence,,false,3,Auditory similarity,
9f07f175-00d2-479f-9f22-a85c08fa7fcf,2026-04-02 03:56:05,97098821-fa70-4be5-8958-09d63f833715,Sound-alike but wrong,,false,2,Phonetic confusion,
9f09939a-16d3-431a-91b4-1500822617d3,2026-04-02 03:56:05,4be6f19f-398b-46c0-97f9-45490ca5b185,Different part of speech,,false,3,Noun instead of verb,
9f12bea0-3ad4-4d11-888c-34313f153a4c,2026-04-02 03:56:05,2d8eb3be-51db-4248-9689-554ba529a31e,Related topic from audio,,false,3,Context related but not stated,
9f1383e4-a195-479e-8dc9-d080c3a00461,2026-04-02 03:56:05,3e22cdfa-3d8c-439e-a19b-fcb2f650899b,Partially true but incomplete,,false,4,Half-correct answer,
9f5225f9-5e3c-454e-b485-f4d853cce3cf,2026-04-02 03:56:05,94c5919a-611e-4831-a5d0-21dbd1f27163,Natural and appropriate response,,true,1,Fits conversation flow,
9f6f8df1-c302-4ac9-9833-19f083d11063,2026-04-02 03:56:05,74fe2a39-8b72-497b-a5a8-eb09b565dbea,Impolite or rude tone,,false,4,Wrong register,
9f81bb06-7265-4d12-bbd1-7359785e9a5b,2026-04-02 03:56:05,0ce7b89c-44d9-4a93-a763-fedb738680b0,Opposite meaning,,false,4,Antonym for this context,
9f8e7ac1-f193-433b-87c7-d72f1e0eb842,2026-04-02 03:56:05,ecc5b893-1ee8-4c47-ae4e-25d017b7afa4,Partially true but incomplete,,false,4,Half-correct answer,
9fa2372c-c85e-4c53-b13d-789a320edf74,2026-04-02 03:56:05,5e1df709-072d-452b-a567-1d7130e23985,Opposite of what was said,,false,3,Inverted meaning,
9fa51125-33f7-4337-8b9e-84bfbb053f34,2026-04-02 03:56:05,dd8de3be-8c81-4d3a-86dc-ba45e357cf5b,Impolite or rude tone,,false,4,Wrong register,
9faad857-e2bf-4197-b005-20a48711b4de,2026-04-02 03:56:05,4f723733-abdd-40ad-85ab-fa4dfc60a874,Completely different,,false,4,Unrelated option,
9fb5a9fa-4b78-4a8d-aac1-5ce9583eff0d,2026-04-02 03:56:05,3db1fda9-e71f-4441-bb1d-172aca5fc7f3,The correct word to fill,,true,1,Proper grammar and meaning,
9fc83f07-e8fe-4bfb-b50e-aeb0635e689b,2026-04-02 03:56:05,c94e1672-a66e-41f7-86e4-9ce013161b88,Opposite meaning,,false,4,Antonym for this context,
9fd34bf0-630e-48dc-b244-1bef5184ad91,2026-04-02 03:56:05,cb0a40db-bb4d-4ab6-bf13-05fc298f915b,Opposite meaning,,false,3,Antonym in Vietnamese,
9fd38255-0159-49d9-b1f6-572be734a705,2026-04-02 03:56:05,ff6787af-075a-4069-8003-ecfe69436573,Item D: English phrase,,true,4,Matches Vietnamese translation,pair_D
9fd73d05-82ea-42ed-97c4-0cc7570400cf,2026-04-02 03:56:05,9e4ba257-9f41-4717-9e45-41c601014524,Item C: English phrase,,true,3,Matches Vietnamese translation,pair_C
9feabe8a-6666-4ea7-9ceb-e445445369ba,2026-04-02 03:56:05,67b58bff-9fca-4540-9cb4-e9b194c32dca,Item B: English phrase,,true,2,Matches Vietnamese translation,pair_B
9ff5c933-b8e7-4af3-96d2-5573ba35af5f,2026-04-02 03:56:05,d3e98a01-04e5-4924-97ea-fb0d47a468e8,Natural and appropriate response,,true,1,Fits conversation flow,
a00c1687-f2ae-4912-ae0c-dfd3252feac1,2026-04-02 03:56:05,f092e5c8-bd64-4ac2-bba4-4c738c58d533,Item C: English phrase,,true,3,Matches Vietnamese translation,pair_C
a00da951-d1be-42ef-80ed-77974ad26030,2026-04-02 03:56:05,3d3223e9-c75d-46fe-b467-4f13427a8417,Has spelling error,,false,2,Homophone confusion,
a010346f-ff8a-478c-ba67-b65506f051aa,2026-04-02 03:56:05,dfcffcc4-99d7-4fb7-9134-5d626a132287,False: not mentioned in text,,false,2,Misunderstanding,
a02b75e7-4ef7-4e0e-adf1-99244060b127,2026-04-02 03:56:05,28420bd6-ea07-4be4-a5d0-8da88e39c26f,Natural and appropriate response,,true,1,Fits conversation flow,
a02fafe5-1238-416c-ad31-8e1cde90347f,2026-04-02 03:56:05,5c6b052c-f7bd-4204-8a15-053bbeae220e,Different part of speech,,false,3,Noun instead of verb,
a0389f60-bf7c-440b-b56e-6d2c77b89f04,2026-04-02 03:56:05,11040287-752b-4512-b683-4f240d088721,Has spelling error,,false,2,Homophone confusion,
a066e4a0-1bed-42b0-897a-14b21cf21b11,2026-04-02 03:56:05,27b07666-c280-4ef7-aba1-8558fab15f6b,Impolite or rude tone,,false,4,Wrong register,
a0809fa3-71bf-4cd5-8c3d-20614d99dfad,2026-04-02 03:56:05,aaeca2f1-3476-40fa-a4f3-f4814835e555,Completely different,,false,4,Unrelated option,
a095a71e-0e81-46fb-a7bc-b12cc7ffce92,2026-04-02 03:56:05,7dd810b2-5c04-4c73-aa07-cacaa6899759,Grammatically incorrect,,false,2,Unnatural phrasing,
a099bec5-f686-4c8d-b1a6-9fe4e0b0e24c,2026-04-02 03:56:05,00ac25de-d5a8-410b-8834-590a16aa5ab5,Completely different sentence,,false,4,Wrong transcription,
a0d55795-6c36-4b88-b8a4-e6d1cfbd9fb8,2026-04-02 03:56:05,b08ebe34-bdc4-4596-b0d6-e929b422625b,Natural and appropriate response,,true,1,Fits conversation flow,
a0ec0834-5c20-49f9-82f1-56ad315476f7,2026-04-02 03:56:05,c8e1087f-5029-465e-b360-9cd3b97d4d31,Different part of speech,,false,3,Noun instead of verb,
a110dda1-7ae7-4e69-9bda-24fd83a0bacb,2026-04-02 03:56:05,ccff1135-7a99-4697-b29d-172f13c1b6b2,Completely different sentence,,false,4,Wrong transcription,
a12fb77d-5060-4704-ad33-ef9fc8ca0cf5,2026-04-02 03:56:05,e746be04-324c-4e65-8559-c09bb289ba14,Common beginner mistake,,false,4,Typical error,
a14f5ddd-6d8c-4a96-98e0-321f42d3ffc7,2026-04-02 03:56:05,aeeb7b1f-a10e-4704-bc2a-7b8b22da1b85,Item D: English phrase,,true,4,Matches Vietnamese translation,pair_D
a151ecde-a2fc-4028-94e9-76ee705ddcfe,2026-04-02 03:56:05,e1d33698-6063-4eed-b14c-9672b676a374,English word translation,,true,1,Direct meaning from English,
a153d56d-825b-48de-96d1-8275d44bba37,2026-04-02 03:56:05,e7e63666-b372-458b-9ef6-081ba65ec245,Sound-alike but wrong,,false,2,Phonetic confusion,
a154bb68-5c07-47c7-9cba-8f9b6424e585,2026-04-02 03:56:05,f48d2c06-a133-4ab0-946c-29ae4c16566e,Sound-alike but wrong,,false,2,Phonetic confusion,
a1832688-ea31-47c5-a3b7-ff8dc7a2b8b9,2026-04-02 03:56:05,c90b7e32-0a39-4426-9001-4b6862858a12,Opposite of what was said,,false,3,Inverted meaning,
a1853e7d-3069-4b15-aa97-cb20c49ad296,2026-04-02 03:56:05,d61e97fa-92b8-4157-a426-81f996272177,Sound-alike but wrong,,false,2,Phonetic confusion,
a19d16e3-7050-47c4-8568-c64ca775d89f,2026-04-02 03:56:05,ec4f84a7-2b52-4139-9517-52368ddc5113,Item D: English phrase,,true,4,Matches Vietnamese translation,pair_D
a1a98056-ba8a-4018-97f4-efa64fb5807c,2026-04-02 03:56:05,bc39b6ad-09dc-426c-82c9-f014a5aaa449,Related topic from audio,,false,3,Context related but not stated,
a1b2fef0-2762-4a3c-8071-f7995d48ebf1,2026-04-02 03:56:05,edd7e515-2988-4e2c-ae9b-91bb8e9eca8d,Partially true but incomplete,,false,4,Half-correct answer,
a1d8f2c1-a169-4dd7-a113-ab4a74047c46,2026-04-02 03:56:05,75fcb20a-ed52-4c8a-b766-7c67e5d87f63,Correct sentence from audio,,true,1,Exactly as spoken,
a1dc0143-d802-469f-8199-dddac2c843cb,2026-04-02 03:56:05,7f7bb9cd-8c7d-410e-9444-a790d580b6be,Grammatically incorrect,,false,2,Unnatural phrasing,
a1dea9cf-d4bc-4d49-9905-2cc6a9e0a0eb,2026-04-02 03:56:05,ce2d8e1a-2172-45c7-9607-60ae775468cb,The speaker says this exactly,,true,1,Correct audio interpretation,
a1dfc382-11b0-4772-b76b-595a9a14bcb7,2026-04-02 03:56:05,8eec9b6c-3325-4b87-80b3-718f8b677f19,Item C: English phrase,,true,3,Matches Vietnamese translation,pair_C
a1e3a4e3-b3a7-4168-9b09-63ae853a68c9,2026-04-02 03:56:05,d93400f8-f17c-415e-8ee2-b3857feb59f4,Completely different,,false,4,Unrelated option,
a1f7994e-be5e-4bc3-b1ee-6696167a6096,2026-04-02 03:56:05,53f06b75-9cf4-4f93-927b-b48bafce71ec,False: not mentioned in text,,false,2,Misunderstanding,
a20498f8-a61b-4fc9-abd9-03068d51556a,2026-04-02 03:56:05,2caf7974-3666-49c2-ac62-980a65ebe52d,Opposite meaning,,false,4,Antonym for this context,
a208a0b2-252f-437e-8787-94ad4b8bc53d,2026-04-02 03:56:05,bf8bf6fc-22c9-4fde-ab93-adb790c65843,Completely different sentence,,false,4,Wrong transcription,
a21bb7dc-cd5d-4f65-b910-5f3b5beecbdb,2026-04-02 03:56:05,a2a12736-ec00-4a07-a9ed-5a73d435fdd9,English word translation,,true,1,Direct meaning from English,
a23158c0-dcc0-49e1-889c-13f7af2d769f,2026-04-02 03:56:05,2b96ec93-315b-481d-8e45-9063aca272fe,Opposite meaning,,false,4,Antonym for this context,
a2414278-64d3-4975-b837-74dcbf628f45,2026-04-02 03:56:05,76c10e3f-fdfa-490a-84cd-2550342e47f9,Completely different,,false,4,Unrelated option,
a24d9c84-3159-4192-ac50-3ea08831ccc7,2026-04-02 03:56:05,1bd9caf9-843a-4c4c-bdd7-20dee56b5c90,Impolite or rude tone,,false,4,Wrong register,
a2557061-12fb-4543-8b4a-aca5f00320c5,2026-04-02 03:56:05,71758483-f1a8-43ca-944c-3ba0976cf582,False: not mentioned in text,,false,2,Misunderstanding,
a27e5cda-b5ac-4fa3-8210-0a544fb9f77a,2026-04-02 03:56:05,648a84ef-045c-402b-9c52-5d710a45aeab,Grammatically incorrect,,false,2,Unnatural phrasing,
a2820a7d-3d82-4868-9eba-e6fe19c53070,2026-04-02 03:56:05,af80f9fe-fa7d-4373-909b-100502f59b3f,False: not mentioned in text,,false,2,Misunderstanding,
a2ac8368-f8f3-4192-934d-04d7d6dd8cf5,2026-04-02 03:56:05,c5acf0d6-9710-412c-913c-6472a0c2a3b4,Misses the context,,false,3,Does not answer the question,
a2aca252-012b-422f-aecc-8e87628b895a,2026-04-02 03:56:05,cc240c40-310c-46bc-b5ae-fd30b0bdb7c7,Opposite meaning,,false,3,Antonym in Vietnamese,
a2b94f3d-b461-4258-b65e-a74407d1c272,2026-04-02 03:56:05,29e10fc9-0f4b-4c5d-88a9-cf1756366f93,Correct sentence from audio,,true,1,Exactly as spoken,
a2bceb34-930e-47d2-95b2-c309b447a6d5,2026-04-02 03:56:05,8ae0cb0e-37b1-4dac-bad8-fe9e52c28be2,Related topic from audio,,false,3,Context related but not stated,
a2ee65ad-1022-4876-b574-c02075a3679a,2026-04-02 03:56:05,33083951-353a-4071-bc3c-895d266cc8ee,True based on the passage,,true,1,Correct interpretation,
a315e287-1e8e-4258-822f-41fb33df3d56,2026-04-02 03:56:05,5b3a10c1-4a00-4549-bf32-042cc8e096dd,Misses the context,,false,3,Does not answer the question,
a31606d8-2b53-42f8-95c9-34d7be27edfc,2026-04-02 03:56:05,dfb54600-a0f4-4bee-b92b-e3a5ab12ca29,The speaker says this exactly,,true,1,Correct audio interpretation,
a32541f5-5601-49e8-ac24-6967d31f8fb8,2026-04-02 03:56:05,12d74268-6843-468d-9bbe-96d1f2cd6c85,False: not mentioned in text,,false,2,Misunderstanding,
a3351ee5-bd52-4a64-9dd1-26722c541953,2026-04-02 03:56:05,b3fa8928-fd11-48dd-9f5f-3df3e512d853,Misses the context,,false,3,Does not answer the question,
a342c0bc-f742-4fb1-b64e-65bc8441f9b6,2026-04-02 03:56:05,daa324f2-a5e9-403e-838b-aa55fe360336,Natural and appropriate response,,true,1,Fits conversation flow,
a360d91b-4f3e-419d-9aa1-d9fc53267cd5,2026-04-02 03:56:05,04f524bf-91bc-45f6-a8aa-1f3bfb7f4dac,Completely different sentence,,false,4,Wrong transcription,
a3742133-ed85-4a62-ba55-5bb12bf6989b,2026-04-02 03:56:05,7221d78c-2232-4d1b-b0ee-5e7679e8157a,False: not mentioned in text,,false,2,Misunderstanding,
a377e9a2-7a7c-49e9-96a4-a4c11c67a016,2026-04-02 03:56:05,ec4db472-8235-466b-aef1-ffe68b2efa33,Completely different sentence,,false,4,Wrong transcription,
a3863257-1d8d-4e71-b631-8a6c499870f2,2026-04-02 03:56:05,ace338cd-3be6-477a-b0bb-555b69281027,Item B: English phrase,,true,2,Matches Vietnamese translation,pair_B
a3b31fad-5593-4fb1-8b1d-b0a7577817bb,2026-04-02 03:56:05,350b1821-43a2-4a1c-a158-7c1cb2b00496,Grammatically incorrect,,false,2,Unnatural phrasing,
a3dfe242-326b-4d1b-8999-0ac108411fc7,2026-04-02 03:56:05,01b0660d-80eb-4aa4-b4e9-c678f9b95f8e,Opposite of what was said,,false,3,Inverted meaning,
a3f2c8f0-d8aa-4636-9b86-27787ca9a081,2026-04-02 03:56:05,d80adcc3-3441-469c-bcc2-a5f03996dec4,True based on the passage,,true,1,Correct interpretation,
a3f4f13e-dfbc-4032-98ee-b4356fa042e0,2026-04-02 03:56:05,e4730f8e-a7a0-490f-8c83-03a6672673ed,The speaker says this exactly,,true,1,Correct audio interpretation,
a429bb5e-8b4f-454b-a076-5de2e202b69e,2026-04-02 03:56:05,8d59de9f-626f-471c-b9ee-32f001f7dd91,Completely different,,false,4,Unrelated option,
a4430967-3cf9-4fab-89fe-4a546dd7a9a9,2026-04-02 03:56:05,2907d8bd-fe4e-4461-81ae-81b121c2ca70,Correct sentence from audio,,true,1,Exactly as spoken,
a45423e7-4bb8-4796-9633-173394cde396,2026-04-02 03:56:05,5abaa209-ba2d-409d-b355-943e8f239106,Opposite meaning,,false,4,Antonym for this context,
a457ae4b-dd22-4fcc-9905-ac7439f5cdd9,2026-04-02 03:56:05,67b58bff-9fca-4540-9cb4-e9b194c32dca,Item D: English phrase,,true,4,Matches Vietnamese translation,pair_D
a4608b96-f1e7-4e21-8b76-a959af21e87c,2026-04-02 03:56:05,21fe5591-b311-41cf-94a7-b9ee1a9c1651,Common beginner mistake,,false,4,Typical error,
a463c1f8-0750-46c5-bf3e-9cd8807b0fe4,2026-04-02 03:56:05,abcdcfcb-2de2-49c5-aadb-c4d7b7fe1e03,Related topic from audio,,false,3,Context related but not stated,
a47cd31f-798b-40a3-9aab-d605c090fa79,2026-04-02 03:56:05,8adc5188-d58a-4070-8112-c89245c181e7,Partially true but incomplete,,false,4,Half-correct answer,
a49d7f0f-96f2-4d36-b7d9-296fe3ab0471,2026-04-02 03:56:05,95c5ceee-c1c3-4f91-b845-37a69234bc7a,Partially true but incomplete,,false,4,Half-correct answer,
a4a4da90-a1dd-4921-85c3-36b086e368f4,2026-04-02 03:56:05,4dd2f9e8-bfee-488a-97de-73fa17717829,Item A: English phrase,,true,1,Matches Vietnamese translation,pair_A
a4cc1b79-f6c7-447f-97f5-38ff01969af3,2026-04-02 03:56:05,1beb311e-76d9-4dbf-ba35-9108f6fb1937,Has spelling error,,false,2,Homophone confusion,
a4d6603d-7896-4f51-b35b-d571295d4927,2026-04-02 03:56:05,13a09ebc-6b34-4577-8ac7-bc2ba3a87caa,Sounds similar but different,,false,2,Similar pronunciation,
a51b87c6-5dda-4e2b-bf07-d217ddaf422d,2026-04-02 03:56:05,f167e0c9-1235-446b-8cfe-c22f257bc74d,The speaker says this exactly,,true,1,Correct audio interpretation,
a5247332-1264-4558-a0ad-06038ca816cc,2026-04-02 03:56:05,520c82d5-806b-46ac-94d4-898b55fe41c9,Wrong verb tense,,false,2,"Same word, wrong form",
a5323209-1909-4158-bd21-b2fd709d87dd,2026-04-02 03:56:05,71956462-98e9-45d9-bda7-e893530a720d,The speaker says this exactly,,true,1,Correct audio interpretation,
a5337aa9-fc05-4cff-b816-6598a167e5b0,2026-04-02 03:56:05,8d9404d0-2f81-46ca-bace-ce15c993f5e9,English word translation,,true,1,Direct meaning from English,
a53959bf-810b-44c2-8b94-00a191fbf03d,2026-04-02 03:56:05,75fcb20a-ed52-4c8a-b766-7c67e5d87f63,Similar sounding sentence,,false,3,Auditory similarity,
a54281f5-c3ea-42a2-ae1d-e7e67e4a9665,2026-04-02 03:56:05,d92a5e33-c05d-401a-9a23-7f6ca56b8de0,Related topic from audio,,false,3,Context related but not stated,
a560c441-0fd3-49d5-b9bc-30baee04c46e,2026-04-02 03:56:05,68e6489b-1127-4b57-b424-d809c2942da8,Has spelling error,,false,2,Homophone confusion,
a588a98d-432b-4ae9-b53a-a22aaa6d754a,2026-04-02 03:56:05,6861d014-e835-4054-bee3-a11cc5e96fd0,Partially true but incomplete,,false,4,Half-correct answer,
a59ba2bc-cc9b-462b-8adf-7468faa32197,2026-04-02 03:56:05,71104fc0-17ea-47e3-89de-b2e8a7cc917b,English word translation,,true,1,Direct meaning from English,
a5a5c5fb-6ba3-4945-b453-b31f088723fd,2026-04-02 03:56:05,5e1df709-072d-452b-a567-1d7130e23985,False: not mentioned in text,,false,2,Misunderstanding,
a5bac829-581e-4156-8997-ecfa78bf3224,2026-04-02 03:56:05,3454866f-5475-4c90-812e-bc60bf037c2c,Item C: English phrase,,true,3,Matches Vietnamese translation,pair_C
a5dfe58e-707b-4852-a487-b8af2f84404a,2026-04-02 03:56:05,9106d63a-b922-4459-b322-749303731ae3,Wrong verb tense,,false,2,"Same word, wrong form",
a5f623bf-8969-4b27-8c53-b31f47a52b3b,2026-04-02 03:56:05,1dde571a-6f5a-4e5c-a857-9a9fe96d7e32,Item C: English phrase,,true,3,Matches Vietnamese translation,pair_C
a603e675-7e6a-4c38-b231-9bd99339eea8,2026-04-02 03:56:05,8a61715e-132e-4423-a484-db7368db0c09,The correct word to fill,,true,1,Proper grammar and meaning,
a61c8a09-d96a-48db-9234-e3afe750f674,2026-04-02 03:56:05,7117774f-6757-4947-ac5a-26290e112281,Correct sentence from audio,,true,1,Exactly as spoken,
a68572dd-b931-4015-afdd-42d015b01a53,2026-04-02 03:56:05,735b457b-36d6-4f63-b72b-32e44dfe3827,Opposite of what was said,,false,3,Inverted meaning,
a689714a-f1ec-45b7-92f1-b5dc498be1c4,2026-04-02 03:56:05,e608253c-3b27-4df4-88f3-6a7aaff3e72a,Common beginner mistake,,false,4,Typical error,
a6a5d83a-ed94-4b39-ba80-d2b2c0a74f9f,2026-04-02 03:56:05,e1cb8f2b-794f-455e-8923-de7381b77df6,Opposite meaning,,false,3,Antonym in Vietnamese,
a6b66b79-3005-4727-bfc4-29ac8f091533,2026-04-02 03:56:05,0f2eb181-68ec-4b40-ace6-ac0f6b692345,Sound-alike but wrong,,false,2,Phonetic confusion,
a6be276a-8e8e-4f86-9d51-621c516e597a,2026-04-02 03:56:05,a9d010e5-9c9f-401d-8362-c80361c8fb43,Partially true but incomplete,,false,4,Half-correct answer,
a6c16404-425c-4981-92f5-4649d9bff702,2026-04-02 03:56:05,acf9cdc9-03ff-4232-b4c2-74a832764942,Different part of speech,,false,3,Noun instead of verb,
a6c17163-b489-4dfa-b1e1-a7f4a471f27a,2026-04-02 03:56:05,bd323f38-0d71-423e-8097-8d0dbc177d58,The correct word to fill,,true,1,Proper grammar and meaning,
a6c3c18a-7e1e-48fc-b00c-edac4051b903,2026-04-02 03:56:05,fa9fed62-5d84-4d1e-9c02-41ba3ca1161f,Item C: English phrase,,true,3,Matches Vietnamese translation,pair_C
a6ca0d83-55b3-477b-8ccd-1647dc38ea99,2026-04-02 03:56:05,d15f9f65-dc86-4643-ac9c-849d376e23b2,Sounds similar but different,,false,2,Similar pronunciation,
a6ccbfb8-a14e-4b9e-acea-eb88288a67f7,2026-04-02 03:56:05,630fc29b-8518-4616-ba9d-3525c08719f7,English word translation,,true,1,Direct meaning from English,
a6edc68e-0506-4880-a672-2a1b3021b1c8,2026-04-02 03:56:05,b08ebe34-bdc4-4596-b0d6-e929b422625b,Misses the context,,false,3,Does not answer the question,
a73120c0-62d3-499d-b054-92dddf068f90,2026-04-02 03:56:05,dddb00c0-e364-4a82-853e-25eb35b8fe74,Sounds similar but different,,false,2,Similar pronunciation,
a7659c9d-8494-44bf-a27e-b380f0d440b6,2026-04-02 03:56:05,daa324f2-a5e9-403e-838b-aa55fe360336,Impolite or rude tone,,false,4,Wrong register,
a766e51f-f197-4702-a5f3-d344c3fb6a56,2026-04-02 03:56:05,a02afa38-00db-4362-880c-451a4ecf8a05,Common beginner mistake,,false,4,Typical error,
a76eb63d-c3c7-454d-aa8e-68c11d42d313,2026-04-02 03:56:05,fdc50bca-c718-480a-9b3d-09dacfab886d,Grammatically incorrect,,false,2,Unnatural phrasing,
a771a6de-ec62-43db-accf-843a60403473,2026-04-02 03:56:05,a84bd2d3-fbfd-408b-90f3-10f3dc155b7d,The speaker says this exactly,,true,1,Correct audio interpretation,
a7c3f6ef-738d-45bc-bb35-095f194b6b8b,2026-04-02 03:56:05,4dd2f9e8-bfee-488a-97de-73fa17717829,Item B: English phrase,,true,2,Matches Vietnamese translation,pair_B
a8151d60-5088-4c44-8ead-5de77899cf4b,2026-04-02 03:56:05,d0a8c184-1067-47eb-b2bd-a60002df2453,Different part of speech,,false,3,Noun instead of verb,
a8281a5d-35aa-4530-ab3d-6119b9d0464f,2026-04-02 03:56:05,8ae0cb0e-37b1-4dac-bad8-fe9e52c28be2,Completely different,,false,4,Unrelated option,
a8446bc1-8881-44af-a396-12cabc95bfae,2026-04-02 03:56:05,e11f11a8-777a-4a19-b269-74039e312cc9,Opposite meaning,,false,4,Antonym for this context,
a8574bc8-cb24-4689-a6a1-88dbfca1d1e5,2026-04-02 03:56:05,1d186e38-18f1-40d8-a426-1947a1879c78,Item C: English phrase,,true,3,Matches Vietnamese translation,pair_C
a8598d7f-a0c9-4b4a-a980-0621c488fd10,2026-04-02 03:56:05,3595c2f4-b7e0-4750-98a2-f35a34e29b6d,Item B: English phrase,,true,2,Matches Vietnamese translation,pair_B
a86f9b93-d68e-4cbd-ae29-68a850726860,2026-04-02 03:56:05,5698ed35-4ceb-47bf-96f2-875f6166287f,Correct sentence from audio,,true,1,Exactly as spoken,
a875356d-d767-4101-a117-fa3a210d0055,2026-04-02 03:56:05,1016b830-420f-4648-b053-61ec09142118,Opposite meaning,,false,4,Antonym for this context,
a88bb55d-eefa-4f78-8fcd-936fef67ff32,2026-04-02 03:56:05,dddb00c0-e364-4a82-853e-25eb35b8fe74,Completely different,,false,4,Unrelated option,
a8aad096-fd20-49fa-a60b-830d35af64bd,2026-04-02 03:56:05,d4992a1f-ae7e-48a4-892c-ce2b0c0ed367,Opposite meaning,,false,3,Antonym in Vietnamese,
a8cac101-c903-449c-9602-3d1e2dfb54bc,2026-04-02 03:56:05,dd74314f-1f3e-4caf-a85b-c00ac35deab1,Completely different sentence,,false,4,Wrong transcription,
a8dc4f55-1a89-44f7-962e-96f478f2d9e1,2026-04-02 03:56:05,66b42be4-b6b7-4d44-ad57-1e3c62100fd7,True based on the passage,,true,1,Correct interpretation,
a8e40b39-dccd-4f7d-9a87-c875444e629c,2026-04-02 03:56:05,e746be04-324c-4e65-8559-c09bb289ba14,English word translation,,true,1,Direct meaning from English,
a8e56a43-ea21-4b38-848d-5b27371bb1ba,2026-04-02 03:56:05,48bc9167-4f02-466e-b9b9-894b7b082607,Opposite meaning,,false,4,Antonym for this context,
a9af5a12-33ca-4a40-926b-3d33145a48ea,2026-04-02 03:56:05,53efa76d-b196-4709-8dc7-41a539518530,English word translation,,true,1,Direct meaning from English,
a9bb7bbd-6c6a-463a-a714-41f360e012b2,2026-04-02 03:56:05,107441d2-747b-4ad5-b112-6c0fa7e266ba,Similar sounding sentence,,false,3,Auditory similarity,
aa27be0b-72e8-4926-a284-a1676a8fcb0e,2026-04-02 03:56:05,9f155859-f0e8-4448-b462-c77a8247c012,Completely different,,false,4,Unrelated option,
aa2ee62d-b97b-48fe-8930-c74cc2687f70,2026-04-02 03:56:05,3b012923-5821-4a13-b95c-1eb7db30b296,Opposite of what was said,,false,3,Inverted meaning,
aa3bf717-4aea-4e83-a35a-38399c48e8e0,2026-04-02 03:56:05,de966134-6feb-4cbd-bf89-d2853cec93e5,Related topic from audio,,false,3,Context related but not stated,
aa54d459-0b8d-4aec-b37b-74b59a51c2a7,2026-04-02 03:56:05,4749627e-35b7-43fc-8818-ca35939cc3c3,Grammatically incorrect,,false,2,Unnatural phrasing,
aa54fde8-2974-4e15-9a23-c7c5d112b629,2026-04-02 03:56:05,ed44285b-b10d-4be6-b55a-ff7a7701be9f,Sound-alike but wrong,,false,2,Phonetic confusion,
aa5d1238-3cc6-4ccd-8b65-dd51edc94595,2026-04-02 03:56:05,d14273d7-6304-44ed-9dc5-09dcc9c38fcc,Item B: English phrase,,true,2,Matches Vietnamese translation,pair_B
aa637c90-fc2b-4803-bc1e-884d0440fc0f,2026-04-02 03:56:05,431b2605-fcd7-42cb-8266-207eb7a86d54,Item C: English phrase,,true,3,Matches Vietnamese translation,pair_C
aa76469b-efe8-4c91-a1b8-ea2a09949bd5,2026-04-02 03:56:05,8ccbc42a-52c5-4b55-9488-a0a38876f4cf,Opposite meaning,,false,3,Antonym in Vietnamese,
aa788bb0-c0df-4891-b5f4-5750fb2754a3,2026-04-02 03:56:05,2f8570ff-139f-421c-b56e-041aa41dd668,The correct word to fill,,true,1,Proper grammar and meaning,
aa7dcf98-af53-4c33-bdd6-b8e2eb83a701,2026-04-02 03:56:05,56fc0325-f707-47b2-b701-43976fe4158c,Sounds similar but different,,false,2,Similar pronunciation,
aa9111bd-5deb-4e04-922e-378d36279d4a,2026-04-02 03:56:05,b455fbf9-929e-443b-803e-1b61d45aaf2f,Opposite of what was said,,false,3,Inverted meaning,
aadb017f-697e-4377-92d8-da766dcd91c2,2026-04-02 03:56:05,5a34729f-500c-492b-9dd4-7849d0357f8f,False: not mentioned in text,,false,2,Misunderstanding,
aaf92c89-a079-45ce-aafa-b5e246e6d3ee,2026-04-02 03:56:05,31bdfea8-4c25-4dc3-b348-c0ce9a67833f,Natural and appropriate response,,true,1,Fits conversation flow,
ab380c6b-e863-4c81-b130-efb619ef0bf9,2026-04-02 03:56:05,3fc90fd3-a2e4-456e-b9fd-73d3857c7a09,The speaker says this exactly,,true,1,Correct audio interpretation,
ab3e2a52-2ead-49e2-95d1-7d6223a3c3fc,2026-04-02 03:56:05,14f95531-a997-48b3-a82b-53ddf0ce2560,Natural and appropriate response,,true,1,Fits conversation flow,
ab465fa9-c13c-438f-907e-9b420aa7fb64,2026-04-02 03:56:05,ed44285b-b10d-4be6-b55a-ff7a7701be9f,Common beginner mistake,,false,4,Typical error,
ab6426b0-f1fb-493d-86fb-2059b7d82b18,2026-04-02 03:56:05,60fe2be1-c489-4ef1-b898-b1fb6c965036,Completely different,,false,4,Unrelated option,
ab6db4e5-e6a8-4d09-a830-a1ca24038e59,2026-04-02 03:56:05,edd7e515-2988-4e2c-ae9b-91bb8e9eca8d,False: not mentioned in text,,false,2,Misunderstanding,
ab71880e-4435-4cee-ba2b-f3bd3ad8a5b0,2026-04-02 03:56:05,8d59de9f-626f-471c-b9ee-32f001f7dd91,Sounds similar but different,,false,2,Similar pronunciation,
abaa2892-127e-4aa3-9532-39c8f6b600fa,2026-04-02 03:56:05,18c1a9b5-6e31-4628-8004-0fc5f518e406,Item B: English phrase,,true,2,Matches Vietnamese translation,pair_B
abc46e98-43d9-4b73-977e-c2feae51697f,2026-04-02 03:56:05,fd3a2eee-17eb-4403-aef7-cfef4e941e1b,Completely different,,false,4,Unrelated option,
abc5a3ea-6552-4f38-be87-1393d60a0bf3,2026-04-02 03:56:05,09923e18-8b1a-4d97-8f55-5c48fb288a83,Opposite meaning,,false,3,Antonym in Vietnamese,
abd4bd0c-def3-440f-96a6-083b1d3dd644,2026-04-02 03:56:05,a3a6ca8e-394f-427a-8d44-d2f499b89648,True based on the passage,,true,1,Correct interpretation,
abda7fb7-7bb5-4145-baee-c144b0ea3dd8,2026-04-02 03:56:05,46b3c912-f959-4a74-8455-9e34cd56b1e4,Sounds similar but different,,false,2,Similar pronunciation,
abf4e4e5-1bd4-475c-b2e1-f1da1a3036b3,2026-04-02 03:56:05,5555ab11-dade-46ca-b08a-f70c0ee52889,Different part of speech,,false,3,Noun instead of verb,
ac4f3019-8a90-49b1-861c-16d818617e2a,2026-04-02 03:56:05,cb4a212f-165d-4e9c-9199-57dab97d48e5,Correct sentence from audio,,true,1,Exactly as spoken,
ac725381-61cf-4ec6-a7bc-e69fd3927407,2026-04-02 03:56:05,242b76d0-b05f-42f6-99b9-e7c3df5c3468,Misses the context,,false,3,Does not answer the question,
ac7f2673-8571-4d9a-ba72-698852f2639c,2026-04-02 03:56:05,d0e0ffe1-298d-4d79-a449-7190a14c8869,False: not mentioned in text,,false,2,Misunderstanding,
aca51220-111f-4261-b999-e717dc5d1dd1,2026-04-02 03:56:05,11040287-752b-4512-b683-4f240d088721,Completely different sentence,,false,4,Wrong transcription,
acb97067-34d5-43ec-aaa9-42f02b975be5,2026-04-02 03:56:05,eb1ef3e9-2a6d-4597-b94d-20db61c7a1c4,Impolite or rude tone,,false,4,Wrong register,
acc06c61-c0b6-4502-a4e6-066d389bf77e,2026-04-02 03:56:05,234a5bab-40d9-4d8d-8562-d017491fe57c,Related topic from audio,,false,3,Context related but not stated,
acec95cf-d02c-4d2f-9a73-febf6ae121fc,2026-04-02 03:56:05,d61e97fa-92b8-4157-a426-81f996272177,Opposite meaning,,false,3,Antonym in Vietnamese,
ad090f25-c84c-4db4-b842-35dd506a059f,2026-04-02 03:56:05,f48d2c06-a133-4ab0-946c-29ae4c16566e,Common beginner mistake,,false,4,Typical error,
ad0b0f84-8e18-46fe-885d-542c1b525d5b,2026-04-02 03:56:05,edb644b8-7d66-4ff3-a572-ca16efae43c8,Sound-alike but wrong,,false,2,Phonetic confusion,
ad0da469-43d3-4957-9756-0e0ed7754f8c,2026-04-02 03:56:05,62cace0b-0cd0-4904-b8fe-c7f06c9ef119,Item C: English phrase,,true,3,Matches Vietnamese translation,pair_C
ad3d7f5d-0931-47e5-b276-258bfe9ef757,2026-04-02 03:56:05,972f0225-3635-4477-ac00-dd5cb00b97fe,Similar sounding sentence,,false,3,Auditory similarity,
ad47ef03-2ce7-4020-81ce-50bbf1473b71,2026-04-02 03:56:05,2c41f5f0-50b6-4afa-85ce-3294e9dd55c3,Item D: English phrase,,true,4,Matches Vietnamese translation,pair_D
ad4eb8ba-c1e5-4756-95d9-20dc853f96c6,2026-04-02 03:56:05,63b3ab6b-2af5-4ad2-91f8-7fb0e536ec65,Natural and appropriate response,,true,1,Fits conversation flow,
ad595504-ec05-430f-b196-32ab6e3efe66,2026-04-02 03:56:05,3f1b6de5-7a95-4430-9a02-9eff76b3b5bd,Impolite or rude tone,,false,4,Wrong register,
ad61eb77-f215-4f85-8a36-81550072d457,2026-04-02 03:56:05,da1419b2-580e-465d-acf3-27d227440316,English word translation,,true,1,Direct meaning from English,
ad6f09c5-f751-46ee-aa6d-7048e2c84050,2026-04-02 03:56:05,f5966205-3c8e-4cda-8813-ef585a84319d,Sounds similar but different,,false,2,Similar pronunciation,
ad811917-15c4-4a8a-ad24-cfecded0f924,2026-04-02 03:56:05,74fe2a39-8b72-497b-a5a8-eb09b565dbea,Misses the context,,false,3,Does not answer the question,
ad9e663b-3d63-410b-8be1-f381073622b3,2026-04-02 03:56:05,f0838520-b7a7-4d20-ad41-13daf7fdbac7,Grammatically incorrect,,false,2,Unnatural phrasing,
ada36bd0-f67d-4e39-b26a-f58d60275426,2026-04-02 03:56:05,0922f178-7cc5-46a7-a34e-42356172957e,Related topic from audio,,false,3,Context related but not stated,
adb46d1f-6635-4b63-92c8-0a7d8af94816,2026-04-02 03:56:05,aa8d8455-9c8d-4ef5-a41a-c6c576cbe86b,Common beginner mistake,,false,4,Typical error,
adcdaed3-f744-4e0c-b36d-17046bfff75a,2026-04-02 03:56:05,4dd2f9e8-bfee-488a-97de-73fa17717829,Item C: English phrase,,true,3,Matches Vietnamese translation,pair_C
adec2a81-e6a2-47dd-878d-c4c0845153c9,2026-04-02 03:56:05,4c7fe20f-149d-4009-a60b-c443d8a331d0,Item B: English phrase,,true,2,Matches Vietnamese translation,pair_B
ae0cb85c-9df7-4a22-99a7-fc6ec5f9b7de,2026-04-02 03:56:05,55d2eb82-c7ac-40e5-b21c-a5259dacbb1c,Item B: English phrase,,true,2,Matches Vietnamese translation,pair_B
ae1c007d-1644-41cc-8dbb-1f79e3650f0c,2026-04-02 03:56:05,845b35f4-0b17-4866-a610-567f7f4453e1,True based on the passage,,true,1,Correct interpretation,
ae283e04-a3ef-4714-a2f0-877482e60986,2026-04-02 03:56:05,cb0a40db-bb4d-4ab6-bf13-05fc298f915b,English word translation,,true,1,Direct meaning from English,
ae3fda85-2208-414d-bcfd-6795f23573b8,2026-04-02 03:56:05,1eff84c3-ea31-455b-aa71-b130670d538e,The speaker says this exactly,,true,1,Correct audio interpretation,
ae4bb8fb-0e94-41bb-b44a-107a0882af1a,2026-04-02 03:56:05,8f426d31-122b-4f42-bc01-c8470ba0d3bb,Opposite of what was said,,false,3,Inverted meaning,
ae54d3f5-070d-4522-8843-008ee718ef8f,2026-04-02 03:56:05,97fcc19c-d3b3-40af-933b-e4db377710aa,Similar sounding sentence,,false,3,Auditory similarity,
ae6a0fd7-2337-45d2-aac0-d9b761783a92,2026-04-02 03:56:05,44a8edb1-0cda-483c-94e3-df58c74349de,Common beginner mistake,,false,4,Typical error,
ae70fb09-fb85-4c33-998e-99c13b75c358,2026-04-02 03:56:05,842abd3f-6c92-476c-aba0-24f8159e4728,Opposite meaning,,false,3,Antonym in Vietnamese,
ae96f949-21d2-40fb-9da9-35e89c50b3e1,2026-04-02 03:56:05,2a81b8e0-a112-45d5-9b87-03bbfb36cb75,Different part of speech,,false,3,Noun instead of verb,
aeb56b41-da4f-4ef2-9ab7-5a0330be4cde,2026-04-02 03:56:05,4749627e-35b7-43fc-8818-ca35939cc3c3,Natural and appropriate response,,true,1,Fits conversation flow,
aec1fd3a-3c78-45ba-91b4-7a627a017f46,2026-04-02 03:56:05,83e96e10-5511-455c-9cdf-647180bf1f25,Common beginner mistake,,false,4,Typical error,
aee756bc-ed45-451a-b9ae-f807d32f8a79,2026-04-02 03:56:05,6fb71b91-3a67-42a5-b155-0b332c907613,Related topic from audio,,false,3,Context related but not stated,
aefd81a5-a649-4ebd-887b-f71d286a5f9a,2026-04-02 03:56:05,d81f294c-60c5-4a37-bc18-1527137941d9,Misses the context,,false,3,Does not answer the question,
af0486c9-09d8-4d0c-9285-9d06d0e4a79f,2026-04-02 03:56:05,4e803978-faff-4c65-8250-73f4975a7441,Sound-alike but wrong,,false,2,Phonetic confusion,
af1fafc0-5d8d-476e-8935-86f4a1a71055,2026-04-02 03:56:05,de966134-6feb-4cbd-bf89-d2853cec93e5,The speaker says this exactly,,true,1,Correct audio interpretation,
af2a0ff0-5ff5-48c2-a110-e67e6f47d8ee,2026-04-02 03:56:05,10a62fa1-1201-458c-81da-49b126310370,Different part of speech,,false,3,Noun instead of verb,
af4020e7-e899-4c0f-b51c-f9a04df0c929,2026-04-02 03:56:05,13a09ebc-6b34-4577-8ac7-bc2ba3a87caa,The speaker says this exactly,,true,1,Correct audio interpretation,
af456bb9-2a76-4196-8814-aa12a3b1188e,2026-04-02 03:56:05,8faa0cdd-5afc-4b90-b9e9-944474a81b8c,Opposite meaning,,false,3,Antonym in Vietnamese,
af6696d2-6505-4f62-9156-aba2c8a94a56,2026-04-02 03:56:05,f0acd749-6498-46c3-a8a4-05c393d38b4d,Similar sounding sentence,,false,3,Auditory similarity,
af764960-ab2f-466d-85fe-add3ccd7f772,2026-04-02 03:56:05,de966134-6feb-4cbd-bf89-d2853cec93e5,Sounds similar but different,,false,2,Similar pronunciation,
af928dd7-6ce9-493c-a88b-2801986e7461,2026-04-02 03:56:05,108e2b0f-998d-4fd8-83eb-4ef539284ff2,Completely different sentence,,false,4,Wrong transcription,
af9a3126-97fe-4697-9470-f80007cfd0dd,2026-04-02 03:56:05,7824b933-bba4-4df5-b168-294a757d9a82,English word translation,,true,1,Direct meaning from English,
afaa54dd-6897-415e-aaed-16f84c00ee40,2026-04-02 03:56:05,e73d7a03-08db-49c7-9bad-1b42187ad768,Opposite meaning,,false,4,Antonym for this context,
afb4df77-b05c-44b0-9444-75b6edcd7214,2026-04-02 03:56:05,d869eaae-2038-4f93-9a41-feff53496f38,False: not mentioned in text,,false,2,Misunderstanding,
afc4d0b7-e339-4878-bdeb-f223a76ed661,2026-04-02 03:56:05,fd831ac1-df66-4d1f-9d50-ebdb4315c666,Opposite meaning,,false,4,Antonym for this context,
afd201c6-5c07-47ba-8d70-0e30468da3d6,2026-04-02 03:56:05,c3485554-b1cc-4a15-b71c-beaab28dc77e,Related topic from audio,,false,3,Context related but not stated,
afda7659-c05a-42be-84e9-386676d96153,2026-04-02 03:56:05,77faef68-c7a9-43b5-aab0-ee86942038a6,Wrong verb tense,,false,2,"Same word, wrong form",
aff412da-9ebf-4aeb-a697-4e287fced349,2026-04-02 03:56:05,7221d78c-2232-4d1b-b0ee-5e7679e8157a,True based on the passage,,true,1,Correct interpretation,
aff60666-d635-48ef-a402-3b378c3ec200,2026-04-02 03:56:05,77faef68-c7a9-43b5-aab0-ee86942038a6,Different part of speech,,false,3,Noun instead of verb,
affe1a4d-b43b-4759-93f1-8faabe54fa6a,2026-04-02 03:56:05,e1c394d8-fe4d-4d96-8f91-649c2c550c6b,Opposite meaning,,false,4,Antonym for this context,
b0014e41-f584-401b-98e0-ae5a7d38daa7,2026-04-02 03:56:05,4bd04913-65e2-4cfc-881f-432b86e4ac0e,Correct sentence from audio,,true,1,Exactly as spoken,
b00d702d-76d2-4308-b582-f4b0d43308b9,2026-04-02 03:56:05,5afdedf3-f13f-4f75-ab43-2462f02d3953,Grammatically incorrect,,false,2,Unnatural phrasing,
b02a774d-0293-4099-8e6d-7b1cb0defcf9,2026-04-02 03:56:05,9b5b6c97-c0ff-4348-a8cb-381efe44277e,False: not mentioned in text,,false,2,Misunderstanding,
b040ccab-6cfa-4015-9f77-9f84c7d8096f,2026-04-02 03:56:05,851317a1-a169-4f33-9fa5-776253ad2767,True based on the passage,,true,1,Correct interpretation,
b044c65e-b08a-4116-85a7-04f64a49f5c4,2026-04-02 03:56:05,8eec9b6c-3325-4b87-80b3-718f8b677f19,Item D: English phrase,,true,4,Matches Vietnamese translation,pair_D
b0461a04-7c13-4342-b2e7-ee075e0650d9,2026-04-02 03:56:05,bc08d346-1fe2-46eb-b12a-af047dc5aadf,English word translation,,true,1,Direct meaning from English,
b0479d60-a3da-46f8-a2d9-16ac65fa5245,2026-04-02 03:56:05,7a20715e-f557-4361-94c8-0a67f4a42e19,False: not mentioned in text,,false,2,Misunderstanding,
b04bfdda-dae3-49c1-b776-b58af9eadb9b,2026-04-02 03:56:05,a6be97a8-c6b4-421e-8ca0-b82e58eed2d1,False: not mentioned in text,,false,2,Misunderstanding,
b0509b62-4f28-4a67-a05c-d9f56b792eee,2026-04-02 03:56:05,4bc4c477-aa4e-42a7-8c5d-c04254399e27,Completely different,,false,4,Unrelated option,
b06cf573-146a-48c7-8bf1-c7fab5dcb9ea,2026-04-02 03:56:05,ace338cd-3be6-477a-b0bb-555b69281027,Item A: English phrase,,true,1,Matches Vietnamese translation,pair_A
b0b308bf-9706-4ab2-b802-408c92f575e9,2026-04-02 03:56:05,2c9e8b8f-3c6b-4ba0-a3e1-34a4644c1714,English word translation,,true,1,Direct meaning from English,
b0e704fe-6927-4cef-bc70-9f1c8948087b,2026-04-02 03:56:05,7dd810b2-5c04-4c73-aa07-cacaa6899759,Natural and appropriate response,,true,1,Fits conversation flow,
b10eeb9c-a1cd-4b18-a3df-3ecea6b085d8,2026-04-02 03:56:05,a3a6ca8e-394f-427a-8d44-d2f499b89648,Opposite of what was said,,false,3,Inverted meaning,
b14a3dd7-b346-46de-82db-ca4331e4e21a,2026-04-02 03:56:05,f092e5c8-bd64-4ac2-bba4-4c738c58d533,Item B: English phrase,,true,2,Matches Vietnamese translation,pair_B
b14d1c0a-1969-45de-9754-5f45ac564539,2026-04-02 03:56:05,2802dc27-6534-468c-a040-20794da407ca,Item D: English phrase,,true,4,Matches Vietnamese translation,pair_D
b17c0328-fa9b-4a10-a9ed-a2464401621d,2026-04-02 03:56:05,d8101e18-7f87-4850-b7ba-68511b919ba7,Opposite meaning,,false,3,Antonym in Vietnamese,
b1839d46-8a3f-48e2-a53e-5e081612004c,2026-04-02 03:56:05,1be0d781-fef8-49c8-b6d0-4ccfa5f8ace4,Has spelling error,,false,2,Homophone confusion,
b1908726-8016-4747-9ce0-cc0d2793672f,2026-04-02 03:56:05,7a72343a-d4af-439f-9968-71c05fd0e1a1,The speaker says this exactly,,true,1,Correct audio interpretation,
b190e4ed-7ac1-4a98-a8fb-fe4d71520ec9,2026-04-02 03:56:05,3b012923-5821-4a13-b95c-1eb7db30b296,False: not mentioned in text,,false,2,Misunderstanding,
b19d3ab4-dd4a-4a85-8aee-531b6f7a1afb,2026-04-02 03:56:05,c4f8dd4c-533d-4ca9-b2d7-99de6ca8089f,Item A: English phrase,,true,1,Matches Vietnamese translation,pair_A
b1a6c127-5392-40e6-a4a7-478250aff53f,2026-04-02 03:56:05,62ce04ed-a971-4f0d-b9c5-737c1ee1e58b,Item A: English phrase,,true,1,Matches Vietnamese translation,pair_A
b1b939ad-eee7-4284-88ce-b72c3c55c18d,2026-04-02 03:56:05,2caf7974-3666-49c2-ac62-980a65ebe52d,Wrong verb tense,,false,2,"Same word, wrong form",
b1cebbfd-60ba-40aa-b0c0-446de2dcb814,2026-04-02 03:56:05,e33f5ba7-8613-4727-8017-c6b9eb68baf2,Misses the context,,false,3,Does not answer the question,
b1e3adf6-3c15-473c-9425-b26a1e651c9d,2026-04-02 03:56:05,1fabd10c-6077-495c-883c-d9a9647491fd,Wrong verb tense,,false,2,"Same word, wrong form",
b1ea85d1-cb09-4fbf-aaea-65157c566dc4,2026-04-02 03:56:05,5a988c32-d406-4603-9e62-4dfbff6da0d7,Related topic from audio,,false,3,Context related but not stated,
b1eba3f2-6120-4aeb-8432-e0da2c1eff6a,2026-04-02 03:56:05,fe1f986b-89b5-4ab0-9dc9-aaa40463eb1f,The correct word to fill,,true,1,Proper grammar and meaning,
b1f7d905-1e15-44d5-b8e5-93c0a1109d09,2026-04-02 03:56:05,c7cdb437-189d-4dff-9cb2-946449b266fc,Grammatically incorrect,,false,2,Unnatural phrasing,
b1fa39d0-1d21-4771-912f-b950fc6af926,2026-04-02 03:56:05,4ae2b638-4593-410a-b440-4410092f7a62,Item D: English phrase,,true,4,Matches Vietnamese translation,pair_D
b2059980-03bb-4f7d-bec4-e05aebf5882f,2026-04-02 03:56:05,53af23b9-90de-4b8d-8797-e635a8022c6b,True based on the passage,,true,1,Correct interpretation,
b20adb55-3682-44d0-9c81-57d47b55073b,2026-04-02 03:56:05,997fa180-cfdc-413b-9f9c-ca3f304e7bb3,Related topic from audio,,false,3,Context related but not stated,
b249b919-38dd-4d8b-9c8e-72f3ae2323e7,2026-04-02 03:56:05,97c79115-c58a-49f8-ba24-475fdf9b708f,False: not mentioned in text,,false,2,Misunderstanding,
b25fca42-2ab7-4138-bf57-1079e4d7be95,2026-04-02 03:56:05,2a81b8e0-a112-45d5-9b87-03bbfb36cb75,The correct word to fill,,true,1,Proper grammar and meaning,
b28c2c85-9fab-41a7-b1b5-ae8b70115313,2026-04-02 03:56:05,58c86342-df52-47e2-962a-4b283380bec3,Correct sentence from audio,,true,1,Exactly as spoken,
b2913d89-8b7b-4a64-9943-77b728fc24cf,2026-04-02 03:56:05,f4650434-372e-4acd-a65f-2bcb44cc9bf5,Opposite of what was said,,false,3,Inverted meaning,
b2aaab2c-475b-4c53-879f-0e6c811e3e48,2026-04-02 03:56:05,df5620e6-5d53-4ce1-88ff-4c8cca99ab76,False: not mentioned in text,,false,2,Misunderstanding,
b2ab9292-bb99-4d83-aa09-e50c4218ac47,2026-04-02 03:56:05,5343b8c0-152f-4c8d-b73d-efc898d2fb46,Item A: English phrase,,true,1,Matches Vietnamese translation,pair_A
b2c2dff2-238c-41a4-99f5-80e943756cfe,2026-04-02 03:56:05,c8e1087f-5029-465e-b360-9cd3b97d4d31,Opposite meaning,,false,4,Antonym for this context,
b2d579b7-e827-4bcb-8b66-d7e77a24fc0e,2026-04-02 03:56:05,90f531c4-412c-495a-8922-21dad73ca935,True based on the passage,,true,1,Correct interpretation,
b2e660ad-1d5c-4941-b583-125103e0877c,2026-04-02 03:56:05,467f7c04-c18b-4a30-96ec-692d656e55bf,The correct word to fill,,true,1,Proper grammar and meaning,
b2f5f895-1bda-4f24-9a9d-8c2fbcce42a3,2026-04-02 03:56:05,ec4db472-8235-466b-aef1-ffe68b2efa33,Similar sounding sentence,,false,3,Auditory similarity,
b2fadced-81fd-42cc-9a7e-da8b43d85fc9,2026-04-02 03:56:05,b77728d1-5cee-48da-950e-95151cfe1fe9,Wrong verb tense,,false,2,"Same word, wrong form",
b2ff7fcc-137d-4e6a-8af4-e4eefd3f648d,2026-04-02 03:56:05,4bd04913-65e2-4cfc-881f-432b86e4ac0e,Has spelling error,,false,2,Homophone confusion,
b2ffb97e-2c1a-4972-829e-2a95f5ee7160,2026-04-02 03:56:05,9b5b6c97-c0ff-4348-a8cb-381efe44277e,True based on the passage,,true,1,Correct interpretation,
b33c993f-1c82-4103-8d3d-754ed5891727,2026-04-02 03:56:05,7781d69f-b107-4490-8e7c-caa6704836c2,Impolite or rude tone,,false,4,Wrong register,
b3541095-4354-4ab1-a1dd-b8874771a836,2026-04-02 03:56:05,3c60585f-f747-4266-9ff1-b4a0600807c2,Completely different sentence,,false,4,Wrong transcription,
b356a272-8d23-46c9-9896-138c28bb3616,2026-04-02 03:56:05,5744f360-d9f1-417b-9eee-0dcec0da4742,Completely different sentence,,false,4,Wrong transcription,
b370eebd-573e-40cb-a790-37e4d6b64d6e,2026-04-02 03:56:05,f79bf0c8-986f-40a4-9327-9bf80e7f8649,Has spelling error,,false,2,Homophone confusion,
b3923da9-6375-4979-a41e-81629992bcb6,2026-04-02 03:56:05,aeeb7b1f-a10e-4704-bc2a-7b8b22da1b85,Item A: English phrase,,true,1,Matches Vietnamese translation,pair_A
b398fe86-e1c3-46d7-a0a9-57dbbf4a1dca,2026-04-02 03:56:05,7117774f-6757-4947-ac5a-26290e112281,Similar sounding sentence,,false,3,Auditory similarity,
b39ab0cd-8835-4726-8d68-09ac6a79fc4f,2026-04-02 03:56:05,88944cfe-4b59-46ff-a066-5becf0afb9da,Natural and appropriate response,,true,1,Fits conversation flow,
b3ac1d1c-ad35-44fa-8ea1-dd09961e3450,2026-04-02 03:56:05,62cace0b-0cd0-4904-b8fe-c7f06c9ef119,Item D: English phrase,,true,4,Matches Vietnamese translation,pair_D
b3c91471-8174-475f-b3c7-1bf74c2d9150,2026-04-02 03:56:05,f99573f1-0347-4cac-87c3-508f56c74dd0,The speaker says this exactly,,true,1,Correct audio interpretation,
b44e1dab-cda6-4cf7-a67a-794ef64e02d4,2026-04-02 03:56:05,0585fade-d57a-4151-bd52-57b7a5dd42f5,False: not mentioned in text,,false,2,Misunderstanding,
b46da0cf-78f5-4b93-bf7b-92caa86dc582,2026-04-02 03:56:05,ff6787af-075a-4069-8003-ecfe69436573,Item B: English phrase,,true,2,Matches Vietnamese translation,pair_B
b47beb4d-6321-4a41-bdad-6ba6fdefdefa,2026-04-02 03:56:05,f0b5724e-e351-489e-b8fe-9322bbe60c9a,Opposite meaning,,false,3,Antonym in Vietnamese,
b4b07a6b-5bbb-459c-abdd-99b9fe4bf648,2026-04-02 03:56:05,27b07666-c280-4ef7-aba1-8558fab15f6b,Grammatically incorrect,,false,2,Unnatural phrasing,
b4b84930-b06b-465f-bc64-e6bd8efcc7e2,2026-04-02 03:56:05,b829d068-60aa-4bd2-9485-88051039863a,Natural and appropriate response,,true,1,Fits conversation flow,
b4c2f42c-df05-45c0-9959-252f349b21cb,2026-04-02 03:56:05,dedb1946-8d76-4b3a-b1b2-4975a8824ce4,English word translation,,true,1,Direct meaning from English,
b4c45341-52f0-45d4-8fcc-1b79cd9b28e2,2026-04-02 03:56:05,f5d6d63f-8729-4a73-a2c8-cdf8dc21ba93,False: not mentioned in text,,false,2,Misunderstanding,
b4c95f38-55cd-4523-8172-546bc9bcca29,2026-04-02 03:56:05,a80ca0b5-3eb8-4b37-aaa2-c4ff80b8cd7c,Misses the context,,false,3,Does not answer the question,
b4f87a5d-b338-4b0f-a319-255ed6b71fb3,2026-04-02 03:56:05,940cea10-db57-4288-b4a8-3522aa8d9305,Item A: English phrase,,true,1,Matches Vietnamese translation,pair_A
b50df2fc-a212-4703-b0bc-3fa8fe27fe98,2026-04-02 03:56:05,46b8b76b-146e-41d4-b925-687a17ed9424,The speaker says this exactly,,true,1,Correct audio interpretation,
b514c161-5a6f-4eb4-9c54-ca6eb5d77b26,2026-04-02 03:56:05,54c69cef-5b19-4b7b-b17a-c6123685e233,Sound-alike but wrong,,false,2,Phonetic confusion,
b55b7054-20b6-47e9-a76a-7cb16adf7fe5,2026-04-02 03:56:05,ca4e4a78-428e-41db-bfd1-c70937b95f17,Sound-alike but wrong,,false,2,Phonetic confusion,
b566d0da-25d3-4157-a1c3-c9b1830f8925,2026-04-02 03:56:05,d476a76a-bd57-4948-8fc0-46647c1231d8,Natural and appropriate response,,true,1,Fits conversation flow,
b59c09c5-2404-458f-8d18-7dd24307fcc4,2026-04-02 03:56:05,84537b96-f888-4d0a-a05b-c974fb1f92be,Opposite meaning,,false,3,Antonym in Vietnamese,
b59d16aa-8a06-40fd-8b52-0df45d6cf436,2026-04-02 03:56:05,31c212d2-45ba-4b4f-ad05-06ba487fc2f3,Opposite meaning,,false,4,Antonym for this context,
b5abd3ab-7e40-4870-8dd1-d1a76b5896f7,2026-04-02 03:56:05,6dce6674-081a-496b-805d-ab092ca083fa,The speaker says this exactly,,true,1,Correct audio interpretation,
b5ae3ac0-6c98-4790-b429-7060cce677ed,2026-04-02 03:56:05,2e2946bb-172d-461c-ac8c-8a24a2d01c2e,Impolite or rude tone,,false,4,Wrong register,
b5c878c2-ecda-4813-9b49-9523e4d881f6,2026-04-02 03:56:05,00ac25de-d5a8-410b-8834-590a16aa5ab5,Has spelling error,,false,2,Homophone confusion,
b5c9d6d0-09e4-43b7-9789-bb8f666dd6d5,2026-04-02 03:56:05,e1d33698-6063-4eed-b14c-9672b676a374,Sound-alike but wrong,,false,2,Phonetic confusion,
b5d5a2a2-d743-4c1d-9246-a7ef7cdc9041,2026-04-02 03:56:05,6822d6a2-5b91-4bc6-ad94-26021833d158,Correct sentence from audio,,true,1,Exactly as spoken,
b5d63d9b-763c-4ce6-8b9a-b9d00b75223a,2026-04-02 03:56:05,ace338cd-3be6-477a-b0bb-555b69281027,Item D: English phrase,,true,4,Matches Vietnamese translation,pair_D
b5e150e8-741a-4bf2-8442-37e64ad5427d,2026-04-02 03:56:05,d869eaae-2038-4f93-9a41-feff53496f38,Opposite of what was said,,false,3,Inverted meaning,
b5fedab6-5043-4b29-9a89-0669e6620ca5,2026-04-02 03:56:05,752550b4-0cbf-464b-9d87-0becfa881725,English word translation,,true,1,Direct meaning from English,
b639824b-f26e-4cbe-a4a7-9caa71474609,2026-04-02 03:56:05,d0a8c184-1067-47eb-b2bd-a60002df2453,The correct word to fill,,true,1,Proper grammar and meaning,
b64d4250-f8f0-48fa-b2af-50ad8f08b760,2026-04-02 03:56:05,332d07e1-5801-46e5-8b32-fc07d814e675,Opposite of what was said,,false,3,Inverted meaning,
b67d3868-660a-45ea-86ed-b3d59669c3cd,2026-04-02 03:56:05,df418b05-e2e8-4680-b571-7e5f25058c85,Item C: English phrase,,true,3,Matches Vietnamese translation,pair_C
b6837248-f989-403f-ac49-a027a276a5cc,2026-04-02 03:56:05,6638888a-f79e-4cda-a9a2-671f63f00eb0,Correct sentence from audio,,true,1,Exactly as spoken,
b6872d06-7c65-47fc-8fc2-9ca0c0805c8e,2026-04-02 03:56:05,59707973-2144-46ba-b4dd-01080a3bf524,Wrong verb tense,,false,2,"Same word, wrong form",
b6dcebb9-322a-46a1-9475-4e517a03da2c,2026-04-02 03:56:05,0e053360-e521-4840-a409-0ad308472be7,Impolite or rude tone,,false,4,Wrong register,
b6e12f67-c6aa-4ef2-8936-84b44f25338e,2026-04-02 03:56:05,cada8ae6-4767-42d3-8bc3-bcde6a823f52,Item C: English phrase,,true,3,Matches Vietnamese translation,pair_C
b6e5f4c5-1130-4848-834e-928e4cde98d5,2026-04-02 03:56:05,8faa0cdd-5afc-4b90-b9e9-944474a81b8c,Common beginner mistake,,false,4,Typical error,
b6fbaa85-da42-475d-925c-afebb59b8120,2026-04-02 03:56:05,7f8bb265-768d-478e-9e6d-a0bbd30b4f9c,Grammatically incorrect,,false,2,Unnatural phrasing,
b7060456-be4a-4b9e-8d2a-4484288bed3d,2026-04-02 03:56:05,d4992a1f-ae7e-48a4-892c-ce2b0c0ed367,Common beginner mistake,,false,4,Typical error,
b725793d-8f67-4d08-82ac-959a130c6f1d,2026-04-02 03:56:05,910af6a8-2050-4853-892d-43ebd68af46a,Opposite meaning,,false,4,Antonym for this context,
b746918d-98ca-4baa-bc3b-e2ca797b52c3,2026-04-02 03:56:05,4508ce2f-033a-4192-b752-3e8799e603bd,True based on the passage,,true,1,Correct interpretation,
b7493e7d-0e44-404d-86f7-3cb44c3e84d3,2026-04-02 03:56:05,9ab3a09b-e66d-41cd-9a47-3b1e23ba679c,Item A: English phrase,,true,1,Matches Vietnamese translation,pair_A
b756fd60-96af-4a7f-94a9-8b6d658b1056,2026-04-02 03:56:05,702905cb-f303-4c1d-baa4-b520c7de4181,Grammatically incorrect,,false,2,Unnatural phrasing,
b75ccbc6-0968-4286-af4a-9e78f817c223,2026-04-02 03:56:05,4d187997-f7c8-469c-ba75-4064f4a6976b,Related topic from audio,,false,3,Context related but not stated,
b7738a38-6763-4e68-bd4c-14c64094ba80,2026-04-02 03:56:05,3fc90fd3-a2e4-456e-b9fd-73d3857c7a09,Completely different,,false,4,Unrelated option,
b7bb283e-069f-4f17-9517-b4feb3492200,2026-04-02 03:56:05,fd831ac1-df66-4d1f-9d50-ebdb4315c666,The correct word to fill,,true,1,Proper grammar and meaning,
b7f001bd-9f71-459b-bce4-3b9576fa624d,2026-04-02 03:56:05,5555ab11-dade-46ca-b08a-f70c0ee52889,The correct word to fill,,true,1,Proper grammar and meaning,
b7f43bde-c40e-4f70-975d-16f74630395c,2026-04-02 03:56:05,84ac2854-63ac-41f0-adb5-3cd9d9ae358c,True based on the passage,,true,1,Correct interpretation,
b81868b2-d855-4f98-acec-ffa02a9f7aed,2026-04-02 03:56:05,2802dc27-6534-468c-a040-20794da407ca,Item C: English phrase,,true,3,Matches Vietnamese translation,pair_C
b842a542-3b77-4543-a087-a991031bad61,2026-04-02 03:56:05,28c3a2db-d386-4bde-a7a0-7250fb30eb8e,False: not mentioned in text,,false,2,Misunderstanding,
b87f7509-7de4-4b27-a4e9-3d438744ad01,2026-04-02 03:56:05,6e98b05f-05b6-4a67-8cb2-b91a28e0f01d,Correct sentence from audio,,true,1,Exactly as spoken,
b88072cb-6c65-48aa-a74d-67f78feb0cac,2026-04-02 03:56:05,4a339287-0b9b-4be2-ad99-f15e5bb1cd11,Wrong verb tense,,false,2,"Same word, wrong form",
b89b6a7d-8dad-4973-ae0d-15f49202486d,2026-04-02 03:56:05,31dc2bfe-233a-42dc-ae15-203763c3e732,Common beginner mistake,,false,4,Typical error,
b8a38cfd-acef-4255-9a61-10e7feb054de,2026-04-02 03:56:05,b4b7310c-fca7-42d9-8632-aee38bf32e7f,The speaker says this exactly,,true,1,Correct audio interpretation,
b8f08d84-7b53-4fb7-b687-1df2d55948e2,2026-04-02 03:56:05,a84bd2d3-fbfd-408b-90f3-10f3dc155b7d,Related topic from audio,,false,3,Context related but not stated,
b8fc76bd-9022-405a-b5f6-31956516780f,2026-04-02 03:56:05,f232c412-f8cd-4001-bed3-780e865714ed,Common beginner mistake,,false,4,Typical error,
b907979b-7909-4b06-bf40-d53935fea209,2026-04-02 03:56:05,972f0225-3635-4477-ac00-dd5cb00b97fe,Correct sentence from audio,,true,1,Exactly as spoken,
b911ec86-5a76-4318-a33b-2cd73a5d5a9d,2026-04-02 03:56:05,74346b0f-8d5d-44c5-a1a6-d04d5d5fb66f,Related topic from audio,,false,3,Context related but not stated,
b91de6a9-c380-407a-8b1c-e2fe698ea9da,2026-04-02 03:56:05,9d21643b-c11a-4092-b37c-b9ede0fe90ab,Has spelling error,,false,2,Homophone confusion,
b95ae137-852b-4fca-a6de-1b0f4b97dd78,2026-04-02 03:56:05,492fb405-1dc2-4b36-931f-f98963749a16,Grammatically incorrect,,false,2,Unnatural phrasing,
b9795388-010f-429c-af1f-da96d8527605,2026-04-02 03:56:05,0b406886-6ec9-4dd5-b290-2a46e1994d2e,The correct word to fill,,true,1,Proper grammar and meaning,
b97f87e9-e088-48e2-a273-d581ef74c4af,2026-04-02 03:56:05,4574f9be-c361-4d1d-b751-3d0e8f2fca3a,True based on the passage,,true,1,Correct interpretation,
b98861ef-e33f-4673-9dfd-fac91c97d3c0,2026-04-02 03:56:05,630fc29b-8518-4616-ba9d-3525c08719f7,Opposite meaning,,false,3,Antonym in Vietnamese,
b99a45ee-deb0-4a78-bcc2-84e92d1045b2,2026-04-02 03:56:05,f89960c3-4d5b-4619-9d11-a6784781120c,The correct word to fill,,true,1,Proper grammar and meaning,
b9ab596a-5778-4216-a8ab-3e0ba4abc2ab,2026-04-02 03:56:05,a84bd2d3-fbfd-408b-90f3-10f3dc155b7d,Completely different,,false,4,Unrelated option,
b9eca074-6cbd-4dbd-bf0b-3e27495f3052,2026-04-02 03:56:05,7781d69f-b107-4490-8e7c-caa6704836c2,Natural and appropriate response,,true,1,Fits conversation flow,
b9f10687-fec5-4a55-ba51-001ee3a4051f,2026-04-02 03:56:05,62cace0b-0cd0-4904-b8fe-c7f06c9ef119,Item B: English phrase,,true,2,Matches Vietnamese translation,pair_B
b9f70a94-b8a7-47fe-af6b-9b21bb681630,2026-04-02 03:56:05,62200908-5d7a-4e14-8ab6-6b8a1395c171,Sound-alike but wrong,,false,2,Phonetic confusion,
b9fcc7bc-d170-4e6f-8629-02297709c261,2026-04-02 03:56:05,f588029a-a55e-4cf8-afbd-095ff87a1985,Natural and appropriate response,,true,1,Fits conversation flow,
b9fe674a-59a7-4144-8d8c-493a58ece0e9,2026-04-02 03:56:05,5b18ee1a-eccd-4dda-9af6-7f3695154288,Has spelling error,,false,2,Homophone confusion,
ba0b1f20-0652-48dd-b82a-ec3e0b56d2f0,2026-04-02 03:56:05,cb4a212f-165d-4e9c-9199-57dab97d48e5,Has spelling error,,false,2,Homophone confusion,
ba101156-7dec-47e7-83cf-8a710c061f38,2026-04-02 03:56:05,50a1ba91-e2cf-4620-ae0a-6a53a4567fc4,Item D: English phrase,,true,4,Matches Vietnamese translation,pair_D
ba2a0a62-cc78-47fd-aa94-a374464a4deb,2026-04-02 03:56:05,dde1cc30-e89f-4b07-a962-f1419cd581dc,Impolite or rude tone,,false,4,Wrong register,
ba91a683-40f2-49dc-a81f-d2a4c1e6243b,2026-04-02 03:56:05,c9240f71-afd1-4cb7-89bd-60425dcc5910,Item C: English phrase,,true,3,Matches Vietnamese translation,pair_C
bab47143-9bea-459c-8c73-d33ba1743484,2026-04-02 03:56:05,8c38fcca-c84f-470f-8af2-eeb1f40e386b,Wrong verb tense,,false,2,"Same word, wrong form",
bad248c7-7606-4d5b-b368-6a9e3654a639,2026-04-02 03:56:05,e2494242-a1c2-4aa8-affc-8f10c93b564e,Correct sentence from audio,,true,1,Exactly as spoken,
bad3e300-67af-4cb9-b262-73a7b84bcd7b,2026-04-02 03:56:05,53efa76d-b196-4709-8dc7-41a539518530,Common beginner mistake,,false,4,Typical error,
bb00ce55-f08e-48e7-a6d4-80f34f44406a,2026-04-02 03:56:05,31bdfea8-4c25-4dc3-b348-c0ce9a67833f,Misses the context,,false,3,Does not answer the question,
bb05e77b-3f5b-4987-9981-cf3e783721e3,2026-04-02 03:56:05,c68e549c-3dd7-4cf7-b0b3-29817f81c5e1,False: not mentioned in text,,false,2,Misunderstanding,
bb3b8d8e-d00e-4b87-9ba9-92373c76bf93,2026-04-02 03:56:05,63b3ab6b-2af5-4ad2-91f8-7fb0e536ec65,Misses the context,,false,3,Does not answer the question,
bb4a43c9-bd96-4625-b648-d123a0b2fa5b,2026-04-02 03:56:05,b721193e-05de-46f1-b9bd-fea599b2f5f2,Sound-alike but wrong,,false,2,Phonetic confusion,
bb7b9c04-f0f9-48f3-9c40-5fe0e32989c6,2026-04-02 03:56:05,544dfbe6-0fc2-41b7-9d5b-d2026a1100f4,Item A: English phrase,,true,1,Matches Vietnamese translation,pair_A
bb8e09c1-f7ea-43b5-89ca-dc5d0bee8645,2026-04-02 03:56:05,cc6ca6ad-796d-4743-9d96-0b8c67536ec2,Common beginner mistake,,false,4,Typical error,
bb8eac1c-2378-4124-98e4-9c4fb45e6154,2026-04-02 03:56:05,4d187997-f7c8-469c-ba75-4064f4a6976b,Sounds similar but different,,false,2,Similar pronunciation,
bba4a432-bcdf-42aa-afd5-aaa3bf30ebb2,2026-04-02 03:56:05,5343b8c0-152f-4c8d-b73d-efc898d2fb46,Item C: English phrase,,true,3,Matches Vietnamese translation,pair_C
bba7d551-cfc6-4524-bd0e-d1cb67f9d036,2026-04-02 03:56:05,4d02a13b-09bb-42db-af7e-afaf45785e4c,Impolite or rude tone,,false,4,Wrong register,
bbb44e61-df5b-4eab-96b8-9e7c812f5a2c,2026-04-02 03:56:05,4a7d9252-4483-467f-bcbc-83147d0c5a42,Grammatically incorrect,,false,2,Unnatural phrasing,
bbc7363b-e30f-4368-b121-f6be376d8b10,2026-04-02 03:56:05,da1419b2-580e-465d-acf3-27d227440316,Opposite meaning,,false,3,Antonym in Vietnamese,
bbca00f4-8f21-4238-a095-ebc6f7e6b84f,2026-04-02 03:56:05,287f430c-9b8b-4628-95fd-4c88bb36e740,The speaker says this exactly,,true,1,Correct audio interpretation,
bbe3c1cb-2ba6-4ea2-bfbe-f07bb723c63b,2026-04-02 03:56:05,3ccd1a77-8e23-4cc9-87f9-300811782c78,Grammatically incorrect,,false,2,Unnatural phrasing,
bbfd1738-e759-446d-bc16-321542dcd969,2026-04-02 03:56:05,3f9d6d52-774e-4f52-a2ad-f9730e290731,Impolite or rude tone,,false,4,Wrong register,
bc0a8884-93a7-4c29-9c54-6de1a4b0731d,2026-04-02 03:56:05,6683897f-ac1f-43ec-a837-dbdd3ce02d99,Opposite meaning,,false,3,Antonym in Vietnamese,
bc6c3a2d-09a5-4770-8e67-40aeda73adfa,2026-04-02 03:56:05,b6dc100f-3fa5-4e07-b415-4a489f2b89a9,Sound-alike but wrong,,false,2,Phonetic confusion,
bc72a80c-ed2b-4a72-8463-3921e72f2107,2026-04-02 03:56:05,5a0f782d-1233-42c9-8453-c8360859b1a1,Opposite of what was said,,false,3,Inverted meaning,
bc7419d3-e09f-4980-959e-9ce8a2ce4619,2026-04-02 03:56:05,dc22c061-9411-433e-bd49-933e4445456f,Opposite of what was said,,false,3,Inverted meaning,
bc79530a-2166-4497-8970-7b381937dab3,2026-04-02 03:56:05,0afdeec2-07de-4afa-b73a-e0edd744b27e,Has spelling error,,false,2,Homophone confusion,
bc98f6d9-294a-4d44-abea-c948f8691038,2026-04-02 03:56:05,df5620e6-5d53-4ce1-88ff-4c8cca99ab76,Opposite of what was said,,false,3,Inverted meaning,
bcacbd52-15f7-4cf3-8ae6-03508057ae48,2026-04-02 03:56:05,e756f49a-c712-4138-b6a0-221c6bcb64c2,Impolite or rude tone,,false,4,Wrong register,
bccc0380-95db-43fa-b2d2-9967a84b7425,2026-04-02 03:56:05,1d473fde-d371-4e6b-a0c8-d068e6099250,Opposite meaning,,false,3,Antonym in Vietnamese,
bcd90d77-5985-4ee9-b9d8-bf98a65128ec,2026-04-02 03:56:05,f167e0c9-1235-446b-8cfe-c22f257bc74d,Related topic from audio,,false,3,Context related but not stated,
bcdc343e-5557-430b-b776-4c2cf5788678,2026-04-02 03:56:05,6b65b744-c0b7-4152-817b-8e6c18d64649,Completely different sentence,,false,4,Wrong transcription,
bce9739d-6ec2-489e-9575-9fa6a577f1af,2026-04-02 03:56:05,d8803962-d58c-4859-86d8-5cd9ae5ac82c,Correct sentence from audio,,true,1,Exactly as spoken,
bd015d16-d33f-4d31-979c-c576158c3e35,2026-04-02 03:56:05,7ec5a721-c737-405a-bc74-d763c7432f97,Different part of speech,,false,3,Noun instead of verb,
bd488ef6-a26b-400e-8df9-f42df00744f3,2026-04-02 03:56:05,8c38fcca-c84f-470f-8af2-eeb1f40e386b,Different part of speech,,false,3,Noun instead of verb,
bd9f1b11-1eae-44e7-ac10-4dd439186dd3,2026-04-02 03:56:05,eb9645dd-7f9d-428a-b5b7-772ecfaa9243,Misses the context,,false,3,Does not answer the question,
be01d0bc-aa36-4710-85c6-28b660fa2a2d,2026-04-02 03:56:05,7d4c182a-fc01-445d-b935-1bef091cc29e,Item A: English phrase,,true,1,Matches Vietnamese translation,pair_A
be0543ac-daa1-43bf-9d63-175348ad406c,2026-04-02 03:56:05,1c02e16f-f383-4be6-bc4c-4469442bfc13,Item D: English phrase,,true,4,Matches Vietnamese translation,pair_D
be09ae84-fad0-425e-ba17-53f434b17717,2026-04-02 03:56:05,d3bfc0ca-2665-4dc3-99dc-d2ea4a1a1f67,Opposite meaning,,false,3,Antonym in Vietnamese,
be0b7b27-68a0-4530-baeb-fdb016960f18,2026-04-02 03:56:05,e2494242-a1c2-4aa8-affc-8f10c93b564e,Has spelling error,,false,2,Homophone confusion,
be1f8a6b-4bb6-4c5e-88c7-0e1b2b467c98,2026-04-02 03:56:05,dca98b1a-d710-4717-836c-65ef044c029b,False: not mentioned in text,,false,2,Misunderstanding,
be2d371c-6930-42b5-a1d8-4d2b66728230,2026-04-02 03:56:05,f3e747b8-972e-4f6b-9a97-1111b40b9a51,Completely different sentence,,false,4,Wrong transcription,
be35663f-bdd1-4c4f-b93c-662f40d8ba43,2026-04-02 03:56:05,630fc29b-8518-4616-ba9d-3525c08719f7,Sound-alike but wrong,,false,2,Phonetic confusion,
be370250-eb5d-4f29-9bc2-4e8c911411e1,2026-04-02 03:56:05,c397b18c-6526-46b9-a9db-426ec2c392ca,False: not mentioned in text,,false,2,Misunderstanding,
be3dfe45-7bb6-4e7d-9397-406e2d9a05c6,2026-04-02 03:56:05,8a61715e-132e-4423-a484-db7368db0c09,Wrong verb tense,,false,2,"Same word, wrong form",
be47cffc-71bd-4286-aa67-e58b1e9344dd,2026-04-02 03:56:05,44a8edb1-0cda-483c-94e3-df58c74349de,Opposite meaning,,false,3,Antonym in Vietnamese,
be4f412d-9ce0-43eb-a885-919bd5b8f98c,2026-04-02 03:56:05,26f19697-c6f2-4416-aca2-ebb845e8637f,True based on the passage,,true,1,Correct interpretation,
be5cbf38-ddaf-4a73-b1cb-94b130ebe088,2026-04-02 03:56:05,08344a86-2d4e-4aba-a121-66e08a9374c6,True based on the passage,,true,1,Correct interpretation,
be7ce3f6-75ba-4ad8-8ee7-c463b116e9fe,2026-04-02 03:56:05,87f51ef7-df1b-4188-b48d-1625e41ca080,Partially true but incomplete,,false,4,Half-correct answer,
bea49941-646e-4d50-abb3-8e7e9a084c7d,2026-04-02 03:56:05,612e3f93-02f9-4414-82b5-ad090c599756,English word translation,,true,1,Direct meaning from English,
beb507c3-94dc-48f6-a4f5-b2e72f4b2a20,2026-04-02 03:56:05,e832525a-dd6a-4dd4-9464-0a047184c746,Item C: English phrase,,true,3,Matches Vietnamese translation,pair_C
bee25977-f55e-4858-84a2-9bec9da29385,2026-04-02 03:56:05,76c10e3f-fdfa-490a-84cd-2550342e47f9,The speaker says this exactly,,true,1,Correct audio interpretation,
bee38a29-c457-4e8d-80f1-23d1d8e5d25f,2026-04-02 03:56:05,df5620e6-5d53-4ce1-88ff-4c8cca99ab76,Partially true but incomplete,,false,4,Half-correct answer,
bef3d078-5488-492d-8b31-bffe166b88c7,2026-04-02 03:56:05,62ce04ed-a971-4f0d-b9c5-737c1ee1e58b,Item B: English phrase,,true,2,Matches Vietnamese translation,pair_B
befedf51-1017-4ba5-8005-f8a9d74e1338,2026-04-02 03:56:05,630281db-1a4f-46d5-ac68-a7d64a4fb506,Different part of speech,,false,3,Noun instead of verb,
bf05da56-e424-429a-a4dd-e20587862006,2026-04-02 03:56:05,eb1ef3e9-2a6d-4597-b94d-20db61c7a1c4,Grammatically incorrect,,false,2,Unnatural phrasing,
bf1965e0-0832-4ecf-bbbb-2209edc941e5,2026-04-02 03:56:05,ed04b899-dc86-4b33-a949-e0656730bc6b,True based on the passage,,true,1,Correct interpretation,
bf3288bc-d4e1-4585-ad14-9916d57ae9f4,2026-04-02 03:56:05,1cef9a80-285b-4f31-8cea-84a51b8d582d,Opposite of what was said,,false,3,Inverted meaning,
bf4313ce-3188-4cae-8208-d77fd42d8481,2026-04-02 03:56:05,fbe66335-ed90-423f-8cb4-e780a4acdf62,Sounds similar but different,,false,2,Similar pronunciation,
bf4ef090-fed1-42d0-9743-16f9b526eacb,2026-04-02 03:56:05,b77728d1-5cee-48da-950e-95151cfe1fe9,Opposite meaning,,false,4,Antonym for this context,
bf76ca29-3a6c-498f-8980-e75e93a39c43,2026-04-02 03:56:05,8d3c95ce-217e-4533-8759-74c6082e82bd,Opposite meaning,,false,3,Antonym in Vietnamese,
bf7ac3cc-63dc-40de-a6cc-02cd3c1eb44a,2026-04-02 03:56:05,27fdb2dd-0456-4a62-bdbd-ca828d92872f,English word translation,,true,1,Direct meaning from English,
bf8dbaf5-2180-4a1b-8f6f-35f5d01b8cbc,2026-04-02 03:56:05,6f695f5e-ceea-46cc-9e93-05803c8e6498,The correct word to fill,,true,1,Proper grammar and meaning,
bf9024fe-6803-4c27-a0a5-3f6c99b173f2,2026-04-02 03:56:05,4ae2b638-4593-410a-b440-4410092f7a62,Item C: English phrase,,true,3,Matches Vietnamese translation,pair_C
c000958f-382b-44f3-b6e6-f3130ccbbd82,2026-04-02 03:56:05,06318b25-6920-4994-90f1-904856411ab8,Has spelling error,,false,2,Homophone confusion,
c00a9ae3-0ead-4976-8547-d1c91b081cb4,2026-04-02 03:56:05,612e3f93-02f9-4414-82b5-ad090c599756,Common beginner mistake,,false,4,Typical error,
c01a2a59-d474-4953-9508-7d4826871b67,2026-04-02 03:56:05,242b76d0-b05f-42f6-99b9-e7c3df5c3468,Natural and appropriate response,,true,1,Fits conversation flow,
c01f102f-0f6a-45bb-a598-2a8c43d73d86,2026-04-02 03:56:05,4a339287-0b9b-4be2-ad99-f15e5bb1cd11,Different part of speech,,false,3,Noun instead of verb,
c0345d5d-de22-4c96-9431-979c6abb1d14,2026-04-02 03:56:05,7824b933-bba4-4df5-b168-294a757d9a82,Common beginner mistake,,false,4,Typical error,
c0402840-a99a-4627-bd8b-6f5f55fe1d5d,2026-04-02 03:56:05,dc22c061-9411-433e-bd49-933e4445456f,True based on the passage,,true,1,Correct interpretation,
c074f02d-4c21-4243-9587-72d82aac89df,2026-04-02 03:56:05,29e10fc9-0f4b-4c5d-88a9-cf1756366f93,Completely different sentence,,false,4,Wrong transcription,
c07a7a52-f274-4136-99c8-e747e4fa637d,2026-04-02 03:56:05,1ba23f64-9d27-4ba0-b23d-2543c8774f42,Completely different,,false,4,Unrelated option,
c0938ad6-7d4e-4ac8-9263-d2b814caac99,2026-04-02 03:56:05,b2541309-ddfe-4e80-bebd-0e5ed72127bc,Opposite of what was said,,false,3,Inverted meaning,
c0b85185-e016-4c29-b86a-06d476d8cbf9,2026-04-02 03:56:05,b1bea614-b117-4162-acd0-896b093de76b,Similar sounding sentence,,false,3,Auditory similarity,
c0d5715a-7a3f-41fc-ad2f-6482377da9a1,2026-04-02 03:56:05,cb4a212f-165d-4e9c-9199-57dab97d48e5,Similar sounding sentence,,false,3,Auditory similarity,
c0ddf076-622c-4b22-869c-081e14c91137,2026-04-02 03:56:05,38cce009-909c-4434-a4d5-bffb98e35f96,Completely different sentence,,false,4,Wrong transcription,
c0e202d1-fe33-4ab5-aa8d-7905469c6cb5,2026-04-02 03:56:05,c42cf5fa-84de-4e5e-98b0-762e4884ffec,Common beginner mistake,,false,4,Typical error,
c0e88d34-fc2b-4663-b4d3-d3a754f3b6e6,2026-04-02 03:56:05,d10fd680-87ba-4f98-b57a-20387a61d3ee,The speaker says this exactly,,true,1,Correct audio interpretation,
c0e97f69-3e0c-4c01-a5a8-0c6ab386f3fb,2026-04-02 03:56:05,7735dfe8-95f7-4599-97f2-c6fea5fe8494,False: not mentioned in text,,false,2,Misunderstanding,
c10dcd40-923a-499f-a128-92f4498aae70,2026-04-02 03:56:05,d93400f8-f17c-415e-8ee2-b3857feb59f4,Related topic from audio,,false,3,Context related but not stated,
c11d0621-41ad-4082-a520-f55465c8fe05,2026-04-02 03:56:05,3c904bc0-f5f5-4433-849c-09e1db2f1832,False: not mentioned in text,,false,2,Misunderstanding,
c14238e9-88be-4216-ad59-7e4844a3d684,2026-04-02 03:56:05,fe1f986b-89b5-4ab0-9dc9-aaa40463eb1f,Different part of speech,,false,3,Noun instead of verb,
c14daef4-d50f-458d-ac48-ac855d7bb98e,2026-04-02 03:56:05,735b457b-36d6-4f63-b72b-32e44dfe3827,False: not mentioned in text,,false,2,Misunderstanding,
c166b40c-e3eb-4e21-bff4-1e3e97d4885d,2026-04-02 03:56:05,8638e5ef-62ea-4294-99b5-a787d74ecc8d,True based on the passage,,true,1,Correct interpretation,
c16e9ce2-096c-435d-8411-5a07fa5d6d0c,2026-04-02 03:56:05,fb58accf-c2cd-4dde-97c7-454b3f82eee4,Completely different sentence,,false,4,Wrong transcription,
c17a09a8-c68f-4e75-8817-a30dbc2d2017,2026-04-02 03:56:05,67b71451-0311-4a1a-9731-095de6c3f023,Item B: English phrase,,true,2,Matches Vietnamese translation,pair_B
c1d19a2b-7f4a-4afe-be92-84dcafd80855,2026-04-02 03:56:05,31299536-93a4-4a58-b2fe-a1a7f8125799,Has spelling error,,false,2,Homophone confusion,
c1d37330-3c98-49ce-ba5e-d7241e024d33,2026-04-02 03:56:05,3b012923-5821-4a13-b95c-1eb7db30b296,Partially true but incomplete,,false,4,Half-correct answer,
c1dbf700-be33-4ede-9628-2eb9820fe97f,2026-04-02 03:56:05,1c3b1cd0-e758-45be-b5f1-2b7943f75c10,Sounds similar but different,,false,2,Similar pronunciation,
c205200c-a3c0-4a6e-9798-212dcfb55ad0,2026-04-02 03:56:05,c4c877a5-6081-42d7-915c-efdc9da30aee,Has spelling error,,false,2,Homophone confusion,
c20a9ec8-3434-452d-954a-ee914c61b8e7,2026-04-02 03:56:05,486b4790-4d23-46d8-a475-4313c3ed6952,Item A: English phrase,,true,1,Matches Vietnamese translation,pair_A
c2111625-0afa-4eef-ab4e-e3df9354fc9c,2026-04-02 03:56:05,431b2605-fcd7-42cb-8266-207eb7a86d54,Item B: English phrase,,true,2,Matches Vietnamese translation,pair_B
c220a3b8-9f20-4367-90b6-99def0b0f1eb,2026-04-02 03:56:05,14aec51b-d7cb-4c89-a01f-3b69d5378dd8,Opposite meaning,,false,3,Antonym in Vietnamese,
c226bb2d-38f6-43b4-af66-0a678c71c4b8,2026-04-02 03:56:05,261935bf-4acc-46c9-ab48-8b9af03c73d8,False: not mentioned in text,,false,2,Misunderstanding,
c28e3a5f-526a-41b3-843e-0d56a066effc,2026-04-02 03:56:05,0bc8a4f7-dbce-4628-a6a4-c9b4b82747b4,Item A: English phrase,,true,1,Matches Vietnamese translation,pair_A
c2af8287-2f93-4f6c-b641-b8e3183050fd,2026-04-02 03:56:05,535d870c-2269-492c-a5b8-88051baeaa4c,Sound-alike but wrong,,false,2,Phonetic confusion,
c2b7e4c5-8cad-47b8-9df5-a8c159b25b2d,2026-04-02 03:56:05,8c2cb01b-b51b-4acd-864e-908dd91e21c3,The correct word to fill,,true,1,Proper grammar and meaning,
c2bb4624-6ee3-408d-a63b-4feef69f19f8,2026-04-02 03:56:05,37bb6acb-af73-44f9-adf5-81fcfa167c26,Sounds similar but different,,false,2,Similar pronunciation,
c2bff2f3-2fb1-45c6-b9eb-8c0c361cc0b6,2026-04-02 03:56:05,c90b7e32-0a39-4426-9001-4b6862858a12,Partially true but incomplete,,false,4,Half-correct answer,
c2d9579a-9f01-4b4e-a6c1-b19369cb6d26,2026-04-02 03:56:05,1ef656b6-2ffc-4d34-a8b8-9a05d5ae7489,Completely different,,false,4,Unrelated option,
c2f84f2a-2ad4-4ff9-baf5-edc55ea4f2e5,2026-04-02 03:56:05,3ccd1a77-8e23-4cc9-87f9-300811782c78,Misses the context,,false,3,Does not answer the question,
c3051c1a-6cc2-437c-af30-206f1f0a6d92,2026-04-02 03:56:05,e1c394d8-fe4d-4d96-8f91-649c2c550c6b,Wrong verb tense,,false,2,"Same word, wrong form",
c30e4f9c-c4af-4f54-ac0b-0ce26d04e576,2026-04-02 03:56:05,cd3069c9-b8dc-4fed-9428-3cea46b9bb31,Completely different sentence,,false,4,Wrong transcription,
c31e38fe-3f5f-450a-8710-7dff9467b602,2026-04-02 03:56:05,507d5438-cdee-48dc-8064-62101fd35584,True based on the passage,,true,1,Correct interpretation,
c334b74e-ae8d-496f-b6d2-22cdf45aedfc,2026-04-02 03:56:05,c4f8dd4c-533d-4ca9-b2d7-99de6ca8089f,Item D: English phrase,,true,4,Matches Vietnamese translation,pair_D
c33ed4dd-9bfb-4624-82db-8645236b2b1d,2026-04-02 03:56:05,d0811ec2-c87e-4c73-9342-7fbf24103f92,Partially true but incomplete,,false,4,Half-correct answer,
c3460b5b-0477-44f5-b51c-61e373af72d1,2026-04-02 03:56:05,ebca5e66-307f-44d4-bb2c-b9bcb7dddf2d,Common beginner mistake,,false,4,Typical error,
c34a189d-7ff3-441c-bc8d-5fb1dc334fcd,2026-04-02 03:56:05,c5acf0d6-9710-412c-913c-6472a0c2a3b4,Impolite or rude tone,,false,4,Wrong register,
c36c8297-22cd-43b4-9dae-2bd1ef860fed,2026-04-02 03:56:05,9d21643b-c11a-4092-b37c-b9ede0fe90ab,Correct sentence from audio,,true,1,Exactly as spoken,
c38e05cd-6b04-4294-a45d-6cb17147f924,2026-04-02 03:56:05,c42cf5fa-84de-4e5e-98b0-762e4884ffec,Opposite meaning,,false,3,Antonym in Vietnamese,
c3a59377-2a8a-4721-b145-2a72246f9f89,2026-04-02 03:56:05,74346b0f-8d5d-44c5-a1a6-d04d5d5fb66f,The speaker says this exactly,,true,1,Correct audio interpretation,
c3c747e9-55d4-465f-8cb5-06605ac955df,2026-04-02 03:56:05,f167e0c9-1235-446b-8cfe-c22f257bc74d,Sounds similar but different,,false,2,Similar pronunciation,
c3d8f97f-5f00-45e1-9d50-eb78444bdfb5,2026-04-02 03:56:05,630281db-1a4f-46d5-ac68-a7d64a4fb506,Wrong verb tense,,false,2,"Same word, wrong form",
c3da0f1d-3f6f-434b-bac8-5ce9da5bdae4,2026-04-02 03:56:05,c39bf774-70c0-4cb9-a7cb-71390189ed30,The correct word to fill,,true,1,Proper grammar and meaning,
c3dc245c-b5ec-4382-8051-daae378d589e,2026-04-02 03:56:05,507d5438-cdee-48dc-8064-62101fd35584,Opposite of what was said,,false,3,Inverted meaning,
c3e64317-9682-45ca-9ac7-e6d1ee9fb7d0,2026-04-02 03:56:05,7f54c712-6a5a-4705-9d77-c7e39f72b2b9,Sound-alike but wrong,,false,2,Phonetic confusion,
c3e650a2-1614-4508-9113-1623d58fbff0,2026-04-02 03:56:05,e67f76ee-5b86-431a-97cc-b0be13a5a283,Common beginner mistake,,false,4,Typical error,
c3ee3b7c-960f-4073-8371-f52066305c45,2026-04-02 03:56:05,893f69ed-94e8-4e30-ad94-b98a43cba997,Item A: English phrase,,true,1,Matches Vietnamese translation,pair_A
c3f1643a-eecf-4e1b-ac11-e28d50bd7ebe,2026-04-02 03:56:05,4d0e99e5-2a1a-408c-81d0-75003fbb57b6,Grammatically incorrect,,false,2,Unnatural phrasing,
c40255e9-d9fd-476f-b0fa-5de6e4280104,2026-04-02 03:56:05,d14273d7-6304-44ed-9dc5-09dcc9c38fcc,Item D: English phrase,,true,4,Matches Vietnamese translation,pair_D
c41a9d74-de3a-4201-ada5-ed181867bb42,2026-04-02 03:56:05,109e1e83-b9fb-4f9e-a8c0-f89ab7342f07,Opposite meaning,,false,3,Antonym in Vietnamese,
c4221c8d-d30f-41c7-90de-35767a46a128,2026-04-02 03:56:05,68f74817-e820-4cdf-ab6f-e9a5106428dc,Opposite meaning,,false,3,Antonym in Vietnamese,
c429c4a3-d84c-47fa-97ae-b2997c6d4c86,2026-04-02 03:56:05,71104fc0-17ea-47e3-89de-b2e8a7cc917b,Sound-alike but wrong,,false,2,Phonetic confusion,
c42de6ad-c8bc-413e-beec-fedf0b663100,2026-04-02 03:56:05,74717ede-2f55-407a-bbf3-edad9fbdd2fc,Has spelling error,,false,2,Homophone confusion,
c4469284-0975-4a41-96cc-c901c83b1f9a,2026-04-02 03:56:05,b2541309-ddfe-4e80-bebd-0e5ed72127bc,Partially true but incomplete,,false,4,Half-correct answer,
c44f7f48-ad59-4a6c-87bc-72140289c8b1,2026-04-02 03:56:05,3d9710a8-71d0-4ea8-8705-c2b9de4d8656,Item D: English phrase,,true,4,Matches Vietnamese translation,pair_D
c4889900-6100-4f87-8541-e1b1342ef26e,2026-04-02 03:56:05,5e27f1a3-dd5e-4460-8dfc-ac9c6d785558,Item B: English phrase,,true,2,Matches Vietnamese translation,pair_B
c4f14883-24d2-4368-8d71-c58889e12fa0,2026-04-02 03:56:05,f04fc449-6f17-4a79-8945-dc72803e0760,Partially true but incomplete,,false,4,Half-correct answer,
c4f7515d-1f9a-49d2-8c64-519d2644ee3b,2026-04-02 03:56:05,517538f0-d4c3-4b25-b9a6-0d3262e4e462,Natural and appropriate response,,true,1,Fits conversation flow,
c51bd4b5-db77-4c2e-b88b-bb56e24d62cd,2026-04-02 03:56:05,5e8f84ca-457c-4d76-90f3-cd113076f655,Opposite of what was said,,false,3,Inverted meaning,
c558ab99-aa98-4215-b696-f6d0e448c79f,2026-04-02 03:56:05,21caad28-16f0-4d3f-9633-fa8e42b14028,True based on the passage,,true,1,Correct interpretation,
c5653f60-4068-4321-a7ff-c2b36f2af077,2026-04-02 03:56:05,caba2dcf-2df3-4d60-ad84-fef4d2a04039,Sound-alike but wrong,,false,2,Phonetic confusion,
c56b4a45-0be3-42c5-bc30-3ed07f95e1e0,2026-04-02 03:56:05,c9c5fb8b-b468-4917-8b8a-7b89a45a9c9c,Completely different,,false,4,Unrelated option,
c56db33d-2820-4b1e-b4ef-7379e1bf6ca0,2026-04-02 03:56:05,4574f9be-c361-4d1d-b751-3d0e8f2fca3a,Partially true but incomplete,,false,4,Half-correct answer,
c56dd23b-187e-4afa-af0f-3f245dd768a5,2026-04-02 03:56:05,a044ce1b-72b4-422e-80ca-245e8905c112,Sounds similar but different,,false,2,Similar pronunciation,
c57f7bc6-1994-48b7-9939-d1d798c6d556,2026-04-02 03:56:05,60065f92-b180-4860-ac85-42ee77c0d810,Item B: English phrase,,true,2,Matches Vietnamese translation,pair_B
c585b864-5442-4b14-9986-1aafc19956bd,2026-04-02 03:56:05,66be583b-50fc-4cda-b18a-15baf033be62,Opposite meaning,,false,3,Antonym in Vietnamese,
c59590e5-c2b5-4399-a4f7-0a9c77598233,2026-04-02 03:56:05,0585fade-d57a-4151-bd52-57b7a5dd42f5,Opposite of what was said,,false,3,Inverted meaning,
c5b1bbf9-2143-4b04-a0e7-16578dd52018,2026-04-02 03:56:05,13d83227-85b3-433c-a68a-e24d23891ccf,Similar sounding sentence,,false,3,Auditory similarity,
c5d548b9-aeec-4240-bc06-77e53f3ffc5f,2026-04-02 03:56:05,b4f3b157-116f-4d1a-a9e4-25c8abe8c088,Similar sounding sentence,,false,3,Auditory similarity,
c60ad9b6-1a93-4d19-825b-fd3d255102e1,2026-04-02 03:56:05,b57e4e9a-9e74-4aa6-95d6-6cad83f259d2,Different part of speech,,false,3,Noun instead of verb,
c62cbfa8-8862-4b92-bf62-3784b9b1e63b,2026-04-02 03:56:05,fbeafe9d-185b-4dd0-952e-1915aa0b69d3,Impolite or rude tone,,false,4,Wrong register,
c650d611-8264-4485-b867-3c65924f368e,2026-04-02 03:56:05,591b1b31-10ab-46f5-baa7-0cd5ff2d7689,Item C: English phrase,,true,3,Matches Vietnamese translation,pair_C
c658ea3c-06c0-4a87-92d8-b30895283c5e,2026-04-02 03:56:05,1beb311e-76d9-4dbf-ba35-9108f6fb1937,Completely different sentence,,false,4,Wrong transcription,
c65fd53d-72fc-4cb6-a10f-1f216f0d5860,2026-04-02 03:56:05,5a4104ef-0acb-4838-9b17-6f93933cf1e3,Item D: English phrase,,true,4,Matches Vietnamese translation,pair_D
c665ea6b-aab2-4df9-8b27-8efdb5423537,2026-04-02 03:56:05,8c3f4e51-53c2-4f1b-b382-637cfe4ae468,The speaker says this exactly,,true,1,Correct audio interpretation,
c6676fbd-0f12-44a5-bf43-fafd5d9e5140,2026-04-02 03:56:05,b721193e-05de-46f1-b9bd-fea599b2f5f2,English word translation,,true,1,Direct meaning from English,
c671c99e-7302-4252-8664-5462a8549933,2026-04-02 03:56:05,ebca5e66-307f-44d4-bb2c-b9bcb7dddf2d,Opposite meaning,,false,3,Antonym in Vietnamese,
c68446d8-2c6e-47cf-97cc-8cf01741b545,2026-04-02 03:56:05,21caad28-16f0-4d3f-9633-fa8e42b14028,Partially true but incomplete,,false,4,Half-correct answer,
c6a81cbf-0ac1-4768-8880-925d87c564f6,2026-04-02 03:56:05,6b65b744-c0b7-4152-817b-8e6c18d64649,Similar sounding sentence,,false,3,Auditory similarity,
c6c963d0-de31-4121-8a4a-033ec1a19ed5,2026-04-02 03:56:05,3e849b49-f6eb-4a7c-be96-13e4fb1bd231,Item D: English phrase,,true,4,Matches Vietnamese translation,pair_D
c6cc36b3-9242-42b5-b076-d49bd8118f90,2026-04-02 03:56:05,b19e3a42-0203-4c4f-84d9-f8a34bf0bc5b,Correct sentence from audio,,true,1,Exactly as spoken,
c6d815e9-49d8-478b-99b7-b44efde9a2c2,2026-04-02 03:56:05,d80adcc3-3441-469c-bcc2-a5f03996dec4,Partially true but incomplete,,false,4,Half-correct answer,
c6defac7-4b41-4c02-8ddc-65bdf9d16831,2026-04-02 03:56:05,9961cd69-f46f-4519-bf30-8fa710a01e7b,Completely different,,false,4,Unrelated option,
c6df4306-58df-422d-9799-ae01e96cc2a5,2026-04-02 03:56:05,aa0d2b17-ee05-4f64-be1c-5bfa409e2634,Partially true but incomplete,,false,4,Half-correct answer,
c70a009d-d8c2-454c-b744-a3693657e664,2026-04-02 03:56:05,02b8a153-dcc6-4bb3-b7c7-df3733607cd4,Has spelling error,,false,2,Homophone confusion,
c71bf39b-f3e1-4def-aa94-a5f46cffa4e4,2026-04-02 03:56:05,5d18ec54-dcb8-46ff-a408-38d90e8a3684,The speaker says this exactly,,true,1,Correct audio interpretation,
c7398707-ae1c-403d-91aa-b32538a82bb9,2026-04-02 03:56:05,2c84678c-92f0-4a3d-9cb3-235a9cbd52d1,Completely different,,false,4,Unrelated option,
c7511007-f83c-48e7-85eb-7b3b039ede11,2026-04-02 03:56:05,62cace0b-0cd0-4904-b8fe-c7f06c9ef119,Item A: English phrase,,true,1,Matches Vietnamese translation,pair_A
c75d35bd-dd8d-4f04-8eed-f8589b712801,2026-04-02 03:56:05,12f32ab9-11cd-4236-afd3-ff4f1844f77a,Common beginner mistake,,false,4,Typical error,
c765666c-f0c0-46bd-a8c6-5a0f79100c1b,2026-04-02 03:56:05,b8b8d6c6-3464-4183-a618-ee5fea4c33a5,The correct word to fill,,true,1,Proper grammar and meaning,
c786d4bf-de53-4420-be53-c176a45e1f3a,2026-04-02 03:56:05,4bf4bdf4-4a01-4201-b356-c322a9df6336,Wrong verb tense,,false,2,"Same word, wrong form",
c7b1782d-5b04-4078-9b6e-fe1b38fe661e,2026-04-02 03:56:05,0025725d-b492-4965-af11-75833c98e03d,Item A: English phrase,,true,1,Matches Vietnamese translation,pair_A
c7b387a9-5ef0-4cc6-9e49-7c36ab8e441b,2026-04-02 03:56:05,431b2605-fcd7-42cb-8266-207eb7a86d54,Item A: English phrase,,true,1,Matches Vietnamese translation,pair_A
c7b946c4-5542-4e51-84e1-9f83da52e6da,2026-04-02 03:56:05,5a5986d2-5123-4411-ac0b-11c280404eaa,Item A: English phrase,,true,1,Matches Vietnamese translation,pair_A
c8107958-a527-4f92-ba26-e1ee415de3c1,2026-04-02 03:56:05,efca68c0-d8f8-4727-97cb-3cb59eca430c,Sound-alike but wrong,,false,2,Phonetic confusion,
c8199960-d443-4c0c-9c3e-df16b9459fa1,2026-04-02 03:56:05,84ac2854-63ac-41f0-adb5-3cd9d9ae358c,Opposite of what was said,,false,3,Inverted meaning,
c86a550e-cd31-4a93-9cb2-49b734294f26,2026-04-02 03:56:05,d0e0ffe1-298d-4d79-a449-7190a14c8869,Partially true but incomplete,,false,4,Half-correct answer,
c86f0e8d-2cc2-4a57-bb0b-b5caa2d072ec,2026-04-02 03:56:05,97098821-fa70-4be5-8958-09d63f833715,English word translation,,true,1,Direct meaning from English,
c8762fff-9f54-43c5-986e-df2910f6feea,2026-04-02 03:56:05,1ef656b6-2ffc-4d34-a8b8-9a05d5ae7489,Related topic from audio,,false,3,Context related but not stated,
c8995f8d-4064-49fc-ad1d-c3143a3967af,2026-04-02 03:56:05,e746be04-324c-4e65-8559-c09bb289ba14,Opposite meaning,,false,3,Antonym in Vietnamese,
c8a43c4a-8c97-4a10-8ad3-532a138ed426,2026-04-02 03:56:05,85dcafd3-e495-464a-ba20-71decd275c65,Completely different sentence,,false,4,Wrong transcription,
c8add4da-062a-4780-b3cc-c0fe134c9992,2026-04-02 03:56:05,60065f92-b180-4860-ac85-42ee77c0d810,Item D: English phrase,,true,4,Matches Vietnamese translation,pair_D
c8b6c155-506c-4dc1-9dee-6cda16c8c8c1,2026-04-02 03:56:05,83eefeab-78c2-467b-8165-fd8d8b4f7e4d,Correct sentence from audio,,true,1,Exactly as spoken,
c8d977da-6f5a-43a4-8131-a55ee3aa51e2,2026-04-02 03:56:05,2c43a83a-7eef-472b-b2ab-22c270b99452,Related topic from audio,,false,3,Context related but not stated,
c8f7e262-3067-4f33-b570-0f988366c2dc,2026-04-02 03:56:05,8d3c95ce-217e-4533-8759-74c6082e82bd,Common beginner mistake,,false,4,Typical error,
c905728c-9a27-4c36-9eb9-d4d6efa09ebe,2026-04-02 03:56:05,ecc5b893-1ee8-4c47-ae4e-25d017b7afa4,Opposite of what was said,,false,3,Inverted meaning,
c91a09ff-3971-45bc-a185-acb69a1c57c8,2026-04-02 03:56:05,c28126ae-02c4-4dca-ab77-d24f8e60f7e4,Sound-alike but wrong,,false,2,Phonetic confusion,
c943d178-e020-4b2e-9eef-dd2cace40e45,2026-04-02 03:56:05,e2b43629-035e-47f1-9dfa-5fcda35284f8,Related topic from audio,,false,3,Context related but not stated,
c94d8667-ccb7-49bc-8660-0f1cb0e6ce4b,2026-04-02 03:56:05,91562f70-5cb6-4680-866f-f695b512e993,Item A: English phrase,,true,1,Matches Vietnamese translation,pair_A
c96688a3-ab3a-4d62-980c-5df6c98337db,2026-04-02 03:56:05,c3485554-b1cc-4a15-b71c-beaab28dc77e,Sounds similar but different,,false,2,Similar pronunciation,
c96c2bf0-e718-4d2d-a1a3-af0d056a75f9,2026-04-02 03:56:05,b829d068-60aa-4bd2-9485-88051039863a,Impolite or rude tone,,false,4,Wrong register,
c96d0795-05ba-4274-8368-7efd92479318,2026-04-02 03:56:05,b552ec49-6f41-4954-86e9-99a8ec53b027,Common beginner mistake,,false,4,Typical error,
c970358e-1b3d-43af-8c6e-25be359f80a9,2026-04-02 03:56:05,24d9b4c4-6a8f-46bf-80b7-da3eaad4ac63,Completely different,,false,4,Unrelated option,
c977baaf-ac6f-484b-8b88-1dff2bbca1ac,2026-04-02 03:56:05,6683897f-ac1f-43ec-a837-dbdd3ce02d99,Sound-alike but wrong,,false,2,Phonetic confusion,
c98ca0d6-4867-43a5-ab8d-8b8d91c3ad43,2026-04-02 03:56:05,8d3c95ce-217e-4533-8759-74c6082e82bd,English word translation,,true,1,Direct meaning from English,
c9b94054-050d-4f8b-8035-0d582125a13f,2026-04-02 03:56:05,f944769c-10c9-4c49-b129-648b1dcf2ea6,Item A: English phrase,,true,1,Matches Vietnamese translation,pair_A
c9cdd67b-6dac-4cd9-9c7f-b3bbf2e249f1,2026-04-02 03:56:05,e67f76ee-5b86-431a-97cc-b0be13a5a283,English word translation,,true,1,Direct meaning from English,
c9da8f38-ab7b-4897-a9a5-0e5020fbba95,2026-04-02 03:56:05,2cd62a9e-1c1e-4f16-b137-1f302539b7fa,Has spelling error,,false,2,Homophone confusion,
c9e472b2-6930-42b5-95f3-fd861c370e0c,2026-04-02 03:56:05,e2b43629-035e-47f1-9dfa-5fcda35284f8,Completely different,,false,4,Unrelated option,
ca010608-54d5-4101-849b-538343e9195e,2026-04-02 03:56:05,e03c948b-d1ac-4226-8d67-ea7ab6ca6b2f,Impolite or rude tone,,false,4,Wrong register,
ca26ab40-4238-4cb8-ac5b-b7eca25495a3,2026-04-02 03:56:05,d92a5e33-c05d-401a-9a23-7f6ca56b8de0,Sounds similar but different,,false,2,Similar pronunciation,
ca2e2219-566d-4ba9-8de4-2fdc6defe8d2,2026-04-02 03:56:05,55ba2b85-92b8-46da-80de-acb7546405db,Opposite of what was said,,false,3,Inverted meaning,
ca3b51e8-ad5f-4433-bfe2-ee8bda35a0a0,2026-04-02 03:56:05,a2a12736-ec00-4a07-a9ed-5a73d435fdd9,Opposite meaning,,false,3,Antonym in Vietnamese,
ca69d34c-a202-4882-82f3-d9bf2ceddcf8,2026-04-02 03:56:05,20dfdc27-df6f-437d-ba37-775749b97be0,Opposite of what was said,,false,3,Inverted meaning,
ca88a978-db64-4149-bdb9-1b912ca32725,2026-04-02 03:56:05,4395f1f2-a5ac-40ec-865e-452b76e1a750,Impolite or rude tone,,false,4,Wrong register,
caa405da-e2a9-4dd2-90ed-042b81e9fb67,2026-04-02 03:56:05,5f85a523-8a8d-4b05-9142-a139d2b48932,True based on the passage,,true,1,Correct interpretation,
cab87367-8e7f-48e4-9bb2-da1a31f7ebcd,2026-04-02 03:56:05,f944769c-10c9-4c49-b129-648b1dcf2ea6,Item C: English phrase,,true,3,Matches Vietnamese translation,pair_C
cac77563-118f-406a-a9bf-df14b538cfcb,2026-04-02 03:56:05,95c5ceee-c1c3-4f91-b845-37a69234bc7a,True based on the passage,,true,1,Correct interpretation,
cacb9660-8797-43f8-8d1a-81147ceecf3f,2026-04-02 03:56:05,467f7c04-c18b-4a30-96ec-692d656e55bf,Opposite meaning,,false,4,Antonym for this context,
cae3b161-4ddc-4a37-82f0-d0fef378ef1d,2026-04-02 03:56:05,d0811ec2-c87e-4c73-9342-7fbf24103f92,True based on the passage,,true,1,Correct interpretation,
cae9391f-3298-443a-b48c-4f92293f5cfd,2026-04-02 03:56:05,108e2b0f-998d-4fd8-83eb-4ef539284ff2,Has spelling error,,false,2,Homophone confusion,
cb0c217b-3705-4be7-b308-c8624058ca6d,2026-04-02 03:56:05,49a2112f-3a68-4927-b768-b103084acdb5,Completely different sentence,,false,4,Wrong transcription,
cb202394-053d-472c-a6f2-d9e84627c197,2026-04-02 03:56:05,997fa180-cfdc-413b-9f9c-ca3f304e7bb3,Sounds similar but different,,false,2,Similar pronunciation,
cb372259-a75d-483d-97d3-f1ca016e3cdf,2026-04-02 03:56:05,664b7dec-be70-45f2-87e8-b7755e13de15,Common beginner mistake,,false,4,Typical error,
cb372600-6045-4f5d-960f-df129b85a756,2026-04-02 03:56:05,02b8a153-dcc6-4bb3-b7c7-df3733607cd4,Correct sentence from audio,,true,1,Exactly as spoken,
cb3ab886-1b69-4585-a3ba-4b8c2840fd38,2026-04-02 03:56:05,e33f5ba7-8613-4727-8017-c6b9eb68baf2,Grammatically incorrect,,false,2,Unnatural phrasing,
cb40238c-1056-46ae-835c-e69116b9b44a,2026-04-02 03:56:05,e756f49a-c712-4138-b6a0-221c6bcb64c2,Misses the context,,false,3,Does not answer the question,
cb58a49a-c6d5-458a-95db-9754f5a9dcce,2026-04-02 03:56:05,49be591e-5fd0-42d1-823a-d37510d9f9c4,Partially true but incomplete,,false,4,Half-correct answer,
cbd6662f-73a8-445c-a6a8-f90467d9c672,2026-04-02 03:56:05,aabe9411-066c-4891-8685-a72abec05d87,Correct sentence from audio,,true,1,Exactly as spoken,
cbed6bf1-05a4-4c20-a5ae-c4e1110fa8e9,2026-04-02 03:56:05,851317a1-a169-4f33-9fa5-776253ad2767,False: not mentioned in text,,false,2,Misunderstanding,
cbff3f08-ddac-43e6-8531-c16d643fd69a,2026-04-02 03:56:05,97d9f1f2-b4c3-48d8-8585-b61d3fe70dd0,Item B: English phrase,,true,2,Matches Vietnamese translation,pair_B
cc1f6ccb-84dc-4328-b502-6d3bb80209bf,2026-04-02 03:56:05,2c84678c-92f0-4a3d-9cb3-235a9cbd52d1,Sounds similar but different,,false,2,Similar pronunciation,
cc47ff00-bab5-49da-bf33-57bdef16880d,2026-04-02 03:56:05,87875ef9-0a8d-4215-82b2-9f9eb1d70248,Common beginner mistake,,false,4,Typical error,
cc6b858b-2bcb-478a-aeb5-2480e3339171,2026-04-02 03:56:05,3595c2f4-b7e0-4750-98a2-f35a34e29b6d,Item D: English phrase,,true,4,Matches Vietnamese translation,pair_D
cc8fcb64-3a40-4ff0-8273-c5ab19eb53a3,2026-04-02 03:56:05,3e849b49-f6eb-4a7c-be96-13e4fb1bd231,Item A: English phrase,,true,1,Matches Vietnamese translation,pair_A
cc99745e-5564-4da4-b528-555efdc1dab5,2026-04-02 03:56:05,667ef49a-73e8-4ec9-bdc9-37a04420911c,Sounds similar but different,,false,2,Similar pronunciation,
cca8eb7c-5947-4034-ba14-3bdac5bf4d01,2026-04-02 03:56:05,aadd8255-497e-475b-818a-99e298875f9e,Item B: English phrase,,true,2,Matches Vietnamese translation,pair_B
ccae4ef3-763d-4649-af54-42920c0a5446,2026-04-02 03:56:05,445c5dce-7af7-4946-9636-8cd2c5b00616,Different part of speech,,false,3,Noun instead of verb,
ccb7fddc-b9c8-464f-8dbc-357d7ceccdb9,2026-04-02 03:56:05,10a62fa1-1201-458c-81da-49b126310370,Opposite meaning,,false,4,Antonym for this context,
ccdd2ce5-f0ac-4547-baf6-80faa5055c80,2026-04-02 03:56:05,4c7fe20f-149d-4009-a60b-c443d8a331d0,Item A: English phrase,,true,1,Matches Vietnamese translation,pair_A
ccf53fc2-5b10-40a5-a0b3-d63645b73327,2026-04-02 03:56:05,6d70cdd3-146f-4228-a242-14fd4663c850,The correct word to fill,,true,1,Proper grammar and meaning,
ccfd84b6-9964-4167-8dc4-b2812be721b6,2026-04-02 03:56:05,fbe66335-ed90-423f-8cb4-e780a4acdf62,Completely different,,false,4,Unrelated option,
cd021377-8d03-4b7a-8f65-f7de2c229bdb,2026-04-02 03:56:05,d80adcc3-3441-469c-bcc2-a5f03996dec4,Opposite of what was said,,false,3,Inverted meaning,
cd140fe0-c48a-4a47-8e3a-201210598446,2026-04-02 03:56:05,ecc5b893-1ee8-4c47-ae4e-25d017b7afa4,True based on the passage,,true,1,Correct interpretation,
cd199084-5eb5-4356-9743-71c9d4498798,2026-04-02 03:56:05,deef6e16-552b-4a00-a6b9-dad233eb433d,Completely different,,false,4,Unrelated option,
cd3cdbb5-98e4-4331-a165-5acbcf9fd7d9,2026-04-02 03:56:05,2fc2d248-a148-4142-8428-23ae4e3c7eb2,Sound-alike but wrong,,false,2,Phonetic confusion,
cd4377a5-cd84-4da8-9f3d-12f9324fb564,2026-04-02 03:56:05,df418b05-e2e8-4680-b571-7e5f25058c85,Item B: English phrase,,true,2,Matches Vietnamese translation,pair_B
cd44338a-a6be-43f3-bef5-552cf93668c6,2026-04-02 03:56:05,910af6a8-2050-4853-892d-43ebd68af46a,The correct word to fill,,true,1,Proper grammar and meaning,
cd507932-d6d8-4adc-b2c7-acf111250bf9,2026-04-02 03:56:05,67480ddb-4cf8-4d69-aaf4-b2df19683c80,Opposite of what was said,,false,3,Inverted meaning,
cd5223cb-1881-45df-b252-484aa659a641,2026-04-02 03:56:05,05d07a26-ad5b-428c-af99-ec65d25c9a24,English word translation,,true,1,Direct meaning from English,
cd573386-6a28-477c-a6ae-9a38b18cfe27,2026-04-02 03:56:05,5e26a4ca-3ceb-45c4-a747-8c6a806d73c0,Opposite of what was said,,false,3,Inverted meaning,
cd7c37ab-7db4-498b-8977-7688653fab85,2026-04-02 03:56:05,93aa4510-de37-4d2f-9a23-779b135ea575,Opposite of what was said,,false,3,Inverted meaning,
cda076b1-787c-4d28-b378-f9f1dbe365d2,2026-04-02 03:56:05,1cef9a80-285b-4f31-8cea-84a51b8d582d,Partially true but incomplete,,false,4,Half-correct answer,
cdd1a704-6d0f-4f17-b6cc-933b7674d3f7,2026-04-02 03:56:05,8951b3ae-f961-41b1-b0ca-45060c61046e,The speaker says this exactly,,true,1,Correct audio interpretation,
cdd32c40-a7e9-44ad-b05f-5ce5f863f60e,2026-04-02 03:56:05,f5d6d63f-8729-4a73-a2c8-cdf8dc21ba93,Opposite of what was said,,false,3,Inverted meaning,
ce1f4446-2456-42a4-b108-266e36f71ffb,2026-04-02 03:56:05,4bd04913-65e2-4cfc-881f-432b86e4ac0e,Similar sounding sentence,,false,3,Auditory similarity,
ce38e427-1e23-4c0c-9a82-f947514b774d,2026-04-02 03:56:05,a80ca0b5-3eb8-4b37-aaa2-c4ff80b8cd7c,Natural and appropriate response,,true,1,Fits conversation flow,
ce3e841a-3636-4ff7-a8a9-afefe546d150,2026-04-02 03:56:05,db90c799-0ddd-41d3-95bc-92b23f61fc89,Sound-alike but wrong,,false,2,Phonetic confusion,
ce415894-f932-452d-b325-046ca5aecee6,2026-04-02 03:56:05,f81c0744-2c2a-41f0-bf95-78fa0aba5bfa,Similar sounding sentence,,false,3,Auditory similarity,
ce49fcbb-5024-4bd0-8d6b-7c28ba69e600,2026-04-02 03:56:05,a84bd2d3-fbfd-408b-90f3-10f3dc155b7d,Sounds similar but different,,false,2,Similar pronunciation,
ce532454-6980-4f5b-a2ee-c14de92b0f4e,2026-04-02 03:56:05,5d010628-9fda-4582-abc8-6efd28029d05,Completely different,,false,4,Unrelated option,
ce66cff7-f8c3-4d4d-b92e-a80712cef9d2,2026-04-02 03:56:05,27b07666-c280-4ef7-aba1-8558fab15f6b,Misses the context,,false,3,Does not answer the question,
ce6f3e25-38d7-4828-b88e-e23a883a1f15,2026-04-02 03:56:05,5e26a4ca-3ceb-45c4-a747-8c6a806d73c0,Partially true but incomplete,,false,4,Half-correct answer,
cea97b9f-a593-4a00-840d-e53cc5d69ea7,2026-04-02 03:56:05,53af23b9-90de-4b8d-8797-e635a8022c6b,Partially true but incomplete,,false,4,Half-correct answer,
cec7dff4-0108-411e-8032-e2672669cf0a,2026-04-02 03:56:05,d42783e2-2d62-4fcc-a5ba-971435af2996,Partially true but incomplete,,false,4,Half-correct answer,
cee2fb8b-1878-4b75-ba8a-8bd2dca2e311,2026-04-02 03:56:05,15fc778c-3bfb-4386-a7e7-7600eb200468,Item C: English phrase,,true,3,Matches Vietnamese translation,pair_C
ceebf33f-f33d-46fb-8be9-c664e8b897b3,2026-04-02 03:56:05,7f54c712-6a5a-4705-9d77-c7e39f72b2b9,Opposite meaning,,false,3,Antonym in Vietnamese,
ceee80ec-804e-47a9-8b18-9900d4856a16,2026-04-02 03:56:05,bb04b7e4-0451-41d8-a93f-76c0fc969562,Opposite meaning,,false,4,Antonym for this context,
cef25617-5ec3-48b6-9f7f-35916ff14a36,2026-04-02 03:56:05,d906efbe-4248-47a9-990a-da2f2d910c2f,Sounds similar but different,,false,2,Similar pronunciation,
cf02e3dc-e0da-47f9-9ff8-952237ee9e40,2026-04-02 03:56:05,f3e747b8-972e-4f6b-9a97-1111b40b9a51,Correct sentence from audio,,true,1,Exactly as spoken,
cf2b410c-a6c4-4526-a3b4-2a6c9578a6c7,2026-04-02 03:56:05,10a62fa1-1201-458c-81da-49b126310370,The correct word to fill,,true,1,Proper grammar and meaning,
cf2e0d46-d60c-4619-9da5-5a86b340e50f,2026-04-02 03:56:05,34224cc1-1072-458d-844b-f2a9b150fba3,Opposite meaning,,false,3,Antonym in Vietnamese,
cf34c2fc-3c55-44e3-83d4-5b9de274a323,2026-04-02 03:56:05,047edaa7-7543-4458-a458-103cc86adbca,Misses the context,,false,3,Does not answer the question,
cf3bd8a9-a7c8-4cc5-8dfd-dcedb0ce9652,2026-04-02 03:56:05,6e94c81e-155b-4192-be6c-0ba74077e9e7,Completely different,,false,4,Unrelated option,
cf5b1772-f6b7-46d4-ab02-e2bd601f6d9d,2026-04-02 03:56:05,302a6cb1-6d46-43fe-8a32-453b63ef59f5,Opposite meaning,,false,4,Antonym for this context,
cf5fb4d6-ed57-41a2-b17b-8d309b56ba9c,2026-04-02 03:56:05,60fe2be1-c489-4ef1-b898-b1fb6c965036,Related topic from audio,,false,3,Context related but not stated,
cf6fa106-511d-45f7-a3ed-0d4957d4f867,2026-04-02 03:56:05,5494e1c2-ae52-443d-9907-61f68ddd1781,Partially true but incomplete,,false,4,Half-correct answer,
cf8956a3-b0ca-4b54-9add-91964c031550,2026-04-02 03:56:05,612e3f93-02f9-4414-82b5-ad090c599756,Opposite meaning,,false,3,Antonym in Vietnamese,
cf9e9e3d-10d5-4d6f-835d-51d3194c3b68,2026-04-02 03:56:05,55ba2b85-92b8-46da-80de-acb7546405db,True based on the passage,,true,1,Correct interpretation,
cfb6140c-dc46-487b-92d2-587a1055d7b9,2026-04-02 03:56:05,698525e5-e9dd-4641-a7d1-d5130a402355,Has spelling error,,false,2,Homophone confusion,
cfcaf6ff-3f5d-48cb-a45a-af977b6bcfc8,2026-04-02 03:56:05,7f7bb9cd-8c7d-410e-9444-a790d580b6be,Impolite or rude tone,,false,4,Wrong register,
cff30518-b80d-4782-85f1-b54e17103bd2,2026-04-02 03:56:05,cc240c40-310c-46bc-b5ae-fd30b0bdb7c7,Sound-alike but wrong,,false,2,Phonetic confusion,
d034bc14-5bd8-4709-b37e-06fcbac42498,2026-04-02 03:56:05,9106d63a-b922-4459-b322-749303731ae3,Different part of speech,,false,3,Noun instead of verb,
d04b3429-48ba-40ec-899e-6999fc87437f,2026-04-02 03:56:05,97c79115-c58a-49f8-ba24-475fdf9b708f,True based on the passage,,true,1,Correct interpretation,
d06e8c45-b6a8-42d1-85b1-16891ec5a610,2026-04-02 03:56:05,f2369a72-48f5-4ce8-bb20-62386b2aaad9,Completely different,,false,4,Unrelated option,
d08187f5-cb55-4c0a-a295-b9a190104f1b,2026-04-02 03:56:05,109e1e83-b9fb-4f9e-a8c0-f89ab7342f07,English word translation,,true,1,Direct meaning from English,
d08893a6-cfd4-4c72-bf88-3acd823a0d25,2026-04-02 03:56:05,b1bea614-b117-4162-acd0-896b093de76b,Correct sentence from audio,,true,1,Exactly as spoken,
d0bdc27f-0411-45ba-b0a0-266aa606fff2,2026-04-02 03:56:05,d1207cb1-239f-489a-8f5a-100fbaafe139,The speaker says this exactly,,true,1,Correct audio interpretation,
d0c576fa-1c8e-4fe8-8a82-5ca99e758394,2026-04-02 03:56:05,5f7a20a7-409d-45ad-a752-c11693446e7c,Natural and appropriate response,,true,1,Fits conversation flow,
d0d7d500-a834-4573-b398-0fe3bb2f5713,2026-04-02 03:56:05,1beb311e-76d9-4dbf-ba35-9108f6fb1937,Similar sounding sentence,,false,3,Auditory similarity,
d0fd0344-f558-40a9-b9d5-fd9b2b99476f,2026-04-02 03:56:05,19872a55-b532-4eae-a607-fd95b1128aa0,Different part of speech,,false,3,Noun instead of verb,
d10ee7b9-ea66-4217-be18-0e27dcd3781c,2026-04-02 03:56:05,faf47169-7749-4488-8084-aff4e2179b45,Impolite or rude tone,,false,4,Wrong register,
d1236d9f-d5d8-4954-959a-9e7b614ea922,2026-04-02 03:56:05,c230db1d-dfa0-40c3-bd1b-69ad1d24ca7b,Similar sounding sentence,,false,3,Auditory similarity,
d137657f-7b10-4fd2-9d27-0914107dd21a,2026-04-02 03:56:05,7b1ec85e-f9cd-4ffe-b342-876a69cb67b7,Similar sounding sentence,,false,3,Auditory similarity,
d137cbe1-c129-4f2b-b7ef-21c49f77557e,2026-04-02 03:56:05,c8e1087f-5029-465e-b360-9cd3b97d4d31,The correct word to fill,,true,1,Proper grammar and meaning,
d155ec1c-eafd-4455-aba0-a7d897269fcd,2026-04-02 03:56:05,abbd0994-5bf1-46b4-a9d7-c7be05ce475b,Sounds similar but different,,false,2,Similar pronunciation,
d169093f-c317-4cdb-9dc6-2802d8181358,2026-04-02 03:56:05,309e985c-6e1c-4cc2-874c-20bef68475e4,Sound-alike but wrong,,false,2,Phonetic confusion,
d198d90b-0c18-4753-a48c-ffdd89b52132,2026-04-02 03:56:05,201171e8-9ae6-4729-b07f-5ec238c75a88,Has spelling error,,false,2,Homophone confusion,
d1cd0703-63c8-4fa1-8f10-92334fe2773e,2026-04-02 03:56:05,4795e012-8e42-45a3-8106-4c9aec83cc5f,Partially true but incomplete,,false,4,Half-correct answer,
d1d144ca-280f-4690-934e-b29aeb2c39d4,2026-04-02 03:56:05,c4f8dd4c-533d-4ca9-b2d7-99de6ca8089f,Item C: English phrase,,true,3,Matches Vietnamese translation,pair_C
d2062d4a-ae51-4434-8073-2a42258dc492,2026-04-02 03:56:05,b2f88a59-7344-4ceb-967a-5f9a41202712,Partially true but incomplete,,false,4,Half-correct answer,
d213f3fc-be35-47b2-99f6-a7fb661e50af,2026-04-02 03:56:05,99ea8f3b-dc79-4f74-aab8-86d5e36e3c34,Item C: English phrase,,true,3,Matches Vietnamese translation,pair_C
d219c372-324e-48bd-9645-4c8a21fd8783,2026-04-02 03:56:05,36cb1c3a-d63f-4c9c-b292-3f5df7ffde65,Item A: English phrase,,true,1,Matches Vietnamese translation,pair_A
d2523928-d28b-41ff-8760-ce282b05514f,2026-04-02 03:56:05,05d07a26-ad5b-428c-af99-ec65d25c9a24,Sound-alike but wrong,,false,2,Phonetic confusion,
d28d6401-7bd3-4cd1-bdd5-baacec6e57d0,2026-04-02 03:56:05,ed44285b-b10d-4be6-b55a-ff7a7701be9f,Opposite meaning,,false,3,Antonym in Vietnamese,
d29f8287-b20d-4cf4-ace4-a84cb64cdcfd,2026-04-02 03:56:05,d76ab1ca-4640-4435-8eca-901d8f6ffbbb,Item D: English phrase,,true,4,Matches Vietnamese translation,pair_D
d2c22f75-7e2f-4996-9be1-71e89090a575,2026-04-02 03:56:05,dcd2e857-4d5c-4a4e-bda8-b1290ff3c4f6,English word translation,,true,1,Direct meaning from English,
d2e1fc19-85ab-4686-83c1-6e85e41cf477,2026-04-02 03:56:05,d14273d7-6304-44ed-9dc5-09dcc9c38fcc,Item C: English phrase,,true,3,Matches Vietnamese translation,pair_C
d363345b-4e1e-4157-97e8-4de3a3075346,2026-04-02 03:56:05,893f69ed-94e8-4e30-ad94-b98a43cba997,Item C: English phrase,,true,3,Matches Vietnamese translation,pair_C
d3758ece-a51b-417e-bdca-aaf168e1370c,2026-04-02 03:56:05,4a339287-0b9b-4be2-ad99-f15e5bb1cd11,The correct word to fill,,true,1,Proper grammar and meaning,
d396d239-f169-46f0-93a2-47fde4684ec2,2026-04-02 03:56:05,e73d7a03-08db-49c7-9bad-1b42187ad768,Different part of speech,,false,3,Noun instead of verb,
d3c245f7-2953-404a-8063-733cb852fcf0,2026-04-02 03:56:05,38792b6f-e973-4d10-aeed-adbc7589f1f7,False: not mentioned in text,,false,2,Misunderstanding,
d3d5ec38-ae38-4daf-8d39-45a360059b59,2026-04-02 03:56:05,3d9710a8-71d0-4ea8-8705-c2b9de4d8656,Item C: English phrase,,true,3,Matches Vietnamese translation,pair_C
d3e18e09-1e36-4e7b-887d-ccae8870c6cd,2026-04-02 03:56:05,8c84ca93-e604-4cb0-957b-4272acc6ddd9,Grammatically incorrect,,false,2,Unnatural phrasing,
d40cd2bb-af3a-4957-ae1f-8d1dd33a3762,2026-04-02 03:56:05,c7e68e9b-27c3-4ed6-b546-2ac385a6716c,Sounds similar but different,,false,2,Similar pronunciation,
d4177296-47e0-4ead-9f3b-31589c36e067,2026-04-02 03:56:05,aa70bc3c-766f-40d0-bf64-9198c05bec42,Related topic from audio,,false,3,Context related but not stated,
d421c285-2046-4cd4-8f49-f9b4640a1c18,2026-04-02 03:56:05,5a54a5d3-af2f-4fbc-a4a0-55b2c0115347,Misses the context,,false,3,Does not answer the question,
d427872a-c077-4950-8c04-708a346272fb,2026-04-02 03:56:05,ec827cb2-25af-4655-aa34-c375fdad6373,True based on the passage,,true,1,Correct interpretation,
d432ccc4-6ced-451a-8551-13d5470b4604,2026-04-02 03:56:05,1b10d7a6-c3f9-4334-8cb9-a6d60590d2a7,Related topic from audio,,false,3,Context related but not stated,
d43b8a43-b09b-4e0a-9fc0-74a8a0f49402,2026-04-02 03:56:05,d2c33180-bad9-4907-8166-4fb6b80eb299,Different part of speech,,false,3,Noun instead of verb,
d47feccf-a254-4416-bcf5-89c51ffcf20f,2026-04-02 03:56:05,ef206911-6154-4d9c-bd21-ceaf8b501f8e,Wrong verb tense,,false,2,"Same word, wrong form",
d48615f6-6bd5-4939-a464-d93c2225f290,2026-04-02 03:56:05,66be583b-50fc-4cda-b18a-15baf033be62,English word translation,,true,1,Direct meaning from English,
d487b176-46d4-4767-b844-1da279dc765f,2026-04-02 03:56:05,628ae2ef-b74b-4570-9a9b-51f0c89eac5f,Completely different,,false,4,Unrelated option,
d4a0e470-9d92-409a-8400-18ed266bc6bf,2026-04-02 03:56:05,87875ef9-0a8d-4215-82b2-9f9eb1d70248,English word translation,,true,1,Direct meaning from English,
d4d98dd7-d07e-451c-998b-8d2398b6c4a0,2026-04-02 03:56:05,7b1ec85e-f9cd-4ffe-b342-876a69cb67b7,Completely different sentence,,false,4,Wrong transcription,
d53ce66c-9c9c-46ba-adc7-f27d3398e9d9,2026-04-02 03:56:05,9dbe0146-573a-41b3-ad0f-d7738e3d10a9,Item A: English phrase,,true,1,Matches Vietnamese translation,pair_A
d541326d-2b43-4338-a069-de8044c76c5a,2026-04-02 03:56:05,e75db2d5-2a7d-4cdd-b9ad-5a6d0e4e7706,Grammatically incorrect,,false,2,Unnatural phrasing,
d5634fe5-200e-4878-9722-334bd4af94c8,2026-04-02 03:56:05,bd323f38-0d71-423e-8097-8d0dbc177d58,Different part of speech,,false,3,Noun instead of verb,
d58ffea5-6b6f-4980-9d08-e98180ea9e0a,2026-04-02 03:56:05,df62eef3-95fe-49ff-b359-79b6c6e89e8d,Item A: English phrase,,true,1,Matches Vietnamese translation,pair_A
d5af8df1-a506-4749-96fa-8c83f631e1e4,2026-04-02 03:56:05,0afdeec2-07de-4afa-b73a-e0edd744b27e,Completely different sentence,,false,4,Wrong transcription,
d5b4400d-386c-4513-89ac-b07bb30aadfa,2026-04-02 03:56:05,a8ae0cf8-dc44-416b-9f60-1cb7b0511f82,Item B: English phrase,,true,2,Matches Vietnamese translation,pair_B
d5c5dfdd-ee4a-48cb-97aa-514cadca4b3b,2026-04-02 03:56:05,201171e8-9ae6-4729-b07f-5ec238c75a88,Completely different sentence,,false,4,Wrong transcription,
d5ca2066-3027-4e03-961a-fb43e9c44018,2026-04-02 03:56:05,64f68b36-3723-48af-b5d9-b666976017c9,Completely different sentence,,false,4,Wrong transcription,
d5d83560-e67f-428b-baf1-55d35d148fc5,2026-04-02 03:56:05,14aec51b-d7cb-4c89-a01f-3b69d5378dd8,English word translation,,true,1,Direct meaning from English,
d5ebc89f-71cf-48d0-a1f1-92f07122f443,2026-04-02 03:56:05,6fcf5c79-4ebc-4255-b539-214eab35998d,Similar sounding sentence,,false,3,Auditory similarity,
d5fe7329-8596-4034-9b75-6a815840f33f,2026-04-02 03:56:05,79ff49b1-0290-43aa-8877-e9aaf1a05a28,English word translation,,true,1,Direct meaning from English,
d600b46e-2277-4dd9-b6eb-4dbe680a7487,2026-04-02 03:56:05,b2f88a59-7344-4ceb-967a-5f9a41202712,True based on the passage,,true,1,Correct interpretation,
d60503b8-8a9a-403f-b275-d410d53f4a2c,2026-04-02 03:56:05,e9d0cdae-e31b-4a60-9a11-f1497c4ee18f,Wrong verb tense,,false,2,"Same word, wrong form",
d609e9cd-6998-43b5-83c9-66cd86650da1,2026-04-02 03:56:05,940cea10-db57-4288-b4a8-3522aa8d9305,Item C: English phrase,,true,3,Matches Vietnamese translation,pair_C
d640d352-b7fc-4501-8150-b343fbf38d62,2026-04-02 03:56:05,7f01c195-64b0-4d2e-99c6-65f444465667,Different part of speech,,false,3,Noun instead of verb,
d65801b9-f1c3-4696-bb2b-b22e3503b58e,2026-04-02 03:56:05,302a6cb1-6d46-43fe-8a32-453b63ef59f5,Wrong verb tense,,false,2,"Same word, wrong form",
d6586935-add0-475e-873e-806494e52035,2026-04-02 03:56:05,093ab0c7-08d3-4c3a-baae-95ce27bb3855,Item D: English phrase,,true,4,Matches Vietnamese translation,pair_D
d665b819-2559-4bef-9ea7-c17359b37702,2026-04-02 03:56:05,5abaa209-ba2d-409d-b355-943e8f239106,Wrong verb tense,,false,2,"Same word, wrong form",
d672e76f-afde-4569-8102-81c8bd685c51,2026-04-02 03:56:05,ec86125b-b6e8-448d-a2eb-f92858072f3d,Similar sounding sentence,,false,3,Auditory similarity,
d677dabc-d25f-4e55-9226-ed5bc639e0bb,2026-04-02 03:56:05,3454866f-5475-4c90-812e-bc60bf037c2c,Item B: English phrase,,true,2,Matches Vietnamese translation,pair_B
d69443f2-452f-4ee3-b8b3-652ad8e18dea,2026-04-02 03:56:05,73300be4-bd9d-45f0-adc3-90c30f4b1f7a,Natural and appropriate response,,true,1,Fits conversation flow,
d69c366c-8c74-4d2d-a2f5-0017b7e1a76a,2026-04-02 03:56:05,752550b4-0cbf-464b-9d87-0becfa881725,Sound-alike but wrong,,false,2,Phonetic confusion,
d69e5605-1c6b-4963-b1c2-ba250f49362a,2026-04-02 03:56:05,d6e55131-fd4e-41e0-8f0d-1eedce419eb4,Similar sounding sentence,,false,3,Auditory similarity,
d6e89e5a-0482-4456-b6c3-1074d5c52074,2026-04-02 03:56:05,acf9cdc9-03ff-4232-b4c2-74a832764942,The correct word to fill,,true,1,Proper grammar and meaning,
d6ea9cc5-9cbb-4e94-9ea1-a0650993e41b,2026-04-02 03:56:05,4a2fce9d-0105-4407-a8a9-32b6432c3db0,Opposite meaning,,false,4,Antonym for this context,
d6f5a807-2ebe-4a2a-8054-219aeb5d7ea6,2026-04-02 03:56:05,8a2dc33b-13e0-4a98-b7b0-668f57ca9d54,Grammatically incorrect,,false,2,Unnatural phrasing,
d7068c51-04c9-4d28-b013-ed679d3283e9,2026-04-02 03:56:05,84f0571a-c16f-48dd-b4a0-c0577320628a,Common beginner mistake,,false,4,Typical error,
d746ae8a-3900-4c54-ab99-f4498cf9c517,2026-04-02 03:56:05,30b29053-dd3c-4403-83f5-de2dce1ab271,Common beginner mistake,,false,4,Typical error,
d7542b13-9cb2-4c1b-89d4-c0f1f3f875ea,2026-04-02 03:56:05,2bb51f58-f3b9-4523-8413-7c7aafd2148b,Grammatically incorrect,,false,2,Unnatural phrasing,
d768181c-ccbd-447e-884b-81832046c0c0,2026-04-02 03:56:05,c397b18c-6526-46b9-a9db-426ec2c392ca,Partially true but incomplete,,false,4,Half-correct answer,
d772e4fe-2c85-46f8-b831-895b3afaaa74,2026-04-02 03:56:05,67d92c32-1d0b-4a03-9a98-1cd06231b332,Has spelling error,,false,2,Homophone confusion,
d7736669-aae8-47d2-aeee-d1e1c1763336,2026-04-02 03:56:05,2066b4d2-5306-4c33-aa5d-7ba172bec155,Different part of speech,,false,3,Noun instead of verb,
d777182f-9e0f-44f8-b09a-1c291126725c,2026-04-02 03:56:05,2bb51f58-f3b9-4523-8413-7c7aafd2148b,Natural and appropriate response,,true,1,Fits conversation flow,
d77ebd43-be36-4047-b3ab-c02009e90c31,2026-04-02 03:56:05,b55960ae-a48a-44a4-87ed-e95a179acc36,Opposite of what was said,,false,3,Inverted meaning,
d78752f1-f051-46bd-b092-6b05e4bedc6a,2026-04-02 03:56:05,a6d97760-525b-4a4e-a152-d9ee2920e8cc,Partially true but incomplete,,false,4,Half-correct answer,
d7a749ae-9560-45f8-bcf4-c33ba528d7a0,2026-04-02 03:56:05,309e985c-6e1c-4cc2-874c-20bef68475e4,Common beginner mistake,,false,4,Typical error,
d7f2cb9b-34fa-4b59-825e-b0aefd6a53c0,2026-04-02 03:56:05,0b406886-6ec9-4dd5-b290-2a46e1994d2e,Different part of speech,,false,3,Noun instead of verb,
d80ce71d-9e88-4196-9615-2765d106ef8b,2026-04-02 03:56:05,d7d132be-51e0-400a-aa44-e0e58e4b48b9,Completely different sentence,,false,4,Wrong transcription,
d8340d3c-8001-4bc6-a058-7530ced32bcd,2026-04-02 03:56:05,aa746dac-8a45-4524-866b-2a2b6a460b0e,Wrong verb tense,,false,2,"Same word, wrong form",
d8356d48-1f41-4ffb-a9da-34d26139b6f1,2026-04-02 03:56:05,6012b2fb-3ca4-4bfe-a07d-cb8c30dfdb5b,Has spelling error,,false,2,Homophone confusion,
d8419635-aebd-4f20-ae21-0c1aeb8a4d12,2026-04-02 03:56:05,3c961845-df4d-49b0-b5d8-805fc05128d5,Similar sounding sentence,,false,3,Auditory similarity,
d852e80f-cfe0-4b01-956d-86ac8301b83c,2026-04-02 03:56:05,7830b6b0-4501-43af-8e5f-0098a06fc276,The correct word to fill,,true,1,Proper grammar and meaning,
d8725e84-4282-4c50-9843-32fd3dd00bd1,2026-04-02 03:56:05,3d3223e9-c75d-46fe-b467-4f13427a8417,Correct sentence from audio,,true,1,Exactly as spoken,
d87638c5-f958-44f6-b10f-ea2a54df4535,2026-04-02 03:56:05,5f3fc7fd-9150-467c-a6fd-2adce39e58b9,True based on the passage,,true,1,Correct interpretation,
d88781ed-ec11-41ff-a9a8-6037dda1f5a8,2026-04-02 03:56:05,54d36cea-7f89-43e2-b277-a1c0b4b30237,Completely different,,false,4,Unrelated option,
d8c195e0-2113-4788-b809-1ecb239526b6,2026-04-02 03:56:05,94c5919a-611e-4831-a5d0-21dbd1f27163,Impolite or rude tone,,false,4,Wrong register,
d8cb0169-07c8-4e5e-8e9f-25718478818b,2026-04-02 03:56:05,302a6cb1-6d46-43fe-8a32-453b63ef59f5,Different part of speech,,false,3,Noun instead of verb,
d90473cd-84cb-4d07-b8b4-c53c1c16323a,2026-04-02 03:56:05,1fabd10c-6077-495c-883c-d9a9647491fd,Opposite meaning,,false,4,Antonym for this context,
d90fb283-3f5c-4afb-b228-78833be036e7,2026-04-02 03:56:05,34224cc1-1072-458d-844b-f2a9b150fba3,Sound-alike but wrong,,false,2,Phonetic confusion,
d92547e1-3a0f-4bb0-aedd-bc3fb6a26daa,2026-04-02 03:56:05,caba2dcf-2df3-4d60-ad84-fef4d2a04039,English word translation,,true,1,Direct meaning from English,
d9329a79-3a5e-4e5d-8c60-92e77890cfcf,2026-04-02 03:56:05,2f893030-7961-4a6f-a582-c0eacd9164de,Different part of speech,,false,3,Noun instead of verb,
d965a1fa-431d-493a-8733-7dae55f34730,2026-04-02 03:56:05,0c23b82a-93d7-4f85-9617-0f2d06f8ae4f,Sound-alike but wrong,,false,2,Phonetic confusion,
d973fbbe-f0a6-4f2c-a43e-4625e0be52d5,2026-04-02 03:56:05,38792b6f-e973-4d10-aeed-adbc7589f1f7,Opposite of what was said,,false,3,Inverted meaning,
d98ca610-5c2e-4462-945b-725c8bf3a5c8,2026-04-02 03:56:05,d80adcc3-3441-469c-bcc2-a5f03996dec4,False: not mentioned in text,,false,2,Misunderstanding,
d98cebf6-27a9-485b-b0f9-ae588e8e0e77,2026-04-02 03:56:05,0afdeec2-07de-4afa-b73a-e0edd744b27e,Correct sentence from audio,,true,1,Exactly as spoken,
d9f2bb55-e615-4e74-af1d-22df638613b6,2026-04-02 03:56:05,8c2cb01b-b51b-4acd-864e-908dd91e21c3,Wrong verb tense,,false,2,"Same word, wrong form",
da18d43e-06f9-4b6d-9213-64c2e7f76baa,2026-04-02 03:56:05,d7d9241e-8902-481b-9c29-b1057227e264,Opposite meaning,,false,3,Antonym in Vietnamese,
da1a1e4b-84da-4c5f-b91e-e2bbfabc085d,2026-04-02 03:56:05,8b5aeb31-105c-4245-bca3-b3fdd07828b2,Misses the context,,false,3,Does not answer the question,
da1cf1f4-80c6-4525-a9f4-fb42849455f2,2026-04-02 03:56:05,91562f70-5cb6-4680-866f-f695b512e993,Item B: English phrase,,true,2,Matches Vietnamese translation,pair_B
da2de346-f571-4174-89d0-e150ada7871e,2026-04-02 03:56:05,ed44285b-b10d-4be6-b55a-ff7a7701be9f,English word translation,,true,1,Direct meaning from English,
da4d0755-a531-44bb-96d6-b48607b672df,2026-04-02 03:56:05,364bf793-4054-42aa-9bbc-52f893fd0191,English word translation,,true,1,Direct meaning from English,
da55811c-05ca-41c5-a231-7b0f7ac52865,2026-04-02 03:56:05,bb04b7e4-0451-41d8-a93f-76c0fc969562,The correct word to fill,,true,1,Proper grammar and meaning,
da6cf6cd-8791-4a22-bb98-e95fd9807c14,2026-04-02 03:56:05,8f204b71-7c67-4786-95e1-d6ab436d7520,Has spelling error,,false,2,Homophone confusion,
da79f306-2c3b-44a9-b2a3-15132665653c,2026-04-02 03:56:05,4e7ff9c9-a5d6-4852-9543-7fefae8761ae,Related topic from audio,,false,3,Context related but not stated,
da9ad9a4-00fb-4137-b244-1d830c435e10,2026-04-02 03:56:05,58cbc328-00e1-4602-b3b7-828cc0a585b4,Completely different sentence,,false,4,Wrong transcription,
daebc665-960d-4164-aa8f-920d60fcee35,2026-04-02 03:56:05,6f7a6ad0-ad9b-4c1b-a815-b3733c9ca14b,Wrong verb tense,,false,2,"Same word, wrong form",
dafd93b9-e639-4978-ae89-c42aab4295cb,2026-04-02 03:56:05,1a449cca-ece4-487a-b8ff-ec71f733bf09,Completely different sentence,,false,4,Wrong transcription,
db2eaa70-6356-4e09-be5b-ccaa41010b97,2026-04-02 03:56:05,61586d11-1e42-4981-afb0-3c02a0924b11,Item B: English phrase,,true,2,Matches Vietnamese translation,pair_B
db314365-e4c0-4a88-aaa8-a2012e0dd309,2026-04-02 03:56:05,7d4c182a-fc01-445d-b935-1bef091cc29e,Item B: English phrase,,true,2,Matches Vietnamese translation,pair_B
db37e39f-f30d-40ec-9577-442739340212,2026-04-02 03:56:05,cc391bbe-94a0-46f8-9587-e586137ac5b8,Related topic from audio,,false,3,Context related but not stated,
db3c5240-6d59-447a-8a23-5447428e2782,2026-04-02 03:56:05,8f426d31-122b-4f42-bc01-c8470ba0d3bb,True based on the passage,,true,1,Correct interpretation,
db3cf40e-ba53-42bc-a173-0793031d46ed,2026-04-02 03:56:05,89748f3d-0169-40fb-b497-83c0fb904704,Item A: English phrase,,true,1,Matches Vietnamese translation,pair_A
db42286f-8365-4408-be10-7e81e845f5be,2026-04-02 03:56:05,808929ef-66c6-4da2-99ae-67ad050bbd4b,Different part of speech,,false,3,Noun instead of verb,
db4d030d-185b-4c2a-8113-5522df9dc6a8,2026-04-02 03:56:05,d6e55131-fd4e-41e0-8f0d-1eedce419eb4,Has spelling error,,false,2,Homophone confusion,
db50e05a-33c2-4083-b4bc-6aa4997b04ec,2026-04-02 03:56:05,4d02a13b-09bb-42db-af7e-afaf45785e4c,Grammatically incorrect,,false,2,Unnatural phrasing,
db6393df-9201-49a5-93f3-49b8c1d9c0bb,2026-04-02 03:56:05,71c171dc-3163-43a8-9e2f-355b9a394c54,Item C: English phrase,,true,3,Matches Vietnamese translation,pair_C
db6a5682-ab93-4fa8-a7f8-95723117fb9c,2026-04-02 03:56:05,f635f2cc-b694-45dd-b953-c4b5edd9878f,Similar sounding sentence,,false,3,Auditory similarity,
db8734ad-7bc8-4152-9aed-959613d6cd5f,2026-04-02 03:56:05,bf8bf6fc-22c9-4fde-ab93-adb790c65843,Correct sentence from audio,,true,1,Exactly as spoken,
db9187b4-1cd5-4dc1-bf72-947a8e70c902,2026-04-02 03:56:05,d16ce3ed-21ab-4acf-b3d5-6f4963f4ea01,Item A: English phrase,,true,1,Matches Vietnamese translation,pair_A
db92e56f-b378-452a-a19a-9f1c7bf6d906,2026-04-02 03:56:05,18c1a9b5-6e31-4628-8004-0fc5f518e406,Item C: English phrase,,true,3,Matches Vietnamese translation,pair_C
dba1435d-e819-489e-925e-c4a221c2cde2,2026-04-02 03:56:05,a523f6c5-49d5-4188-b43a-8f7dca081fe7,Misses the context,,false,3,Does not answer the question,
dbca1b10-1444-462d-810c-ea0e649e5f2e,2026-04-02 03:56:05,a3e41dcd-5848-437d-932c-79f633bd9b53,Item D: English phrase,,true,4,Matches Vietnamese translation,pair_D
dbcd65de-be5b-47da-8438-069249284765,2026-04-02 03:56:05,6de14a74-ea36-4518-a1dd-633c6b72b475,Sounds similar but different,,false,2,Similar pronunciation,
dbd874d3-7065-44bf-96c7-6b08af5454c4,2026-04-02 03:56:05,184410ff-2a84-44c1-9489-d93a404c5208,Partially true but incomplete,,false,4,Half-correct answer,
dbe719bf-9bf1-4425-925f-4717b0f603a7,2026-04-02 03:56:05,df418b05-e2e8-4680-b571-7e5f25058c85,Item D: English phrase,,true,4,Matches Vietnamese translation,pair_D
dbfc660d-460a-461a-b886-641375bdc9eb,2026-04-02 03:56:05,45acc713-4b33-400f-afd6-6e7a3996688e,Item B: English phrase,,true,2,Matches Vietnamese translation,pair_B
dc0e501f-7f73-405c-987d-6ea48dd2cc17,2026-04-02 03:56:05,89748f3d-0169-40fb-b497-83c0fb904704,Item D: English phrase,,true,4,Matches Vietnamese translation,pair_D
dc111339-5638-478b-a40d-db0b2a278cf0,2026-04-02 03:56:05,71c171dc-3163-43a8-9e2f-355b9a394c54,Item A: English phrase,,true,1,Matches Vietnamese translation,pair_A
dc541ced-9255-44d2-be53-9607062fc2fc,2026-04-02 03:56:05,e746be04-324c-4e65-8559-c09bb289ba14,Sound-alike but wrong,,false,2,Phonetic confusion,
dc672ca4-3cd4-4edf-9200-758da91dfdbb,2026-04-02 03:56:05,628ae2ef-b74b-4570-9a9b-51f0c89eac5f,The speaker says this exactly,,true,1,Correct audio interpretation,
dca9f333-84c3-4cd9-831c-5abef9b630fb,2026-04-02 03:56:05,87348dec-7c73-4b9f-85e5-670eca669f0a,Has spelling error,,false,2,Homophone confusion,
dcad01d1-3842-489f-ada3-2cf2866b9820,2026-04-02 03:56:05,e2494242-a1c2-4aa8-affc-8f10c93b564e,Completely different sentence,,false,4,Wrong transcription,
dcb33da3-5824-46a2-8a98-a6a17587a3b8,2026-04-02 03:56:05,dfcffcc4-99d7-4fb7-9134-5d626a132287,True based on the passage,,true,1,Correct interpretation,
dcbb37bf-ae84-4b74-ac32-324dac07fc46,2026-04-02 03:56:05,55d2eb82-c7ac-40e5-b21c-a5259dacbb1c,Item D: English phrase,,true,4,Matches Vietnamese translation,pair_D
dd1efcea-4b34-4cd6-878e-38eea74a06d8,2026-04-02 03:56:05,6c734fa0-28cd-457f-81f9-213e4ac8aa63,Opposite meaning,,false,4,Antonym for this context,
dd275d26-ae35-4238-ae3c-23468e6575f5,2026-04-02 03:56:05,5a5986d2-5123-4411-ac0b-11c280404eaa,Item C: English phrase,,true,3,Matches Vietnamese translation,pair_C
dd2a4fc5-d6d4-4cca-a5cf-281893939bf3,2026-04-02 03:56:05,f0b5724e-e351-489e-b8fe-9322bbe60c9a,Sound-alike but wrong,,false,2,Phonetic confusion,
dd307c3c-1af3-4eb4-8b3f-5f2e6cc7e704,2026-04-02 03:56:05,71af1b31-9294-4e51-9523-7d85b25040f3,Misses the context,,false,3,Does not answer the question,
dd38d0eb-661d-47fa-aa1d-a432748f7d08,2026-04-02 03:56:05,e33f5ba7-8613-4727-8017-c6b9eb68baf2,Natural and appropriate response,,true,1,Fits conversation flow,
dd3ec4ca-3a5e-4917-8804-f635aa36c031,2026-04-02 03:56:05,d441dda2-66b1-4207-9fdf-befcac3ed510,Misses the context,,false,3,Does not answer the question,
dd41729a-a7b0-4224-9f3b-ea34ef13c0cd,2026-04-02 03:56:05,ff3895c6-9a45-4b7e-93e3-f3a528ef7cd1,Impolite or rude tone,,false,4,Wrong register,
dd4b40ac-7b10-4972-a552-438b5810198c,2026-04-02 03:56:05,b829d068-60aa-4bd2-9485-88051039863a,Grammatically incorrect,,false,2,Unnatural phrasing,
dd51f850-83d0-4c8a-8155-eaa8a4d7828d,2026-04-02 03:56:05,2f62622c-9906-4955-a58b-0e4b39c4b8d1,Similar sounding sentence,,false,3,Auditory similarity,
dd6b1033-fc5d-48e9-8894-1a20ffd4b0b3,2026-04-02 03:56:05,21d8ee47-f240-484f-a571-f99bb8b64e9f,English word translation,,true,1,Direct meaning from English,
dd783d3c-d0a1-4857-b6dc-b9f8bac98d8a,2026-04-02 03:56:05,96f080de-5407-4686-b1bc-c4756b6d87ce,The correct word to fill,,true,1,Proper grammar and meaning,
dd7d470f-e80f-46ae-8cca-5cb358aac255,2026-04-02 03:56:05,45acc713-4b33-400f-afd6-6e7a3996688e,Item C: English phrase,,true,3,Matches Vietnamese translation,pair_C
dd86f0ba-26f6-4a6a-b135-cde4a2d39b2a,2026-04-02 03:56:05,28420bd6-ea07-4be4-a5d0-8da88e39c26f,Impolite or rude tone,,false,4,Wrong register,
ddd8ac04-02e6-4af8-ac58-ad28c0a23012,2026-04-02 03:56:05,6f695f5e-ceea-46cc-9e93-05803c8e6498,Opposite meaning,,false,4,Antonym for this context,
dddd6864-59dc-4263-8381-1ffdc039b9af,2026-04-02 03:56:05,d61e97fa-92b8-4157-a426-81f996272177,English word translation,,true,1,Direct meaning from English,
ddf99a92-ba9f-4a18-abd2-1d02a6baf3ea,2026-04-02 03:56:05,77120382-fbec-403f-b3d4-b8ff93ad4a02,Opposite meaning,,false,4,Antonym for this context,
de0ff2dc-e01d-4a1c-8dc2-9254bd5eab20,2026-04-02 03:56:05,facd9f28-bce7-4857-b9a8-5a978324da7c,English word translation,,true,1,Direct meaning from English,
de3ba408-ab97-4134-b20d-5e7edd5e546f,2026-04-02 03:56:05,27fdb2dd-0456-4a62-bdbd-ca828d92872f,Common beginner mistake,,false,4,Typical error,
de46f706-be72-4cd6-b81f-30d005994f92,2026-04-02 03:56:05,c142eb4d-c7e3-4c70-9b1d-6d1ca6e34ce1,Opposite of what was said,,false,3,Inverted meaning,
de610b27-f472-45be-8e15-32513f1b5aee,2026-04-02 03:56:05,e3b6c098-0378-45e0-92d3-2204b2790eef,Misses the context,,false,3,Does not answer the question,
de65fdbc-253e-4ba5-b957-f8b74529672b,2026-04-02 03:56:05,630281db-1a4f-46d5-ac68-a7d64a4fb506,Opposite meaning,,false,4,Antonym for this context,
de863f4e-3c8d-4d46-ae07-4df0edc8c436,2026-04-02 03:56:05,c94e1672-a66e-41f7-86e4-9ce013161b88,Different part of speech,,false,3,Noun instead of verb,
de907b07-f070-4994-8118-e7c0eff1eb15,2026-04-02 03:56:05,9ec55751-a649-492f-a271-972741db8412,Item C: English phrase,,true,3,Matches Vietnamese translation,pair_C
dea30a6d-32f9-41db-9f3f-60131f5c2b79,2026-04-02 03:56:05,aa0d2b17-ee05-4f64-be1c-5bfa409e2634,Opposite of what was said,,false,3,Inverted meaning,
deb336ef-3305-4d06-ab4c-483fec851a2c,2026-04-02 03:56:05,94b9c3cb-430b-4b0b-8f44-b556ac5a6062,Opposite of what was said,,false,3,Inverted meaning,
def8fb9c-ddf4-4b68-8074-80c4fce8bb60,2026-04-02 03:56:05,445c5dce-7af7-4946-9636-8cd2c5b00616,The correct word to fill,,true,1,Proper grammar and meaning,
df089dd6-fb74-4107-af50-44f9f0b522b5,2026-04-02 03:56:05,60599bd0-ac64-4e78-a0c7-cfba7c1dcdf6,Partially true but incomplete,,false,4,Half-correct answer,
df3ee9ba-98bf-422d-bbe1-9cf5dc103e60,2026-04-02 03:56:05,f79bf0c8-986f-40a4-9327-9bf80e7f8649,Similar sounding sentence,,false,3,Auditory similarity,
df5fe3a9-62e4-401b-a164-2e92534b1eef,2026-04-02 03:56:05,4dc0c1d2-5d88-45e5-a7f8-d2e9c4a0581b,Opposite meaning,,false,3,Antonym in Vietnamese,
df6b384e-16ec-4d28-a511-68bffee7817a,2026-04-02 03:56:05,842abd3f-6c92-476c-aba0-24f8159e4728,Common beginner mistake,,false,4,Typical error,
df755f6e-6576-451c-bc6f-62049f47cc3c,2026-04-02 03:56:05,41d18a08-bbf0-42a1-a8d5-016f7888fbbf,Natural and appropriate response,,true,1,Fits conversation flow,
df961b64-6b71-4120-aed4-4ac1ebccacac,2026-04-02 03:56:05,e2133f67-940f-4d2a-b37e-bf0eea9bfad7,Item D: English phrase,,true,4,Matches Vietnamese translation,pair_D
dfce6a72-9bbb-45a0-8281-53271ee6c96f,2026-04-02 03:56:05,752550b4-0cbf-464b-9d87-0becfa881725,Opposite meaning,,false,3,Antonym in Vietnamese,
dfd64cb4-d6b0-4268-8715-a6237c88abc5,2026-04-02 03:56:05,a6be97a8-c6b4-421e-8ca0-b82e58eed2d1,Opposite of what was said,,false,3,Inverted meaning,
e000e4a6-a655-40c0-89fd-cbf7e0f0cf26,2026-04-02 03:56:05,01fbec92-172c-4490-8889-5e2960ad347e,Opposite meaning,,false,4,Antonym for this context,
e00411d2-5d5c-4814-9ebc-0ae70ef652e9,2026-04-02 03:56:05,9bdab168-2f2c-4c20-aa28-0487a4978d67,True based on the passage,,true,1,Correct interpretation,
e00ba270-cd38-4037-81ac-3db156ec4591,2026-04-02 03:56:05,1dde571a-6f5a-4e5c-a857-9a9fe96d7e32,Item A: English phrase,,true,1,Matches Vietnamese translation,pair_A
e02c8603-9100-4e85-bdb1-ef4632a003de,2026-04-02 03:56:05,68e6489b-1127-4b57-b424-d809c2942da8,Similar sounding sentence,,false,3,Auditory similarity,
e034dd32-935a-4a32-a62b-7d365cac6b20,2026-04-02 03:56:05,a02afa38-00db-4362-880c-451a4ecf8a05,English word translation,,true,1,Direct meaning from English,
e036c52e-1041-4ddd-bc3e-5e75bce759f8,2026-04-02 03:56:05,75fd98f5-3434-4fcd-9da4-706545fb814c,True based on the passage,,true,1,Correct interpretation,
e0443f59-b4d8-404e-a80f-e55996da2b2b,2026-04-02 03:56:05,4d0e99e5-2a1a-408c-81d0-75003fbb57b6,Impolite or rude tone,,false,4,Wrong register,
e04fc706-ba62-4584-baf7-c15fe88d0ba2,2026-04-02 03:56:05,bc07dd89-9936-4b56-bd2e-8214f82598cb,Item A: English phrase,,true,1,Matches Vietnamese translation,pair_A
e068231e-ae22-406a-ba85-7d9ff8159154,2026-04-02 03:56:05,dbf59cdc-224d-4389-984a-3f8b3341f2f8,Partially true but incomplete,,false,4,Half-correct answer,
e06873a1-fbe3-41f2-a48d-0c71298686e6,2026-04-02 03:56:05,8f204b71-7c67-4786-95e1-d6ab436d7520,Completely different sentence,,false,4,Wrong transcription,
e072a1ef-0c43-452a-98fd-c8fae69a4f2c,2026-04-02 03:56:05,83eefeab-78c2-467b-8165-fd8d8b4f7e4d,Has spelling error,,false,2,Homophone confusion,
e07ed755-3376-401b-94a8-325fe071abef,2026-04-02 03:56:05,67a0465c-4174-4dda-815f-af5cd5f8c37a,Item C: English phrase,,true,3,Matches Vietnamese translation,pair_C
e08a54bb-36ce-4e68-8adc-20f6ad0ce4da,2026-04-02 03:56:05,287f430c-9b8b-4628-95fd-4c88bb36e740,Sounds similar but different,,false,2,Similar pronunciation,
e0cda81d-2df1-4b20-8205-33338d7f8aea,2026-04-02 03:56:05,70189253-b426-457d-90be-303c8ab22809,Item A: English phrase,,true,1,Matches Vietnamese translation,pair_A
e0e1faef-4b0a-4ea7-abcd-2d9d55d69cae,2026-04-02 03:56:05,a18a570f-31e6-48f6-b6c6-4619ba8c8d54,Item B: English phrase,,true,2,Matches Vietnamese translation,pair_B
e0e22f52-9c04-4df8-9ce0-889323b8f784,2026-04-02 03:56:05,501354c0-a8ca-4eef-b581-5b72180f32bb,Different part of speech,,false,3,Noun instead of verb,
e1369a99-3a7c-4924-be6e-3d43d628128a,2026-04-02 03:56:05,66be583b-50fc-4cda-b18a-15baf033be62,Sound-alike but wrong,,false,2,Phonetic confusion,
e18c1d3d-475c-46e7-b899-f705e2147158,2026-04-02 03:56:05,e3321363-741f-4e86-9198-f9ecd0fa66e1,Item A: English phrase,,true,1,Matches Vietnamese translation,pair_A
e190a519-a9ea-4b9e-b5e5-c46f717698fc,2026-04-02 03:56:05,6f7a6ad0-ad9b-4c1b-a815-b3733c9ca14b,Different part of speech,,false,3,Noun instead of verb,
e195733e-d454-4049-93c0-3e06d1e0a976,2026-04-02 03:56:05,d7d516bd-7bc9-4713-9ae2-cb9983a1177d,Item D: English phrase,,true,4,Matches Vietnamese translation,pair_D
e19a880f-803c-48fd-88ad-789ad2b71c3a,2026-04-02 03:56:05,1c3b1cd0-e758-45be-b5f1-2b7943f75c10,Completely different,,false,4,Unrelated option,
e1c5274e-c93d-47c7-9ec6-c2f43092664e,2026-04-02 03:56:05,6822d6a2-5b91-4bc6-ad94-26021833d158,Completely different sentence,,false,4,Wrong transcription,
e1e5d4c0-eaa1-4412-a1b6-853987ad74b0,2026-04-02 03:56:05,85aaa5b1-c8d0-4390-a131-ac794a27444f,Similar sounding sentence,,false,3,Auditory similarity,
e214d92d-ea80-4382-bdcd-cdd665ef0373,2026-04-02 03:56:05,f0acd749-6498-46c3-a8a4-05c393d38b4d,Completely different sentence,,false,4,Wrong transcription,
e21d85be-ba64-4c90-8b59-10eb010361d0,2026-04-02 03:56:05,b076e28b-9454-4617-bf20-de3fd960aead,Has spelling error,,false,2,Homophone confusion,
e22c8497-b020-4868-81fb-a4166f2fdc6c,2026-04-02 03:56:05,d906efbe-4248-47a9-990a-da2f2d910c2f,Related topic from audio,,false,3,Context related but not stated,
e2646de7-7d08-4119-a8c5-a1f91690ba8f,2026-04-02 03:56:05,d7d132be-51e0-400a-aa44-e0e58e4b48b9,Correct sentence from audio,,true,1,Exactly as spoken,
e265b9ae-df93-4dec-a561-f3c1e3eeba18,2026-04-02 03:56:05,628ae2ef-b74b-4570-9a9b-51f0c89eac5f,Related topic from audio,,false,3,Context related but not stated,
e2759570-5fbe-4ae3-a72a-a1c5cce6aaa2,2026-04-02 03:56:05,cc240c40-310c-46bc-b5ae-fd30b0bdb7c7,Common beginner mistake,,false,4,Typical error,
e2774ae3-c0c4-4415-a492-562544d99fb8,2026-04-02 03:56:05,8c5e8011-75e3-48d7-b7f5-7c6ea044d782,Has spelling error,,false,2,Homophone confusion,
e2822345-6b31-46b2-b8c5-bdd625dfa1d5,2026-04-02 03:56:05,d7d132be-51e0-400a-aa44-e0e58e4b48b9,Similar sounding sentence,,false,3,Auditory similarity,
e2cdd456-ccd0-403a-9e79-0d1d67f269ab,2026-04-02 03:56:05,8adc5188-d58a-4070-8112-c89245c181e7,Opposite of what was said,,false,3,Inverted meaning,
e2d7570b-0234-4f43-b537-ceb43999d663,2026-04-02 03:56:05,fb12ed4f-5d29-4c65-a37d-269437b70e91,Item C: English phrase,,true,3,Matches Vietnamese translation,pair_C
e2d81a51-f850-44d5-9a2a-e2601aa1a43d,2026-04-02 03:56:05,e2e78166-bd84-45e4-af8e-769e5d1a46a1,English word translation,,true,1,Direct meaning from English,
e2ff2ade-07d7-4612-b0ec-1649c9d46dc9,2026-04-02 03:56:05,d42783e2-2d62-4fcc-a5ba-971435af2996,True based on the passage,,true,1,Correct interpretation,
e30f2780-4821-4be1-bfa9-81b608fb56f6,2026-04-02 03:56:05,aae2843c-aef6-4833-916f-c0cea6fa3554,Impolite or rude tone,,false,4,Wrong register,
e3156113-a1de-4143-8569-43d899ed0bc0,2026-04-02 03:56:05,2f6e1539-8049-4dcc-9188-c50ed8013f3c,Different part of speech,,false,3,Noun instead of verb,
e361cd74-e053-45e3-8e9a-09ef184cb010,2026-04-02 03:56:05,2802dc27-6534-468c-a040-20794da407ca,Item A: English phrase,,true,1,Matches Vietnamese translation,pair_A
e36fcc64-f6fc-468e-83ac-8b3164aa3645,2026-04-02 03:56:05,abbd0994-5bf1-46b4-a9d7-c7be05ce475b,Related topic from audio,,false,3,Context related but not stated,
e371c2eb-4c22-40c9-a927-371b6d82bba0,2026-04-02 03:56:05,7e76023e-cbd1-40d4-88ce-c4b6fb2671d6,Natural and appropriate response,,true,1,Fits conversation flow,
e37943ae-de69-46c0-90d0-7f92a94829ac,2026-04-02 03:56:05,df60292b-85b7-41fd-8c30-2a2df62cb712,The correct word to fill,,true,1,Proper grammar and meaning,
e37a5009-c6c4-421c-84b8-282ef321bceb,2026-04-02 03:56:05,97fcc19c-d3b3-40af-933b-e4db377710aa,Correct sentence from audio,,true,1,Exactly as spoken,
e37c93d8-573a-4673-9902-c057030db7c5,2026-04-02 03:56:05,5a4104ef-0acb-4838-9b17-6f93933cf1e3,Item C: English phrase,,true,3,Matches Vietnamese translation,pair_C
e380859b-e4d8-4d0e-a11f-a5bde8499f5b,2026-04-02 03:56:05,06205a05-f926-4a4d-a4f2-a9ea7b8437c2,Different part of speech,,false,3,Noun instead of verb,
e3897686-3954-42fe-bde2-feb17d062f23,2026-04-02 03:56:05,835582ff-1c15-4212-b1a8-a29f48680283,Item A: English phrase,,true,1,Matches Vietnamese translation,pair_A
e3a72203-1220-4c22-a882-110a9d67ba72,2026-04-02 03:56:05,6b65b744-c0b7-4152-817b-8e6c18d64649,Correct sentence from audio,,true,1,Exactly as spoken,
e3a7f685-192b-486b-a2f5-92cb30fb24c0,2026-04-02 03:56:05,2802dc27-6534-468c-a040-20794da407ca,Item B: English phrase,,true,2,Matches Vietnamese translation,pair_B
e3b9eb0d-5aea-407a-bb81-da9ea2046020,2026-04-02 03:56:05,fbeafe9d-185b-4dd0-952e-1915aa0b69d3,Natural and appropriate response,,true,1,Fits conversation flow,
e41be56a-3301-48e0-81c9-87f5eb73a9e6,2026-04-02 03:56:05,94de28a2-c690-40af-a623-d65277d3417d,Completely different sentence,,false,4,Wrong transcription,
e42de7e8-b913-455f-9560-dd1ae3d43383,2026-04-02 03:56:05,7a20715e-f557-4361-94c8-0a67f4a42e19,True based on the passage,,true,1,Correct interpretation,
e46b07e1-9ec0-49c4-8e48-f3fdc99e0ff6,2026-04-02 03:56:05,33083951-353a-4071-bc3c-895d266cc8ee,False: not mentioned in text,,false,2,Misunderstanding,
e4b59f39-12b9-4dad-b51e-d1738cfadc7b,2026-04-02 03:56:05,fb1f00d0-426a-4d0a-8d3a-10089566b726,Impolite or rude tone,,false,4,Wrong register,
e4c51e33-6187-42ac-ad00-46706e48dc94,2026-04-02 03:56:05,c4c877a5-6081-42d7-915c-efdc9da30aee,Correct sentence from audio,,true,1,Exactly as spoken,
e4ca4503-07d2-4cfe-a126-a91d444a5412,2026-04-02 03:56:05,dca98b1a-d710-4717-836c-65ef044c029b,True based on the passage,,true,1,Correct interpretation,
e50824c5-288f-48d3-a8cd-b1f3df6a28d2,2026-04-02 03:56:05,dbd1f38f-99c6-4fb8-be52-0d1963abcfb5,Opposite of what was said,,false,3,Inverted meaning,
e5148514-3a10-4bc8-95a7-fdfff8eb228b,2026-04-02 03:56:05,00ac25de-d5a8-410b-8834-590a16aa5ab5,Similar sounding sentence,,false,3,Auditory similarity,
e530a1fa-4d66-4788-972d-91aacff5f7e0,2026-04-02 03:56:05,44f5ff3e-7d7e-4125-8997-c50582463810,The correct word to fill,,true,1,Proper grammar and meaning,
e53f4a0c-9c5a-496b-b934-fa71b536c430,2026-04-02 03:56:05,3a118e69-3772-4248-a8c2-c65b0216fb16,Partially true but incomplete,,false,4,Half-correct answer,
e5468729-0ccb-450f-95fa-85933a4b9078,2026-04-02 03:56:05,d0e0ffe1-298d-4d79-a449-7190a14c8869,Opposite of what was said,,false,3,Inverted meaning,
e548c799-59ac-4c7b-a593-5a4c68f30f5a,2026-04-02 03:56:05,5a34729f-500c-492b-9dd4-7849d0357f8f,Partially true but incomplete,,false,4,Half-correct answer,
e55f1a95-e16a-45b0-9e0e-f28d336556b7,2026-04-02 03:56:05,caba2dcf-2df3-4d60-ad84-fef4d2a04039,Common beginner mistake,,false,4,Typical error,
e56cd0b3-5d05-42f3-8f16-ef2842c9c080,2026-04-02 03:56:05,5cd1c10d-8c71-4459-b065-a1ffcc9cf6d7,English word translation,,true,1,Direct meaning from English,
e572e541-e55a-475a-b4e0-f30100195693,2026-04-02 03:56:05,1429ea84-98b5-4df4-8344-f963afc46403,Item D: English phrase,,true,4,Matches Vietnamese translation,pair_D
e5ac4e80-1571-44f5-b160-6f50babd8eda,2026-04-02 03:56:05,b30d2290-7aae-4c0d-8cf2-77a2c85d5c01,Related topic from audio,,false,3,Context related but not stated,
e5dce250-fda0-4ca0-9bb9-3fb2571ebba5,2026-04-02 03:56:05,faf47169-7749-4488-8084-aff4e2179b45,Natural and appropriate response,,true,1,Fits conversation flow,
e622db56-85d4-4055-ae41-9f6b7bcd6d21,2026-04-02 03:56:05,fcc13d1c-e234-4ba6-8158-2a57c632d72f,Different part of speech,,false,3,Noun instead of verb,
e64f06a4-ac18-4fb6-baf4-47860bf3207e,2026-04-02 03:56:05,c22462fd-eccc-466f-8f0d-ab715523e1a3,Impolite or rude tone,,false,4,Wrong register,
e654ce76-b61b-4c6e-a600-4a205d9788e7,2026-04-02 03:56:05,f48d2c06-a133-4ab0-946c-29ae4c16566e,Opposite meaning,,false,3,Antonym in Vietnamese,
e65e988c-84c3-4565-b675-5cc2ec463610,2026-04-02 03:56:05,3a118e69-3772-4248-a8c2-c65b0216fb16,Opposite of what was said,,false,3,Inverted meaning,
e67837d4-b628-4328-bf74-0f3e1cffd0bd,2026-04-02 03:56:05,4fa4ea9c-feb0-4fae-8816-b8cf4cfdbebb,Natural and appropriate response,,true,1,Fits conversation flow,
e68eeefe-7dd7-40c1-ad55-6eb9c53b0c84,2026-04-02 03:56:05,62200908-5d7a-4e14-8ab6-6b8a1395c171,Opposite meaning,,false,3,Antonym in Vietnamese,
e6910d81-eb95-4611-b270-36b0b858a896,2026-04-02 03:56:05,4a936e66-f910-42a2-8d39-8a26100dbfea,Item C: English phrase,,true,3,Matches Vietnamese translation,pair_C
e694abaa-be22-4c1f-9693-0f5de3ee3f2e,2026-04-02 03:56:05,aa70bc3c-766f-40d0-bf64-9198c05bec42,The speaker says this exactly,,true,1,Correct audio interpretation,
e69af620-7510-43fa-9626-41cfaf92a50e,2026-04-02 03:56:05,2f893030-7961-4a6f-a582-c0eacd9164de,Opposite meaning,,false,4,Antonym for this context,
e6ae01b2-9d6e-4837-a171-58c7224d90f9,2026-04-02 03:56:05,61b511cb-da74-42fe-ab3b-cdf3d023eff7,The speaker says this exactly,,true,1,Correct audio interpretation,
e6bc65dc-1eb7-4161-8ff0-715d75e95ade,2026-04-02 03:56:05,b2f88a59-7344-4ceb-967a-5f9a41202712,Opposite of what was said,,false,3,Inverted meaning,
e6d1a088-2bd5-49ed-9282-469921ad26d3,2026-04-02 03:56:05,b0ed9511-ab9a-47ba-9cab-e2060c82ab69,Opposite meaning,,false,4,Antonym for this context,
e6d485b8-9c73-46af-b262-85585156b5ef,2026-04-02 03:56:05,7b199290-82d7-4dda-9b1d-f01b82d1e28b,Sounds similar but different,,false,2,Similar pronunciation,
e6d8dbbc-bd6c-46cc-9233-a7ea5c339cbd,2026-04-02 03:56:05,a62ff6d3-38f4-49ea-85c5-e075d6e6fa67,Misses the context,,false,3,Does not answer the question,
e6e5cee9-c195-460d-9fb0-fdbb1c1c78f0,2026-04-02 03:56:05,8c84ca93-e604-4cb0-957b-4272acc6ddd9,Misses the context,,false,3,Does not answer the question,
e6fce164-a1dd-4bc4-bbe8-76f4a1f874b3,2026-04-02 03:56:05,e756f49a-c712-4138-b6a0-221c6bcb64c2,Grammatically incorrect,,false,2,Unnatural phrasing,
e7007c39-1265-48bf-99ab-b786750bfc75,2026-04-02 03:56:05,5726bfa9-efb0-430c-95ea-77b9681273cf,Similar sounding sentence,,false,3,Auditory similarity,
e70c1da5-9dba-47a2-9911-ac494076abaa,2026-04-02 03:56:05,f5de2f9e-26da-42c0-83dc-591c98f4e176,Completely different,,false,4,Unrelated option,
e71873f6-9d82-4ca5-93dd-d6644050cd05,2026-04-02 03:56:05,66d54ec8-e685-4b26-a539-dac6b7d9d649,Opposite meaning,,false,4,Antonym for this context,
e74c4c4d-24c6-4e74-ba39-cbdccaab2974,2026-04-02 03:56:05,e39a17f1-1672-4144-9af7-d4c9030737db,Item B: English phrase,,true,2,Matches Vietnamese translation,pair_B
e76244d8-def5-462a-92f9-9bfeaf7ad870,2026-04-02 03:56:05,0585fade-d57a-4151-bd52-57b7a5dd42f5,Partially true but incomplete,,false,4,Half-correct answer,
e7631dba-8b78-4d6e-9fa1-4443fc4e8510,2026-04-02 03:56:05,f4f2da44-8187-4377-96d6-39f6e2aad8e6,The correct word to fill,,true,1,Proper grammar and meaning,
e76c065e-f0a9-41ba-a48f-b357c9cd71d7,2026-04-02 03:56:05,94c5919a-611e-4831-a5d0-21dbd1f27163,Grammatically incorrect,,false,2,Unnatural phrasing,
e7772255-8d15-4fdb-8434-0160d1d9756e,2026-04-02 03:56:05,36cb1c3a-d63f-4c9c-b292-3f5df7ffde65,Item C: English phrase,,true,3,Matches Vietnamese translation,pair_C
e783306c-4a1d-4acf-b39e-588ed8673c09,2026-04-02 03:56:05,360698e6-67b3-447d-8c16-7bf56ab26743,Has spelling error,,false,2,Homophone confusion,
e78656ed-67c1-4006-8acc-4aa59e12da56,2026-04-02 03:56:05,d8803962-d58c-4859-86d8-5cd9ae5ac82c,Completely different sentence,,false,4,Wrong transcription,
e78f2258-005a-4f09-95f2-002abf000081,2026-04-02 03:56:05,7f01c195-64b0-4d2e-99c6-65f444465667,Opposite meaning,,false,4,Antonym for this context,
e7b07655-5513-42f0-a524-6380d0f98722,2026-04-02 03:56:05,c4c877a5-6081-42d7-915c-efdc9da30aee,Similar sounding sentence,,false,3,Auditory similarity,
e7b1f87d-6cca-4a6f-886d-9913378624ff,2026-04-02 03:56:05,0bc8a4f7-dbce-4628-a6a4-c9b4b82747b4,Item D: English phrase,,true,4,Matches Vietnamese translation,pair_D
e7c4a79f-8099-446d-92fb-acbfc05ae356,2026-04-02 03:56:05,41d18a08-bbf0-42a1-a8d5-016f7888fbbf,Misses the context,,false,3,Does not answer the question,
e7d5b0f0-3cce-4444-ab43-2912f2085ba8,2026-04-02 03:56:05,aa70bc3c-766f-40d0-bf64-9198c05bec42,Completely different,,false,4,Unrelated option,
e828d3d1-fe51-47e4-9445-61f3f89a0a94,2026-04-02 03:56:05,f5d6d63f-8729-4a73-a2c8-cdf8dc21ba93,True based on the passage,,true,1,Correct interpretation,
e85e0ed5-b6cc-41a6-bd2b-e6182330d5b3,2026-04-02 03:56:05,842abd3f-6c92-476c-aba0-24f8159e4728,Sound-alike but wrong,,false,2,Phonetic confusion,
e8c4a6bc-45e8-4f11-b4b1-c1fb91db2bb9,2026-04-02 03:56:05,a6be97a8-c6b4-421e-8ca0-b82e58eed2d1,Partially true but incomplete,,false,4,Half-correct answer,
e8d39376-206d-46cc-bf19-73429736968b,2026-04-02 03:56:05,08344a86-2d4e-4aba-a121-66e08a9374c6,Partially true but incomplete,,false,4,Half-correct answer,
e8d6323c-2228-4002-8df7-6a01af7608e3,2026-04-02 03:56:05,56fc0325-f707-47b2-b701-43976fe4158c,Completely different,,false,4,Unrelated option,
e8daed04-8f99-4345-8577-22633490ae18,2026-04-02 03:56:05,4e976b8e-ac10-4038-a0bd-e27fbf4723f6,Common beginner mistake,,false,4,Typical error,
e8fa39b3-c84f-4f2d-b37e-4476e51204a9,2026-04-02 03:56:05,8ccbc42a-52c5-4b55-9488-a0a38876f4cf,English word translation,,true,1,Direct meaning from English,
e9607b92-4f4e-45bf-bafd-405de22165bc,2026-04-02 03:56:05,dc5b4fcb-6a76-4b8b-86a1-6a2a0a6e4c66,Sounds similar but different,,false,2,Similar pronunciation,
e96cd4a7-0aed-43e5-8f06-af4ebec1d75d,2026-04-02 03:56:05,b6dc100f-3fa5-4e07-b415-4a489f2b89a9,Common beginner mistake,,false,4,Typical error,
e97b52a6-1de3-431d-a7c6-f2518bb13243,2026-04-02 03:56:05,e11f11a8-777a-4a19-b269-74039e312cc9,The correct word to fill,,true,1,Proper grammar and meaning,
e983f2ac-06a6-4516-942a-befd38ca3407,2026-04-02 03:56:05,ca4e4a78-428e-41db-bfd1-c70937b95f17,English word translation,,true,1,Direct meaning from English,
e98424ac-4c6c-4cfc-81e4-bffb5c34bcac,2026-04-02 03:56:05,cc391bbe-94a0-46f8-9587-e586137ac5b8,Sounds similar but different,,false,2,Similar pronunciation,
e98560b5-ddcb-411f-adf4-4ae69c8194f3,2026-04-02 03:56:05,0025725d-b492-4965-af11-75833c98e03d,Item D: English phrase,,true,4,Matches Vietnamese translation,pair_D
e9bf83ee-d15a-436a-9693-a5caf92fae63,2026-04-02 03:56:05,58c86342-df52-47e2-962a-4b283380bec3,Completely different sentence,,false,4,Wrong transcription,
e9e3dd31-c7e5-4963-8e11-dfd01b4e9efc,2026-04-02 03:56:05,151643e8-faa9-4a15-969e-b0a89429854d,Item C: English phrase,,true,3,Matches Vietnamese translation,pair_C
e9f23d90-49ab-4433-9d0d-92f9c5719856,2026-04-02 03:56:05,18cd5ff6-4900-40f8-9dbd-ddee63fabe52,Item D: English phrase,,true,4,Matches Vietnamese translation,pair_D
ea10f82c-22e2-4c17-a16c-ece14fb2feff,2026-04-02 03:56:05,8e478455-567c-4f0d-8023-49c0639853ab,Impolite or rude tone,,false,4,Wrong register,
ea4b3f01-4c15-4cf2-a696-f3cdea4b2d24,2026-04-02 03:56:05,69d6f345-5dd3-4272-8988-c30be9a2daf6,Natural and appropriate response,,true,1,Fits conversation flow,
ea4e726d-8a43-44c7-9c56-611dd0898fea,2026-04-02 03:56:05,b0b24549-1b28-491a-9bec-a8e8ecd2dc67,Grammatically incorrect,,false,2,Unnatural phrasing,
ea557cd9-2668-47f8-ae4c-3afb962a0fde,2026-04-02 03:56:05,e7e63666-b372-458b-9ef6-081ba65ec245,English word translation,,true,1,Direct meaning from English,
ea72d86c-1584-4ff5-84f8-c322498353c1,2026-04-02 03:56:05,9d21643b-c11a-4092-b37c-b9ede0fe90ab,Completely different sentence,,false,4,Wrong transcription,
ea82eda2-ccbd-455b-8d51-e37d6c186133,2026-04-02 03:56:05,c94e1672-a66e-41f7-86e4-9ce013161b88,Wrong verb tense,,false,2,"Same word, wrong form",
ea9749ae-6e9f-4575-911b-8ded7be9bbb8,2026-04-02 03:56:05,28c3a2db-d386-4bde-a7a0-7250fb30eb8e,Opposite of what was said,,false,3,Inverted meaning,
eaa04dba-3757-464d-afed-673d6d2b4191,2026-04-02 03:56:05,aaeca2f1-3476-40fa-a4f3-f4814835e555,The speaker says this exactly,,true,1,Correct audio interpretation,
eadcdd4a-e382-4433-a5d4-db15ba72c7a2,2026-04-02 03:56:05,5acb0728-e5b1-4557-94d5-6fa0763521ca,Wrong verb tense,,false,2,"Same word, wrong form",
eafb5e2d-f15a-43f2-b19a-77469905e091,2026-04-02 03:56:05,2c41f5f0-50b6-4afa-85ce-3294e9dd55c3,Item B: English phrase,,true,2,Matches Vietnamese translation,pair_B
eb15d4b7-f5e9-4b9f-bff0-001977e51c5c,2026-04-02 03:56:05,8c84ca93-e604-4cb0-957b-4272acc6ddd9,Natural and appropriate response,,true,1,Fits conversation flow,
eb227ad4-15d0-4c3b-8627-1e517a48214d,2026-04-02 03:56:05,835582ff-1c15-4212-b1a8-a29f48680283,Item B: English phrase,,true,2,Matches Vietnamese translation,pair_B
eb387c8e-96d0-4d19-b8ce-b456a6196572,2026-04-02 03:56:05,d476a76a-bd57-4948-8fc0-46647c1231d8,Misses the context,,false,3,Does not answer the question,
eb64ceae-9b1e-462e-abce-3b85df8d9cef,2026-04-02 03:56:05,a48ea40c-668b-4bcd-98ac-d86047d6755a,Natural and appropriate response,,true,1,Fits conversation flow,
eb6fc38b-8b57-43db-a931-885f81919378,2026-04-02 03:56:05,350b1821-43a2-4a1c-a158-7c1cb2b00496,Natural and appropriate response,,true,1,Fits conversation flow,
eb82dac9-ed3b-4010-b960-ddd5095511ff,2026-04-02 03:56:05,638a906b-03dd-4dc5-b24e-27a6ef982bee,Wrong verb tense,,false,2,"Same word, wrong form",
eb9339d3-3a50-4594-907c-685f33693294,2026-04-02 03:56:05,e4786943-ceba-454a-ae18-7990593f1517,Item A: English phrase,,true,1,Matches Vietnamese translation,pair_A
eba14ec5-a3c7-4586-8956-d0d5c52b7723,2026-04-02 03:56:05,d0b86c4c-4501-44ef-afd5-dd6aa5f44907,Different part of speech,,false,3,Noun instead of verb,
ebb94564-24fd-4443-8731-b3cafd3259c9,2026-04-02 03:56:05,b3bec1c4-320c-4780-8e2b-09815d04131f,Similar sounding sentence,,false,3,Auditory similarity,
ebe63c17-53dd-4eed-add3-43c4bac68f6c,2026-04-02 03:56:05,e4730f8e-a7a0-490f-8c83-03a6672673ed,Sounds similar but different,,false,2,Similar pronunciation,
ebf20de9-3134-4db1-b911-fe02832a9caf,2026-04-02 03:56:05,5baed125-cae7-4213-a34e-cc26d8cb1289,True based on the passage,,true,1,Correct interpretation,
ebf5c423-0a20-43c3-a83e-517ac7a80ec1,2026-04-02 03:56:05,e73d7a03-08db-49c7-9bad-1b42187ad768,The correct word to fill,,true,1,Proper grammar and meaning,
ec02306b-e887-41c2-b7ff-1bfda2ae8f3c,2026-04-02 03:56:05,201171e8-9ae6-4729-b07f-5ec238c75a88,Similar sounding sentence,,false,3,Auditory similarity,
ec429756-706d-443a-9b2e-5cb60b8d630c,2026-04-02 03:56:05,68e6489b-1127-4b57-b424-d809c2942da8,Completely different sentence,,false,4,Wrong transcription,
ec483bbc-215b-4dd4-a61e-fb2a4e450b2e,2026-04-02 03:56:05,9dbe0146-573a-41b3-ad0f-d7738e3d10a9,Item D: English phrase,,true,4,Matches Vietnamese translation,pair_D
ec6332c3-f3fc-4393-b8b7-3c0c0b42574a,2026-04-02 03:56:05,dd8de3be-8c81-4d3a-86dc-ba45e357cf5b,Grammatically incorrect,,false,2,Unnatural phrasing,
eca53559-74da-490b-bdb8-54ca563c19dd,2026-04-02 03:56:05,ce2d8e1a-2172-45c7-9607-60ae775468cb,Completely different,,false,4,Unrelated option,
ece34963-2ed0-4089-aa36-3e6f7da8fddc,2026-04-02 03:56:05,b77728d1-5cee-48da-950e-95151cfe1fe9,The correct word to fill,,true,1,Proper grammar and meaning,
ecfa091f-af21-4110-a933-093f444afe20,2026-04-02 03:56:05,3f1b6de5-7a95-4430-9a02-9eff76b3b5bd,Misses the context,,false,3,Does not answer the question,
ecfb2076-80be-441d-a3d4-5210103e94f7,2026-04-02 03:56:05,2cd62a9e-1c1e-4f16-b137-1f302539b7fa,Similar sounding sentence,,false,3,Auditory similarity,
ecfbb378-718a-46ab-b89b-418d7423de60,2026-04-02 03:56:05,6861d014-e835-4054-bee3-a11cc5e96fd0,Opposite of what was said,,false,3,Inverted meaning,
ed3a4ae3-ecb3-4332-8dd1-67a5f6591aee,2026-04-02 03:56:05,ec86125b-b6e8-448d-a2eb-f92858072f3d,Completely different sentence,,false,4,Wrong transcription,
ed5b3af3-15df-49d4-a66d-4d95ab4386dc,2026-04-02 03:56:05,957a716a-1dc4-4b3b-bd7d-16e44442e7bb,Grammatically incorrect,,false,2,Unnatural phrasing,
ed5f868d-e18c-487f-95f4-cdec6be4e1cd,2026-04-02 03:56:05,aa8d8455-9c8d-4ef5-a41a-c6c576cbe86b,Opposite meaning,,false,3,Antonym in Vietnamese,
ed6ed1e3-1678-45e1-a8ae-301227f866f0,2026-04-02 03:56:05,5a54a5d3-af2f-4fbc-a4a0-55b2c0115347,Natural and appropriate response,,true,1,Fits conversation flow,
ed71895a-e1e5-458b-ae1b-3a1f2ec878db,2026-04-02 03:56:05,8a61715e-132e-4423-a484-db7368db0c09,Opposite meaning,,false,4,Antonym for this context,
ed7b4d8d-fcaa-4b2a-9f79-4ae4c1411ec7,2026-04-02 03:56:05,9875ba57-cad2-47af-b797-7dbe7a3036f2,Correct sentence from audio,,true,1,Exactly as spoken,
edb0a066-3ef2-4cb7-9f77-87f55c00fd43,2026-04-02 03:56:05,d7d516bd-7bc9-4713-9ae2-cb9983a1177d,Item C: English phrase,,true,3,Matches Vietnamese translation,pair_C
edc71418-c369-4eab-ad8b-4f1f2a41b018,2026-04-02 03:56:05,93aa4510-de37-4d2f-9a23-779b135ea575,True based on the passage,,true,1,Correct interpretation,
edd9afbe-adf2-4fe5-9e8c-79ba709bcbbf,2026-04-02 03:56:05,1fd2eab3-b142-41fa-a6d1-66d0ab0a7fe1,Sound-alike but wrong,,false,2,Phonetic confusion,
ede7c60f-0d2e-4ede-9d68-220b7a87e4f3,2026-04-02 03:56:05,1d2b5da5-0327-41a0-a03f-a4ed9c9b4545,Correct sentence from audio,,true,1,Exactly as spoken,
ee03e9c6-d87a-4be9-a18a-88176fbc8c3e,2026-04-02 03:56:05,d8101e18-7f87-4850-b7ba-68511b919ba7,Sound-alike but wrong,,false,2,Phonetic confusion,
ee1452da-9b59-4d3c-97f9-11ae7faf7db8,2026-04-02 03:56:05,4be6f19f-398b-46c0-97f9-45490ca5b185,Opposite meaning,,false,4,Antonym for this context,
ee1bb532-ecb5-4741-8675-3dad8131cd95,2026-04-02 03:56:05,1112cba9-df8d-4a1a-ad2f-9b081fde3445,Completely different,,false,4,Unrelated option,
ee265d63-65eb-482e-921f-34a4ae17d33f,2026-04-02 03:56:05,5b18ee1a-eccd-4dda-9af6-7f3695154288,Similar sounding sentence,,false,3,Auditory similarity,
ee3e5068-2a1f-4b20-9075-0fec53b15692,2026-04-02 03:56:05,f4650434-372e-4acd-a65f-2bcb44cc9bf5,True based on the passage,,true,1,Correct interpretation,
ee58c2ca-ed76-40f1-9649-2935dc7d278e,2026-04-02 03:56:05,ab925747-5209-4eea-95dd-935216f2b233,Different part of speech,,false,3,Noun instead of verb,
ee601e50-3fcc-44f1-9655-efd7ff733eaf,2026-04-02 03:56:05,5f85a523-8a8d-4b05-9142-a139d2b48932,False: not mentioned in text,,false,2,Misunderstanding,
ee72cdf5-1a3b-401b-a496-5eb6db651c64,2026-04-02 03:56:05,d6e55131-fd4e-41e0-8f0d-1eedce419eb4,Correct sentence from audio,,true,1,Exactly as spoken,
eeb515a5-e128-486a-becc-5a42bc9218c2,2026-04-02 03:56:05,81727dec-a224-4df6-979f-b42692c4ad0e,Completely different,,false,4,Unrelated option,
eeb78d86-1445-4846-99c8-aab33ab90a33,2026-04-02 03:56:05,5b18ee1a-eccd-4dda-9af6-7f3695154288,Completely different sentence,,false,4,Wrong transcription,
eebadba2-a2ac-447c-93b6-0cfb99113914,2026-04-02 03:56:05,4c583517-bf9b-452b-b746-93bdaead6e61,Opposite meaning,,false,4,Antonym for this context,
eec1fa57-c585-4dfb-96d1-04751b66ad49,2026-04-02 03:56:05,3a118e69-3772-4248-a8c2-c65b0216fb16,True based on the passage,,true,1,Correct interpretation,
eec5a172-9b9f-4f73-9e72-4cc28ebe06ed,2026-04-02 03:56:05,8d9404d0-2f81-46ca-bace-ce15c993f5e9,Common beginner mistake,,false,4,Typical error,
ef629e85-f34f-43d6-816b-77db462cf447,2026-04-02 03:56:05,f3e747b8-972e-4f6b-9a97-1111b40b9a51,Similar sounding sentence,,false,3,Auditory similarity,
ef7bac3e-4bff-4ec2-a338-1081e4ec613f,2026-04-02 03:56:05,61b511cb-da74-42fe-ab3b-cdf3d023eff7,Sounds similar but different,,false,2,Similar pronunciation,
ef918b55-ccc5-46c4-858b-96f930a268e6,2026-04-02 03:56:05,e1cb8f2b-794f-455e-8923-de7381b77df6,Sound-alike but wrong,,false,2,Phonetic confusion,
efb12ff3-93a6-402c-a8c3-e649367c4709,2026-04-02 03:56:05,20350726-24b8-4117-99eb-cc9d5a2ec2fd,Item C: English phrase,,true,3,Matches Vietnamese translation,pair_C
efbe2489-1ee1-4aac-8c39-fa9b72504e70,2026-04-02 03:56:05,aabe9411-066c-4891-8685-a72abec05d87,Has spelling error,,false,2,Homophone confusion,
efc1e287-5c6c-4bcc-9e5e-372fe5a58f1b,2026-04-02 03:56:05,2907d8bd-fe4e-4461-81ae-81b121c2ca70,Has spelling error,,false,2,Homophone confusion,
efd251aa-4e4b-4309-8ae8-b6d4508675d0,2026-04-02 03:56:05,be57da9d-3632-4ed1-952a-ac44cc4ce5a2,True based on the passage,,true,1,Correct interpretation,
efdcaa50-148f-4ae3-8bf1-392c3985539c,2026-04-02 03:56:05,309e985c-6e1c-4cc2-874c-20bef68475e4,English word translation,,true,1,Direct meaning from English,
efdf8ab2-1005-4ae7-9503-dcfd138011ea,2026-04-02 03:56:05,a3e41dcd-5848-437d-932c-79f633bd9b53,Item B: English phrase,,true,2,Matches Vietnamese translation,pair_B
f010805f-9017-4342-aaed-18c6eb6e9f98,2026-04-02 03:56:05,a042d761-6a5b-49e3-ada2-ff1aee3dbfc1,Wrong verb tense,,false,2,"Same word, wrong form",
f02086fb-6842-4b85-8318-4e5dc1a37755,2026-04-02 03:56:05,ac9a682b-c385-414f-8769-69e39839a111,Sounds similar but different,,false,2,Similar pronunciation,
f051fc53-184c-495c-a901-f809b66a1d65,2026-04-02 03:56:05,aa8d8455-9c8d-4ef5-a41a-c6c576cbe86b,English word translation,,true,1,Direct meaning from English,
f0865697-0dd8-45b5-bd0a-74a4c7f4a519,2026-04-02 03:56:05,13260994-b514-41e8-a759-1ffc49bb1c87,English word translation,,true,1,Direct meaning from English,
f088402c-34d5-43c5-b3ea-0a76aa20652e,2026-04-02 03:56:05,f0a32686-bf96-47e7-a665-eebddd783f3a,Sounds similar but different,,false,2,Similar pronunciation,
f08f66b3-a8fc-4289-861f-9559d1c35a5a,2026-04-02 03:56:05,8c3f4e51-53c2-4f1b-b382-637cfe4ae468,Related topic from audio,,false,3,Context related but not stated,
f0a3572c-7b68-4b1d-80a4-02336b3bbe12,2026-04-02 03:56:05,5d010628-9fda-4582-abc8-6efd28029d05,The speaker says this exactly,,true,1,Correct audio interpretation,
f0a3957c-584b-4160-b1ab-97b141096dd2,2026-04-02 03:56:05,e608253c-3b27-4df4-88f3-6a7aaff3e72a,Opposite meaning,,false,3,Antonym in Vietnamese,
f0cc04e8-5da7-4a35-89fa-5521d45101d0,2026-04-02 03:56:05,2c41f5f0-50b6-4afa-85ce-3294e9dd55c3,Item C: English phrase,,true,3,Matches Vietnamese translation,pair_C
f0dc05d4-09e8-45aa-80ef-8b22cc968f9e,2026-04-02 03:56:05,0a7356a4-7d6a-499e-a3d8-c4d66852a22b,Natural and appropriate response,,true,1,Fits conversation flow,
f0f3b33d-094a-4d8d-afea-a71c9e2e3e1b,2026-04-02 03:56:05,4c583517-bf9b-452b-b746-93bdaead6e61,Different part of speech,,false,3,Noun instead of verb,
f112f5ad-6151-46d0-bb99-2736c2383f5c,2026-04-02 03:56:05,63e3f381-158f-4583-8c51-835fb2437640,Opposite meaning,,false,4,Antonym for this context,
f14a1ea0-1f4c-4724-93c2-f26d7e99c70c,2026-04-02 03:56:05,4c583517-bf9b-452b-b746-93bdaead6e61,The correct word to fill,,true,1,Proper grammar and meaning,
f14aa646-5698-4fd9-a37e-4dd8ec0bbec0,2026-04-02 03:56:05,79ff49b1-0290-43aa-8877-e9aaf1a05a28,Common beginner mistake,,false,4,Typical error,
f154b166-1b5e-4121-8e70-d065f2dcd941,2026-04-02 03:56:05,6ffa7b9e-0e2a-4836-afca-99e2174b876b,Opposite meaning,,false,3,Antonym in Vietnamese,
f15a01b3-161d-4183-9593-6bdbfa064e2d,2026-04-02 03:56:05,b8acff6b-dc2d-4e03-b946-e70614f9ae53,Sounds similar but different,,false,2,Similar pronunciation,
f16c92ed-2179-4634-be54-e38da84b5847,2026-04-02 03:56:05,e67078ec-d844-49a5-ae6a-0ec305b2d193,Item D: English phrase,,true,4,Matches Vietnamese translation,pair_D
f174a498-68cc-46b1-9c7e-38be891ddb17,2026-04-02 03:56:05,7f54c712-6a5a-4705-9d77-c7e39f72b2b9,Common beginner mistake,,false,4,Typical error,
f17df144-2d9d-4fca-9bfd-bd5c27b13696,2026-04-02 03:56:05,dc22c061-9411-433e-bd49-933e4445456f,Partially true but incomplete,,false,4,Half-correct answer,
f1a2f4cf-8ef5-4293-ae29-07509b54580d,2026-04-02 03:56:05,bc07dd89-9936-4b56-bd2e-8214f82598cb,Item C: English phrase,,true,3,Matches Vietnamese translation,pair_C
f1aa86bb-84df-46e3-8187-279bc82fd3de,2026-04-02 03:56:05,a6525863-0e8b-43e6-a136-676b5b4b5bf6,Correct sentence from audio,,true,1,Exactly as spoken,
f1afee7b-cd3c-44ab-bffc-969c6b0c78fa,2026-04-02 03:56:05,c90b7e32-0a39-4426-9001-4b6862858a12,False: not mentioned in text,,false,2,Misunderstanding,
f1b874a4-c52c-42c5-a64f-12fa5e58894f,2026-04-02 03:56:05,8f7dfc78-ae54-42c0-972c-18f5e2d9bcbb,Completely different sentence,,false,4,Wrong transcription,
f1dd9da0-79cb-43a0-8306-db4e1e21cf8f,2026-04-02 03:56:05,b695a46c-f91a-4620-8b9c-76a4e6007384,English word translation,,true,1,Direct meaning from English,
f1e795b7-1d6f-4d8b-8600-5a9c96ebb4dd,2026-04-02 03:56:05,3d9710a8-71d0-4ea8-8705-c2b9de4d8656,Item B: English phrase,,true,2,Matches Vietnamese translation,pair_B
f1fb71d0-9239-4a97-8240-20735f0a7675,2026-04-02 03:56:05,637e364c-e6f6-45cb-8625-dde2227daa6d,English word translation,,true,1,Direct meaning from English,
f202a30c-4029-4cae-9fc5-53339e9e63fc,2026-04-02 03:56:05,6e94c81e-155b-4192-be6c-0ba74077e9e7,Sounds similar but different,,false,2,Similar pronunciation,
f212d993-1e6b-4dc9-9ecd-f93cd1618a77,2026-04-02 03:56:05,4095ee4d-a907-4424-832f-182969c71646,True based on the passage,,true,1,Correct interpretation,
f21461e1-6e4a-48c3-b28a-284319b467d4,2026-04-02 03:56:05,454ff226-6de0-48b0-9473-1b22c0325bb1,Correct sentence from audio,,true,1,Exactly as spoken,
f2403f62-f7c2-4bda-8dbd-54804c83b88b,2026-04-02 03:56:05,e3321363-741f-4e86-9198-f9ecd0fa66e1,Item C: English phrase,,true,3,Matches Vietnamese translation,pair_C
f24d61cc-fbc3-4f4c-93b4-82e6c70a5844,2026-04-02 03:56:05,e756f49a-c712-4138-b6a0-221c6bcb64c2,Natural and appropriate response,,true,1,Fits conversation flow,
f25ab845-cc47-4287-82a7-dd6229f039e0,2026-04-02 03:56:05,3d3223e9-c75d-46fe-b467-4f13427a8417,Completely different sentence,,false,4,Wrong transcription,
f260af21-7d88-400f-8a4b-a4a5d5ebac1f,2026-04-02 03:56:05,df60292b-85b7-41fd-8c30-2a2df62cb712,Opposite meaning,,false,4,Antonym for this context,
f26de845-d2ab-4140-a660-cfd2390f64a3,2026-04-02 03:56:05,5e27f1a3-dd5e-4460-8dfc-ac9c6d785558,Item A: English phrase,,true,1,Matches Vietnamese translation,pair_A
f26dfd05-937d-4a3d-8330-1021b74ae525,2026-04-02 03:56:05,2d272a53-eb4d-4b7c-8924-0d1da01383f3,Sound-alike but wrong,,false,2,Phonetic confusion,
f285b5ac-1bad-46aa-aafe-839f556577bb,2026-04-02 03:56:05,5f3fc7fd-9150-467c-a6fd-2adce39e58b9,Partially true but incomplete,,false,4,Half-correct answer,
f286c423-ea12-4af6-a540-28733f4c2ed3,2026-04-02 03:56:05,efca68c0-d8f8-4727-97cb-3cb59eca430c,English word translation,,true,1,Direct meaning from English,
f2965f2b-e7fb-4103-9fa9-a3ca2d83fb05,2026-04-02 03:56:05,c183ef1f-783d-4809-bc99-bfb3b648879a,Sound-alike but wrong,,false,2,Phonetic confusion,
f2b3333d-b4c2-4ece-911a-66887c8c2cbe,2026-04-02 03:56:05,db041796-25cf-42e3-ab9f-9f1f01706c97,Sounds similar but different,,false,2,Similar pronunciation,
f2bd8b8a-91cf-4254-a20f-6a80ef438bee,2026-04-02 03:56:05,93aa4510-de37-4d2f-9a23-779b135ea575,Partially true but incomplete,,false,4,Half-correct answer,
f2c58ebe-bc68-46f0-865e-c37063ef4134,2026-04-02 03:56:05,8adc5188-d58a-4070-8112-c89245c181e7,False: not mentioned in text,,false,2,Misunderstanding,
f2db77df-c6af-45bd-81cc-4a64e1231320,2026-04-02 03:56:05,3964d087-0478-4df2-87ee-a9bd75b638ff,Sound-alike but wrong,,false,2,Phonetic confusion,
f2e01037-0d5f-4153-91d2-08da67c720ee,2026-04-02 03:56:05,deef6e16-552b-4a00-a6b9-dad233eb433d,The speaker says this exactly,,true,1,Correct audio interpretation,
f2e65a6e-4850-46c1-8016-24f72847935a,2026-04-02 03:56:05,7f8bb265-768d-478e-9e6d-a0bbd30b4f9c,Natural and appropriate response,,true,1,Fits conversation flow,
f2f05170-f2a3-49e7-a9f7-82d0ae02386a,2026-04-02 03:56:05,2cd62a9e-1c1e-4f16-b137-1f302539b7fa,Completely different sentence,,false,4,Wrong transcription,
f2f7d26e-e42e-4f23-b787-2fd2ca809433,2026-04-02 03:56:05,facd9f28-bce7-4857-b9a8-5a978324da7c,Sound-alike but wrong,,false,2,Phonetic confusion,
f3025cfb-8d46-46eb-931c-a9cc5c5131d4,2026-04-02 03:56:05,a9338447-83b7-4487-8901-b3c88c2f23f7,Correct sentence from audio,,true,1,Exactly as spoken,
f3282ecb-d482-4414-ab25-fe938a614545,2026-04-02 03:56:05,e67078ec-d844-49a5-ae6a-0ec305b2d193,Item C: English phrase,,true,3,Matches Vietnamese translation,pair_C
f3641a02-18f9-489d-87c8-a491f7f78223,2026-04-02 03:56:05,44e955be-ee6f-445d-872b-56e8c563170b,Item D: English phrase,,true,4,Matches Vietnamese translation,pair_D
f3977db7-beb0-4ba0-bfc1-8ccf8acad945,2026-04-02 03:56:05,a8efc791-34bd-41a3-8b04-c372a61315fb,Item D: English phrase,,true,4,Matches Vietnamese translation,pair_D
f39a8466-2258-4214-a351-cfa8ce5fcf59,2026-04-02 03:56:05,020e3ff8-836a-41c5-99a5-adf8bc5c883f,Grammatically incorrect,,false,2,Unnatural phrasing,
f39c322f-38ce-4e17-963a-28ff2d3a0336,2026-04-02 03:56:05,d0e0ffe1-298d-4d79-a449-7190a14c8869,True based on the passage,,true,1,Correct interpretation,
f3a0de1e-6ea4-4057-9900-672198a39a5c,2026-04-02 03:56:05,95b8c4b9-061d-46a8-9f14-1554a59107ac,Wrong verb tense,,false,2,"Same word, wrong form",
f3af5338-decd-4fcd-b990-292531bca895,2026-04-02 03:56:05,88944cfe-4b59-46ff-a066-5becf0afb9da,Misses the context,,false,3,Does not answer the question,
f3b298d2-5689-4f93-8d0e-271fe7553b55,2026-04-02 03:56:05,d6025e69-8750-499c-b937-160e319b3ab8,Item B: English phrase,,true,2,Matches Vietnamese translation,pair_B
f3f32c7d-10af-4a84-baf7-a3008c976573,2026-04-02 03:56:05,2f8570ff-139f-421c-b56e-041aa41dd668,Opposite meaning,,false,4,Antonym for this context,
f3f7ca70-de3b-4edf-bdda-6256047b1aef,2026-04-02 03:56:05,83e96e10-5511-455c-9cdf-647180bf1f25,Sound-alike but wrong,,false,2,Phonetic confusion,
f3fcf1b5-0b25-4a83-baa2-5a03dea6cec1,2026-04-02 03:56:05,5acb0728-e5b1-4557-94d5-6fa0763521ca,The correct word to fill,,true,1,Proper grammar and meaning,
f40e2d6e-b3f3-41b3-879f-453d13f579d1,2026-04-02 03:56:05,f1716aa4-c466-42cc-8c4e-1278b2c15bc7,Grammatically incorrect,,false,2,Unnatural phrasing,
f43ea50b-1b6f-46b5-9665-fcb91b035147,2026-04-02 03:56:05,aaeca2f1-3476-40fa-a4f3-f4814835e555,Related topic from audio,,false,3,Context related but not stated,
f45d9dd0-f29e-4fc8-b55b-b6a470dcf645,2026-04-02 03:56:05,1429ea84-98b5-4df4-8344-f963afc46403,Item A: English phrase,,true,1,Matches Vietnamese translation,pair_A
f46adb86-9c58-4789-a369-44159490f319,2026-04-02 03:56:05,aae2843c-aef6-4833-916f-c0cea6fa3554,Natural and appropriate response,,true,1,Fits conversation flow,
f48636e6-f487-4771-a8ab-ecaf3d93b439,2026-04-02 03:56:05,fd0feeda-6274-4322-ba91-658a071b40ef,Wrong verb tense,,false,2,"Same word, wrong form",
f48ee5e8-818b-4e35-9328-f481c8a49f96,2026-04-02 03:56:05,0c23b82a-93d7-4f85-9617-0f2d06f8ae4f,Opposite meaning,,false,3,Antonym in Vietnamese,
f4c2cee1-d180-42a7-bdd5-db81526957f9,2026-04-02 03:56:05,4dc0c1d2-5d88-45e5-a7f8-d2e9c4a0581b,Sound-alike but wrong,,false,2,Phonetic confusion,
f4d08285-327e-431f-a71b-afa6215cc9cd,2026-04-02 03:56:05,31299536-93a4-4a58-b2fe-a1a7f8125799,Similar sounding sentence,,false,3,Auditory similarity,
f4edb228-823c-463d-a19c-5196ae64be0e,2026-04-02 03:56:05,02b8a153-dcc6-4bb3-b7c7-df3733607cd4,Similar sounding sentence,,false,3,Auditory similarity,
f50395dd-ab78-444a-8deb-60f4900e4c45,2026-04-02 03:56:05,3fc90fd3-a2e4-456e-b9fd-73d3857c7a09,Related topic from audio,,false,3,Context related but not stated,
f51eed1b-79eb-4d30-a241-ed014dd32cb6,2026-04-02 03:56:05,364bf793-4054-42aa-9bbc-52f893fd0191,Opposite meaning,,false,3,Antonym in Vietnamese,
f531b147-e0e4-4fac-9d38-48278a4198e5,2026-04-02 03:56:05,d3bfc0ca-2665-4dc3-99dc-d2ea4a1a1f67,English word translation,,true,1,Direct meaning from English,
f539fa2f-1f97-4382-ba68-a8d922f9097e,2026-04-02 03:56:05,5a988c32-d406-4603-9e62-4dfbff6da0d7,The speaker says this exactly,,true,1,Correct audio interpretation,
f5595d1b-e168-49b8-84fa-8367957d6267,2026-04-02 03:56:05,5baed125-cae7-4213-a34e-cc26d8cb1289,False: not mentioned in text,,false,2,Misunderstanding,
f57338b6-2586-480e-81cb-d8d7bc6aae34,2026-04-02 03:56:05,2e2946bb-172d-461c-ac8c-8a24a2d01c2e,Natural and appropriate response,,true,1,Fits conversation flow,
f57357b5-aeec-4a64-a6d3-72af9ecb17e4,2026-04-02 03:56:05,6a6d8a84-98c4-4c05-9f92-27a8c4c73717,Opposite meaning,,false,3,Antonym in Vietnamese,
f57d9f31-03f1-4e70-b380-8660a7f33959,2026-04-02 03:56:05,940cea10-db57-4288-b4a8-3522aa8d9305,Item D: English phrase,,true,4,Matches Vietnamese translation,pair_D
f58947a8-5342-47e0-a4cb-30e2f85633df,2026-04-02 03:56:05,b74f3cfc-422c-4301-8b25-ae33653f679a,Opposite meaning,,false,4,Antonym for this context,
f5c38ec0-57b0-439a-91fc-2763f4277de4,2026-04-02 03:56:05,d6025e69-8750-499c-b937-160e319b3ab8,Item A: English phrase,,true,1,Matches Vietnamese translation,pair_A
f5ce0dc9-04f0-41e1-a334-5903a2d96b51,2026-04-02 03:56:05,b076e28b-9454-4617-bf20-de3fd960aead,Correct sentence from audio,,true,1,Exactly as spoken,
f5e076ea-0624-44a8-82db-6e078e12615d,2026-04-02 03:56:05,7824b933-bba4-4df5-b168-294a757d9a82,Sound-alike but wrong,,false,2,Phonetic confusion,
f5f1ced0-59a0-4ea4-916b-38a66efceeef,2026-04-02 03:56:05,234a5bab-40d9-4d8d-8562-d017491fe57c,The speaker says this exactly,,true,1,Correct audio interpretation,
f65ee08b-2254-42c7-a25e-2d106614c638,2026-04-02 03:56:05,b3745706-714b-4159-b896-7047f45e19b4,Item D: English phrase,,true,4,Matches Vietnamese translation,pair_D
f675f44c-ad09-42d8-baf1-bf5625eeb91d,2026-04-02 03:56:05,5afdedf3-f13f-4f75-ab43-2462f02d3953,Misses the context,,false,3,Does not answer the question,
f68f47f4-bc28-46f5-b944-652a453085e1,2026-04-02 03:56:05,4a7d9252-4483-467f-bcbc-83147d0c5a42,Impolite or rude tone,,false,4,Wrong register,
f6905568-7762-42fe-9059-2df54138ed2c,2026-04-02 03:56:05,a6d97760-525b-4a4e-a152-d9ee2920e8cc,Opposite of what was said,,false,3,Inverted meaning,
f692afa0-0ffa-4da4-97f6-b599f1b72139,2026-04-02 03:56:05,12d74268-6843-468d-9bbe-96d1f2cd6c85,Partially true but incomplete,,false,4,Half-correct answer,
f6a11a54-13b6-404e-8078-6ad6f4f2d502,2026-04-02 03:56:05,b076e28b-9454-4617-bf20-de3fd960aead,Completely different sentence,,false,4,Wrong transcription,
f6a580ab-9599-4315-a3be-d580b487cbb9,2026-04-02 03:56:05,b0ed9511-ab9a-47ba-9cab-e2060c82ab69,The correct word to fill,,true,1,Proper grammar and meaning,
f6ce7afb-dc0d-4c2a-a6f2-3abf5a4ce96d,2026-04-02 03:56:05,680db8b3-9fb5-4ee9-82dc-a74ed1da9918,Natural and appropriate response,,true,1,Fits conversation flow,
f6db16f1-7de4-4c4c-8537-33ebcb03664f,2026-04-02 03:56:05,71956462-98e9-45d9-bda7-e893530a720d,Related topic from audio,,false,3,Context related but not stated,
f6e37d3a-184d-4f29-8ac5-32119216576d,2026-04-02 03:56:05,698525e5-e9dd-4641-a7d1-d5130a402355,Correct sentence from audio,,true,1,Exactly as spoken,
f6e69bc5-8430-4093-8417-faae1af129ee,2026-04-02 03:56:05,6dce6674-081a-496b-805d-ab092ca083fa,Sounds similar but different,,false,2,Similar pronunciation,
f6f8df32-22a5-43fd-bc03-bbe52742b147,2026-04-02 03:56:05,1dfef252-0566-4bc8-8e1d-09e4d580b366,Misses the context,,false,3,Does not answer the question,
f7050730-dcf6-4c7e-88f6-4246d048f30a,2026-04-02 03:56:05,ccff1135-7a99-4697-b29d-172f13c1b6b2,Has spelling error,,false,2,Homophone confusion,
f72cd673-1911-466b-a14c-85d84d951959,2026-04-02 03:56:05,c3661cb6-88ca-42f5-aa72-ba73ee8c5101,The correct word to fill,,true,1,Proper grammar and meaning,
f7354b60-301e-4470-8e79-4411c96642ed,2026-04-02 03:56:05,67d92c32-1d0b-4a03-9a98-1cd06231b332,Completely different sentence,,false,4,Wrong transcription,
f74c7e31-ab8f-44c2-814a-ee119ac99110,2026-04-02 03:56:05,f5966205-3c8e-4cda-8813-ef585a84319d,The speaker says this exactly,,true,1,Correct audio interpretation,
f74ecf17-7f7f-44e3-b457-d4e5895bc461,2026-04-02 03:56:05,7b199290-82d7-4dda-9b1d-f01b82d1e28b,Completely different,,false,4,Unrelated option,
f78b79ed-b59d-41f3-a5c4-923964aa3626,2026-04-02 03:56:05,31c212d2-45ba-4b4f-ad05-06ba487fc2f3,Wrong verb tense,,false,2,"Same word, wrong form",
f7b0dd15-bf72-4203-aca5-b0d8c74a7e1d,2026-04-02 03:56:05,95c5ceee-c1c3-4f91-b845-37a69234bc7a,Opposite of what was said,,false,3,Inverted meaning,
f7b72cb9-14b6-4188-a13f-2866a8110723,2026-04-02 03:56:05,67a0465c-4174-4dda-815f-af5cd5f8c37a,Item D: English phrase,,true,4,Matches Vietnamese translation,pair_D
f7ca1cb2-9365-4e34-93f2-8acb86491e01,2026-04-02 03:56:05,20b4a378-33e1-4310-924e-bdd4523e5f19,Item A: English phrase,,true,1,Matches Vietnamese translation,pair_A
f7cc4db1-e82c-44e3-9a8e-09277bfde5c7,2026-04-02 03:56:05,18c1a9b5-6e31-4628-8004-0fc5f518e406,Item A: English phrase,,true,1,Matches Vietnamese translation,pair_A
f7e6c000-575e-44cf-8177-cc761c54133d,2026-04-02 03:56:05,ad215b43-6b46-4e68-9392-c118e423fc62,Wrong verb tense,,false,2,"Same word, wrong form",
f7ed1adc-37ac-4b41-b5f5-1c8e3c32b2b7,2026-04-02 03:56:05,85003893-2851-48ba-b260-597942cdfc45,Similar sounding sentence,,false,3,Auditory similarity,
f80838ed-d955-4afa-b598-c983d341c29a,2026-04-02 03:56:05,1dfd9136-2a71-4f6b-aee6-8eccff6e500d,Similar sounding sentence,,false,3,Auditory similarity,
f81559b8-b0be-4a32-a6d0-ea19d7f97195,2026-04-02 03:56:05,8d9404d0-2f81-46ca-bace-ce15c993f5e9,Opposite meaning,,false,3,Antonym in Vietnamese,
f86fa19b-cf0b-4972-8d5c-f2f2ab3ae0b7,2026-04-02 03:56:05,49a2112f-3a68-4927-b768-b103084acdb5,Has spelling error,,false,2,Homophone confusion,
f8721b86-58c4-4386-acfa-959ddc6ab090,2026-04-02 03:56:05,2f62622c-9906-4955-a58b-0e4b39c4b8d1,Correct sentence from audio,,true,1,Exactly as spoken,
f89d6a97-0d26-466a-a424-9b6effd89cb7,2026-04-02 03:56:05,7b1ec85e-f9cd-4ffe-b342-876a69cb67b7,Correct sentence from audio,,true,1,Exactly as spoken,
f8cb46fb-6d80-4303-9e16-702071ed6c2e,2026-04-02 03:56:05,54c69cef-5b19-4b7b-b17a-c6123685e233,English word translation,,true,1,Direct meaning from English,
f8e8a2ae-5d66-42a8-aa38-31ad5175d290,2026-04-02 03:56:05,b2fe96f2-6210-433a-beb0-fc827392f423,Item A: English phrase,,true,1,Matches Vietnamese translation,pair_A
f8f891d2-cfd6-48d0-b082-d177db881408,2026-04-02 03:56:05,e2133f67-940f-4d2a-b37e-bf0eea9bfad7,Item C: English phrase,,true,3,Matches Vietnamese translation,pair_C
f91b6d3d-57df-41ea-81cb-de56570ea528,2026-04-02 03:56:05,d476a76a-bd57-4948-8fc0-46647c1231d8,Grammatically incorrect,,false,2,Unnatural phrasing,
f92f67ff-5f8c-4cc5-9403-48e80c8e69f6,2026-04-02 03:56:05,c87c6b11-32d5-44a9-a585-9020e9ca9773,Has spelling error,,false,2,Homophone confusion,
f92fdd0d-b888-4d53-8f1f-abcd1f5d5531,2026-04-02 03:56:05,e4b3e453-7793-4d2b-a8fe-4353df8a59a5,Correct sentence from audio,,true,1,Exactly as spoken,
f9470227-d845-48bc-add8-01ad55398a97,2026-04-02 03:56:05,f89960c3-4d5b-4619-9d11-a6784781120c,Wrong verb tense,,false,2,"Same word, wrong form",
f9540a5c-6a34-4bd0-9789-fe1e9f51cdf3,2026-04-02 03:56:05,963f5a40-0d25-404e-9a1d-27c3595278c2,Opposite meaning,,false,3,Antonym in Vietnamese,
f960e425-fe03-46fa-92bc-de7b45b07f63,2026-04-02 03:56:05,1d186e38-18f1-40d8-a426-1947a1879c78,Item A: English phrase,,true,1,Matches Vietnamese translation,pair_A
f99d3664-830f-44e1-acc4-745851cbb619,2026-04-02 03:56:05,b455fbf9-929e-443b-803e-1b61d45aaf2f,True based on the passage,,true,1,Correct interpretation,
f9b36a22-2583-4f0d-b2c3-5b5ba5a01d78,2026-04-02 03:56:05,3f9d6d52-774e-4f52-a2ad-f9730e290731,Grammatically incorrect,,false,2,Unnatural phrasing,
fa13e987-e62c-46a0-beb4-c94c88de26f8,2026-04-02 03:56:05,64fe6803-7767-4497-8606-427b86e45e53,The speaker says this exactly,,true,1,Correct audio interpretation,
fa146b81-dff4-4833-9352-4f045f4e98c9,2026-04-02 03:56:05,f4f2da44-8187-4377-96d6-39f6e2aad8e6,Opposite meaning,,false,4,Antonym for this context,
fa3dfb33-9a55-4ed4-aea5-d00880107e89,2026-04-02 03:56:05,d1207cb1-239f-489a-8f5a-100fbaafe139,Related topic from audio,,false,3,Context related but not stated,
fa4a3c1a-30ce-4778-acf6-e32c10aea66e,2026-04-02 03:56:05,5b3a10c1-4a00-4549-bf32-042cc8e096dd,Impolite or rude tone,,false,4,Wrong register,
fa4d99d6-2f54-4220-a69b-fff4dff2495b,2026-04-02 03:56:05,1dfef252-0566-4bc8-8e1d-09e4d580b366,Impolite or rude tone,,false,4,Wrong register,
fa62a063-da15-4511-a85e-f9692cf35460,2026-04-02 03:56:05,7735dfe8-95f7-4599-97f2-c6fea5fe8494,Partially true but incomplete,,false,4,Half-correct answer,
fa688c4e-fc25-4142-9fd5-9769b3c29a7e,2026-04-02 03:56:05,dfb54600-a0f4-4bee-b92b-e3a5ab12ca29,Completely different,,false,4,Unrelated option,
fa70a2da-4227-46fb-9110-eb65b3b677bf,2026-04-02 03:56:05,309e985c-6e1c-4cc2-874c-20bef68475e4,Opposite meaning,,false,3,Antonym in Vietnamese,
fa8e3c86-5db1-4a0d-a9b9-373492857c49,2026-04-02 03:56:05,87813904-668e-403f-9ba7-713c2f9c0b1f,Correct sentence from audio,,true,1,Exactly as spoken,
faba6344-3cdc-4e9b-9b3e-914b711b29a4,2026-04-02 03:56:05,9770035b-c66e-4710-b9e1-166e45ef924c,Item B: English phrase,,true,2,Matches Vietnamese translation,pair_B
facbf7e0-2b5b-4f40-bbd0-7d9cc1d1a464,2026-04-02 03:56:05,302a6cb1-6d46-43fe-8a32-453b63ef59f5,The correct word to fill,,true,1,Proper grammar and meaning,
fad5dabb-e039-4505-a755-73351cd4e25e,2026-04-02 03:56:05,e1c394d8-fe4d-4d96-8f91-649c2c550c6b,The correct word to fill,,true,1,Proper grammar and meaning,
fade9fea-4a32-4515-89db-e362a31f670f,2026-04-02 03:56:05,dd8de3be-8c81-4d3a-86dc-ba45e357cf5b,Misses the context,,false,3,Does not answer the question,
faf733ae-ec63-44f7-a7cf-d8c6d1a0a4d5,2026-04-02 03:56:05,31b2d3ea-e3c9-42b9-8ecd-f2b6e5ecbbe5,Completely different,,false,4,Unrelated option,
fb0edc84-0c2e-467a-829e-f17e3122c37b,2026-04-02 03:56:05,dde1cc30-e89f-4b07-a962-f1419cd581dc,Grammatically incorrect,,false,2,Unnatural phrasing,
fb21e492-ebd9-4540-b097-94eca29548e4,2026-04-02 03:56:05,c3661cb6-88ca-42f5-aa72-ba73ee8c5101,Opposite meaning,,false,4,Antonym for this context,
fb3af68a-458e-4746-bf23-95476aea08fa,2026-04-02 03:56:05,59707973-2144-46ba-b4dd-01080a3bf524,Different part of speech,,false,3,Noun instead of verb,
fb40dc6a-2940-4d1d-a45f-7ae8c615061e,2026-04-02 03:56:05,7fdfdad6-335c-4a09-8d0b-ca3b58fbc42d,Wrong verb tense,,false,2,"Same word, wrong form",
fb47ffc4-80e5-48cf-befe-a35b97aa8689,2026-04-02 03:56:05,91562f70-5cb6-4680-866f-f695b512e993,Item D: English phrase,,true,4,Matches Vietnamese translation,pair_D
fb5c4f4b-f9d1-45c5-9ed3-53332dfab26e,2026-04-02 03:56:05,63e3f381-158f-4583-8c51-835fb2437640,Different part of speech,,false,3,Noun instead of verb,
fb6a5fb7-7f52-4ea4-844c-619053850cd1,2026-04-02 03:56:05,fddc3bea-7ecb-4377-986a-e90138e14ded,Impolite or rude tone,,false,4,Wrong register,
fb6ba911-0406-4f87-96a9-1354781fc82f,2026-04-02 03:56:05,4d02a13b-09bb-42db-af7e-afaf45785e4c,Natural and appropriate response,,true,1,Fits conversation flow,
fb7daf72-52c5-405e-85bc-1212de5565f8,2026-04-02 03:56:05,e608253c-3b27-4df4-88f3-6a7aaff3e72a,English word translation,,true,1,Direct meaning from English,
fb858725-6889-4ac1-851f-226d5f8bcf93,2026-04-02 03:56:05,31dc2bfe-233a-42dc-ae15-203763c3e732,Sound-alike but wrong,,false,2,Phonetic confusion,
fb8598e1-f9b0-4c26-a282-bdfbee2064ad,2026-04-02 03:56:05,58b04fb5-1beb-480b-a3a4-aeedd7e61f94,Partially true but incomplete,,false,4,Half-correct answer,
fb93cc09-e2e1-4812-829d-10eb0d27a2ef,2026-04-02 03:56:05,cd3069c9-b8dc-4fed-9428-3cea46b9bb31,Has spelling error,,false,2,Homophone confusion,
fb94ddbe-f2ad-4b3b-95a6-ad2935ffec0e,2026-04-02 03:56:05,648a84ef-045c-402b-9c52-5d710a45aeab,Impolite or rude tone,,false,4,Wrong register,
fb992655-1412-43c5-bc16-7d844e48b6ae,2026-04-02 03:56:05,fcd54e88-d56e-4ee1-9703-7a99e5556d71,The speaker says this exactly,,true,1,Correct audio interpretation,
fbad9f0c-2e36-46ee-a204-d4d744084155,2026-04-02 03:56:05,e75db2d5-2a7d-4cdd-b9ad-5a6d0e4e7706,Natural and appropriate response,,true,1,Fits conversation flow,
fbb825e2-c34d-4e52-992f-fcc14bcdc189,2026-04-02 03:56:05,1ef656b6-2ffc-4d34-a8b8-9a05d5ae7489,Sounds similar but different,,false,2,Similar pronunciation,
fbcaa89a-5b20-4717-ae31-5b0936eb58b4,2026-04-02 03:56:05,8faa0cdd-5afc-4b90-b9e9-944474a81b8c,Sound-alike but wrong,,false,2,Phonetic confusion,
fbd2ab2c-047e-4347-ae29-f1b635d7e78e,2026-04-02 03:56:05,12d74268-6843-468d-9bbe-96d1f2cd6c85,Opposite of what was said,,false,3,Inverted meaning,
fbe79be7-f3f4-425d-be7e-2d6316c12644,2026-04-02 03:56:05,aabe9411-066c-4891-8685-a72abec05d87,Completely different sentence,,false,4,Wrong transcription,
fc441079-9c29-4c0d-8add-8bfe32d94190,2026-04-02 03:56:05,5494e1c2-ae52-443d-9907-61f68ddd1781,True based on the passage,,true,1,Correct interpretation,
fc662b66-9cb9-4e06-a0f5-3b448b07014e,2026-04-02 03:56:05,0686bc45-d2d2-4f3b-9dff-ef349b3b8174,Different part of speech,,false,3,Noun instead of verb,
fc8b5a07-b9b3-4139-9fd4-ba5255507561,2026-04-02 03:56:05,f89960c3-4d5b-4619-9d11-a6784781120c,Different part of speech,,false,3,Noun instead of verb,
fc99d92a-408d-4377-83ba-efad87bf70b0,2026-04-02 03:56:05,6b05ebb1-cf41-48cf-af5d-94b56e6266aa,Has spelling error,,false,2,Homophone confusion,
fcaa3fb1-8a0a-4483-a9d8-66962bdc2fde,2026-04-02 03:56:05,7d4079ac-40f6-477b-b149-2c923d63ab9e,Grammatically incorrect,,false,2,Unnatural phrasing,
fcac705d-aa19-4901-b1e2-8958f5fd479d,2026-04-02 03:56:05,caba2dcf-2df3-4d60-ad84-fef4d2a04039,Opposite meaning,,false,3,Antonym in Vietnamese,
fcc0d1a8-353e-433a-9e6b-d02f0bba313e,2026-04-02 03:56:05,5a54a5d3-af2f-4fbc-a4a0-55b2c0115347,Impolite or rude tone,,false,4,Wrong register,
fcd10be4-b501-47d0-be0f-64a18665b3a5,2026-04-02 03:56:05,f0acd749-6498-46c3-a8a4-05c393d38b4d,Correct sentence from audio,,true,1,Exactly as spoken,
fd05e8bf-f7c3-45ef-a31b-f1ec9b015733,2026-04-02 03:56:05,b0b24549-1b28-491a-9bec-a8e8ecd2dc67,Natural and appropriate response,,true,1,Fits conversation flow,
fd208964-63b0-4c4c-b217-5bdb2b119055,2026-04-02 03:56:05,a39f9eb8-8f47-4f19-8c14-2d5d7760b695,Partially true but incomplete,,false,4,Half-correct answer,
fd31d25e-5f18-41cc-9704-2c4c60f5c975,2026-04-02 03:56:05,342899b9-dc34-4f28-a79f-d956afdea771,Opposite meaning,,false,3,Antonym in Vietnamese,
fd595e2e-0910-49ed-a336-12c3918c78a1,2026-04-02 03:56:05,49a2112f-3a68-4927-b768-b103084acdb5,Similar sounding sentence,,false,3,Auditory similarity,
fd72ab36-b321-473a-8ce8-092044ac4713,2026-04-02 03:56:05,f631bf58-cfff-4671-b686-79a557522775,True based on the passage,,true,1,Correct interpretation,
fda968d7-894d-4ead-a0fa-2057768c5542,2026-04-02 03:56:05,bcf7da96-e3f7-4276-9e4a-3bab9c4fb9f3,Item B: English phrase,,true,2,Matches Vietnamese translation,pair_B
fddf5811-b216-4991-840b-7227e8cfb4e5,2026-04-02 03:56:05,f04fc449-6f17-4a79-8945-dc72803e0760,True based on the passage,,true,1,Correct interpretation,
fdede610-6f23-4ae3-972f-ce9973d3a33a,2026-04-02 03:56:05,20350726-24b8-4117-99eb-cc9d5a2ec2fd,Item A: English phrase,,true,1,Matches Vietnamese translation,pair_A
fe1aee95-4550-47d8-acd2-806b2cbbe177,2026-04-02 03:56:05,48b1d7ea-460c-41d7-a745-c703fa9bbada,Item D: English phrase,,true,4,Matches Vietnamese translation,pair_D
fe1bf776-4429-4760-89c5-11e9ce5739da,2026-04-02 03:56:05,4e34ce6e-b712-48a2-b1ec-3187ba26e793,Opposite of what was said,,false,3,Inverted meaning,
fe6565b3-b8da-4011-b085-a397e490550f,2026-04-02 03:56:05,3ce3471b-daaa-474f-be66-9a92d15b0235,Opposite meaning,,false,3,Antonym in Vietnamese,
fe65a3cd-a610-4405-aa9b-81a111cb863d,2026-04-02 03:56:05,dca98b1a-d710-4717-836c-65ef044c029b,Partially true but incomplete,,false,4,Half-correct answer,
fe86ca74-55c7-4443-b937-5c2e571c9fe8,2026-04-02 03:56:05,107441d2-747b-4ad5-b112-6c0fa7e266ba,Completely different sentence,,false,4,Wrong transcription,
fea6b989-75cc-4f92-b69b-098b3086de8e,2026-04-02 03:56:05,4a2fce9d-0105-4407-a8a9-32b6432c3db0,Different part of speech,,false,3,Noun instead of verb,
fecf36b3-1ece-47ab-8131-197e744836bb,2026-04-02 03:56:05,16ab4e3d-a923-40b1-b9cb-c9c5a2a7630f,Related topic from audio,,false,3,Context related but not stated,
fed014d0-1b5c-46e5-af27-ebb7da59e1b9,2026-04-02 03:56:05,67b71451-0311-4a1a-9731-095de6c3f023,Item A: English phrase,,true,1,Matches Vietnamese translation,pair_A
fedcd5f0-58c9-43e9-ad6c-d74b98d7fb73,2026-04-02 03:56:05,6d70cdd3-146f-4228-a242-14fd4663c850,Opposite meaning,,false,4,Antonym for this context,
feddf294-d4bc-4c67-b345-7cd86879312b,2026-04-02 03:56:05,15fc778c-3bfb-4386-a7e7-7600eb200468,Item A: English phrase,,true,1,Matches Vietnamese translation,pair_A
fef7f6d2-07f1-413a-bd57-193b74539ba5,2026-04-02 03:56:05,69d6f345-5dd3-4272-8988-c30be9a2daf6,Impolite or rude tone,,false,4,Wrong register,
ff008964-f55d-4e68-9660-fada8e75ce48,2026-04-02 03:56:05,bd25e020-63e6-4ade-9eb0-7f4a4628d24e,Impolite or rude tone,,false,4,Wrong register,
ff138aae-8c2d-4c19-b9e8-8c46e03c673f,2026-04-02 03:56:05,cd0e2e95-ad49-464c-a4cc-d08c196793f7,Misses the context,,false,3,Does not answer the question,
ff4c0b3b-8ad4-4610-936e-12c10e75ef44,2026-04-02 03:56:05,b3745706-714b-4159-b896-7047f45e19b4,Item B: English phrase,,true,2,Matches Vietnamese translation,pair_B
ff71d7db-776b-4d73-9e5e-0b800b32ff7a,2026-04-02 03:56:05,ff3895c6-9a45-4b7e-93e3-f3a528ef7cd1,Misses the context,,false,3,Does not answer the question,
ff72c2e2-cd44-4426-90d2-fe891a35e2cc,2026-04-02 03:56:05,8c3f4e51-53c2-4f1b-b382-637cfe4ae468,Sounds similar but different,,false,2,Similar pronunciation,
ff7e7850-b5fa-450b-824b-b819219c964b,2026-04-02 03:56:05,b8acff6b-dc2d-4e03-b946-e70614f9ae53,Completely different,,false,4,Unrelated option,
ff890a3d-1c5b-4682-84fb-a46af92cf7fe,2026-04-02 03:56:05,f5966205-3c8e-4cda-8813-ef585a84319d,Completely different,,false,4,Unrelated option,
ff9b3571-9181-44c7-98a2-de8f2f2ef512,2026-04-02 03:56:05,7e76023e-cbd1-40d4-88ce-c4b6fb2671d6,Misses the context,,false,3,Does not answer the question,
ffc5808b-d63f-4204-9143-35af4954c33c,2026-04-02 03:56:05,97c79115-c58a-49f8-ba24-475fdf9b708f,Opposite of what was said,,false,3,Inverted meaning,
ffce8326-c49a-4a99-9210-ad65005e2795,2026-04-02 03:56:05,fbf62921-058f-42b2-a5dd-5e395ebe2ab7,Has spelling error,,false,2,Homophone confusion,
ffe40e55-c3d8-4774-8764-c8a402bb3d20,2026-04-02 03:56:05,a80ca0b5-3eb8-4b37-aaa2-c4ff80b8cd7c,Impolite or rude tone,,false,4,Wrong register,